Rouse2016	clancheck_pass	227
Rouse2016	clancheck_pass	260
Rouse2016	clancheck_pass	256
Rouse2016	clancheck_pass	283
Rouse2016	clancheck_pass	214
Rouse2016	clancheck_pass	1006
Rouse2016	clancheck_pass	298
Rouse2016	clancheck_pass	343
Rouse2016	clancheck_pass	263
Rouse2016	clancheck_pass	401
Rouse2016	clancheck_pass	336
Rouse2016	clancheck_pass	201
Rouse2016	clancheck_pass	343
Rouse2016	clancheck_pass	642
Rouse2016	clancheck_pass	402
Rouse2016	clancheck_pass	465
Rouse2016	clancheck_pass	378
Rouse2016	clancheck_pass	249
Rouse2016	clancheck_pass	257
Rouse2016	clancheck_pass	547
Rouse2016	clancheck_pass	277
Rouse2016	clancheck_pass	320
Rouse2016	clancheck_pass	296
Rouse2016	clancheck_pass	246
Rouse2016	clancheck_pass	394
Rouse2016	clancheck_pass	372
Rouse2016	clancheck_pass	316
Rouse2016	clancheck_pass	262
Rouse2016	clancheck_pass	572
Rouse2016	clancheck_pass	321
Rouse2016	clancheck_pass	658
Rouse2016	clancheck_pass	322
Rouse2016	clancheck_pass	733
Rouse2016	clancheck_pass	242
Rouse2016	clancheck_pass	397
Rouse2016	clancheck_pass	731
Rouse2016	clancheck_pass	425
Rouse2016	clancheck_pass	287
Rouse2016	clancheck_pass	278
Rouse2016	clancheck_pass	387
Rouse2016	clancheck_pass	384
Rouse2016	clancheck_pass	289
Rouse2016	clancheck_pass	220
Rouse2016	clancheck_pass	366
Rouse2016	clancheck_pass	461
Rouse2016	clancheck_pass	353
Rouse2016	clancheck_pass	453
Rouse2016	clancheck_pass	686
Rouse2016	clancheck_pass	413
Rouse2016	clancheck_pass	198
Rouse2016	clancheck_pass	492
Rouse2016	clancheck_pass	210
Rouse2016	clancheck_pass	297
Rouse2016	clancheck_pass	259
Rouse2016	clancheck_pass	325
Rouse2016	clancheck_pass	839
Rouse2016	clancheck_pass	178
Rouse2016	clancheck_pass	288
Rouse2016	clancheck_pass	879
Rouse2016	clancheck_pass	288
Rouse2016	clancheck_pass	568
Rouse2016	clancheck_pass	266
Rouse2016	clancheck_pass	711
Rouse2016	clancheck_pass	297
Rouse2016	clancheck_pass	299
Rouse2016	clancheck_pass	717
Rouse2016	clancheck_pass	328
Rouse2016	clancheck_pass	337
Rouse2016	clancheck_pass	249
Rouse2016	clancheck_pass	326
Rouse2016	clancheck_fail	644
Rouse2016	clancheck_fail	685
Rouse2016	clancheck_fail	390
Rouse2016	clancheck_fail	567
Rouse2016	clancheck_fail	212
Rouse2016	clancheck_fail	356
Rouse2016	clancheck_fail	604
Rouse2016	clancheck_fail	217
Rouse2016	clancheck_fail	223
Rouse2016	clancheck_fail	400
Rouse2016	clancheck_fail	413
Rouse2016	clancheck_fail	353
Rouse2016	clancheck_fail	533
Rouse2016	clancheck_fail	253
Rouse2016	clancheck_fail	180
Rouse2016	clancheck_fail	309
Rouse2016	clancheck_fail	222
Rouse2016	clancheck_fail	526
Rouse2016	clancheck_fail	300
Rouse2016	clancheck_fail	324
Rouse2016	clancheck_fail	263
Rouse2016	clancheck_fail	296
Rouse2016	clancheck_fail	196
Rouse2016	clancheck_fail	373
Rouse2016	clancheck_fail	362
Rouse2016	clancheck_fail	282
Rouse2016	clancheck_fail	232
Rouse2016	clancheck_fail	407
Rouse2016	clancheck_fail	539
Rouse2016	clancheck_fail	309
Rouse2016	clancheck_fail	229
Rouse2016	clancheck_fail	525
Rouse2016	clancheck_fail	411
Rouse2016	clancheck_fail	356
Rouse2016	clancheck_fail	193
Rouse2016	clancheck_fail	353
Rouse2016	clancheck_fail	346
Rouse2016	clancheck_fail	330
Rouse2016	clancheck_fail	358
Rouse2016	clancheck_fail	204
Rouse2016	clancheck_fail	482
Rouse2016	clancheck_fail	234
Rouse2016	clancheck_fail	315
Rouse2016	clancheck_fail	218
Rouse2016	clancheck_fail	461
Rouse2016	clancheck_fail	407
Rouse2016	clancheck_fail	240
Rouse2016	clancheck_fail	405
Rouse2016	clancheck_fail	229
Rouse2016	clancheck_fail	237
Rouse2016	clancheck_fail	379
Rouse2016	clancheck_fail	507
Rouse2016	clancheck_fail	274
Rouse2016	clancheck_fail	212
Rouse2016	clancheck_fail	281
Rouse2016	clancheck_fail	285
Rouse2016	clancheck_fail	282
Rouse2016	clancheck_fail	246
Rouse2016	clancheck_fail	321
Rouse2016	clancheck_fail	464
Rouse2016	clancheck_fail	497
Rouse2016	clancheck_fail	185
Rouse2016	clancheck_fail	358
Rouse2016	clancheck_fail	269
Rouse2016	clancheck_fail	265
Rouse2016	clancheck_fail	303
Rouse2016	clancheck_fail	218
Rouse2016	clancheck_fail	177
Rouse2016	clancheck_fail	260
Rouse2016	clancheck_fail	158
Rouse2016	clancheck_fail	299
Rouse2016	clancheck_fail	239
Rouse2016	clancheck_fail	230
Rouse2016	clancheck_fail	542
Rouse2016	clancheck_fail	232
Rouse2016	clancheck_fail	557
Rouse2016	clancheck_fail	299
Rouse2016	clancheck_fail	205
Rouse2016	clancheck_fail	212
Rouse2016	clancheck_fail	170
Rouse2016	clancheck_fail	110
Rouse2016	clancheck_fail	837
Rouse2016	clancheck_fail	141
Rouse2016	clancheck_fail	280
Rouse2016	clancheck_fail	297
Rouse2016	clancheck_fail	396
Rouse2016	clancheck_fail	392
Rouse2016	clancheck_fail	318
Rouse2016	clancheck_fail	339
Rouse2016	clancheck_fail	363
Rouse2016	clancheck_fail	414
Rouse2016	clancheck_fail	295
Rouse2016	clancheck_fail	311
Rouse2016	clancheck_fail	253
Rouse2016	clancheck_fail	220
Rouse2016	clancheck_fail	280
Rouse2016	clancheck_fail	277
Rouse2016	clancheck_fail	413
Rouse2016	clancheck_fail	188
Rouse2016	clancheck_fail	370
Rouse2016	clancheck_fail	179
Rouse2016	clancheck_fail	317
Rouse2016	clancheck_fail	270
Rouse2016	clancheck_fail	304
Rouse2016	clancheck_fail	236
Rouse2016	clancheck_fail	305
Rouse2016	clancheck_fail	405
Rouse2016	clancheck_fail	393
Rouse2016	clancheck_fail	645
Rouse2016	clancheck_fail	513
Rouse2016	clancheck_fail	181
Rouse2016	clancheck_fail	205
Rouse2016	clancheck_fail	414
Rouse2016	clancheck_fail	294
Rouse2016	clancheck_fail	313
Rouse2016	clancheck_fail	406
Rouse2016	clancheck_fail	163
Rouse2016	clancheck_fail	339
Rouse2016	clancheck_fail	333
Rouse2016	clancheck_fail	299
Rouse2016	clancheck_fail	225
Rouse2016	clancheck_fail	229
Rouse2016	clancheck_fail	317
Rouse2016	clancheck_fail	129
Rouse2016	clancheck_fail	386
Rouse2016	clancheck_fail	267
Rouse2016	clancheck_fail	395
Rouse2016	clancheck_fail	487
Rouse2016	clancheck_fail	402
Rouse2016	clancheck_fail	345
Rouse2016	clancheck_fail	238
Rouse2016	clancheck_fail	376
Rouse2016	clancheck_fail	392
Rouse2016	clancheck_fail	376
Rouse2016	clancheck_fail	329
Rouse2016	clancheck_fail	219
Rouse2016	clancheck_fail	206
Rouse2016	clancheck_fail	387
Rouse2016	clancheck_fail	320
Rouse2016	clancheck_fail	378
Rouse2016	clancheck_fail	177
Rouse2016	clancheck_fail	297
Rouse2016	clancheck_fail	442
Rouse2016	clancheck_fail	399
Rouse2016	clancheck_fail	322
Rouse2016	clancheck_fail	304
Rouse2016	clancheck_fail	159
Rouse2016	clancheck_fail	189
Rouse2016	clancheck_fail	333
Rouse2016	clancheck_fail	184
Rouse2016	clancheck_fail	325
Rouse2016	clancheck_fail	184
Rouse2016	clancheck_fail	375
Rouse2016	clancheck_fail	412
Rouse2016	clancheck_fail	283
Rouse2016	clancheck_fail	149
Rouse2016	clancheck_fail	276
Rouse2016	clancheck_fail	311
Rouse2016	clancheck_fail	201
Rouse2016	clancheck_fail	266
Rouse2016	clancheck_fail	245
Rouse2016	clancheck_fail	295
Rouse2016	clancheck_fail	239
Rouse2016	clancheck_fail	168
Rouse2016	clancheck_fail	365
Rouse2016	clancheck_fail	290
Rouse2016	clancheck_fail	366
Rouse2016	clancheck_fail	282
Rouse2016	clancheck_fail	432
Rouse2016	clancheck_fail	258
Rouse2016	clancheck_fail	362
Rouse2016	clancheck_fail	283
Rouse2016	clancheck_fail	440
Rouse2016	clancheck_fail	392
Rouse2016	clancheck_fail	289
Rouse2016	clancheck_fail	273
Rouse2016	clancheck_fail	335
Rouse2016	clancheck_fail	360
Rouse2016	clancheck_fail	406
Rouse2016	clancheck_fail	293
Rouse2016	clancheck_fail	405
Rouse2016	clancheck_fail	409
Rouse2016	clancheck_fail	320
Rouse2016	clancheck_fail	351
Rouse2016	clancheck_fail	203
Rouse2016	clancheck_fail	177
Rouse2016	clancheck_fail	223
Rouse2016	clancheck_fail	212
Rouse2016	clancheck_fail	421
Rouse2016	clancheck_fail	413
Rouse2016	clancheck_fail	441
Rouse2016	clancheck_fail	373
Rouse2016	clancheck_fail	447
Rouse2016	clancheck_fail	287
Rouse2016	clancheck_fail	298
Rouse2016	clancheck_fail	336
Rouse2016	clancheck_fail	377
Rouse2016	clancheck_fail	671
Rouse2016	clancheck_fail	362
Rouse2016	clancheck_fail	368
Rouse2016	clancheck_fail	358
Rouse2016	clancheck_fail	323
Rouse2016	clancheck_fail	329
Rouse2016	clancheck_fail	221
Rouse2016	clancheck_fail	342
Rouse2016	clancheck_fail	361
Rouse2016	clancheck_fail	317
Rouse2016	clancheck_fail	245
Rouse2016	clancheck_fail	341
Rouse2016	clancheck_fail	219
Rouse2016	clancheck_fail	398
Rouse2016	clancheck_fail	213
Rouse2016	clancheck_fail	277
Rouse2016	clancheck_fail	173
Rouse2016	clancheck_fail	423
Rouse2016	clancheck_fail	356
Rouse2016	clancheck_fail	285
Rouse2016	clancheck_fail	295
Rouse2016	clancheck_fail	572
Rouse2016	clancheck_fail	297
Rouse2016	clancheck_fail	181
Rouse2016	clancheck_fail	189
Rouse2016	clancheck_fail	174
Rouse2016	clancheck_fail	399
Rouse2016	clancheck_fail	181
Rouse2016	clancheck_fail	632
Rouse2016	clancheck_fail	451
Rouse2016	clancheck_fail	267
Rouse2016	clancheck_fail	279
Rouse2016	clancheck_fail	339
Rouse2016	clancheck_fail	685
Rouse2016	clancheck_fail	244
Rouse2016	clancheck_fail	671
Rouse2016	clancheck_fail	248
Rouse2016	clancheck_fail	285
Rouse2016	clancheck_fail	213
Rouse2016	clancheck_fail	393
Rouse2016	clancheck_fail	314
Rouse2016	clancheck_fail	311
Rouse2016	clancheck_fail	491
Rouse2016	clancheck_fail	202
Rouse2016	clancheck_fail	302
Rouse2016	clancheck_fail	248
Rouse2016	clancheck_fail	227
Rouse2016	clancheck_fail	417
Rouse2016	clancheck_fail	289
Rouse2016	clancheck_fail	404
Rouse2016	clancheck_fail	215
Rouse2016	clancheck_fail	239
Rouse2016	clancheck_fail	459
Rouse2016	clancheck_fail	287
Rouse2016	clancheck_fail	260
Rouse2016	clancheck_fail	278
Rouse2016	clancheck_fail	241
Rouse2016	clancheck_fail	262
Rouse2016	clancheck_fail	280
Rouse2016	clancheck_fail	340
Rouse2016	clancheck_fail	373
Rouse2016	clancheck_fail	551
Rouse2016	clancheck_fail	589
Rouse2016	clancheck_fail	284
Rouse2016	clancheck_fail	302
Rouse2016	clancheck_fail	299
Rouse2016	clancheck_fail	292
Rouse2016	clancheck_fail	443
Rouse2016	clancheck_fail	266
Rouse2016	clancheck_fail	341
Rouse2016	clancheck_fail	351
Rouse2016	clancheck_fail	378
Rouse2016	clancheck_fail	323
Rouse2016	clancheck_fail	285
Rouse2016	clancheck_fail	201
Rouse2016	clancheck_fail	368
Rouse2016	clancheck_fail	462
Rouse2016	clancheck_fail	587
Rouse2016	clancheck_fail	331
Rouse2016	clancheck_fail	239
Rouse2016	clancheck_fail	293
Rouse2016	clancheck_fail	195
Rouse2016	clancheck_fail	289
Rouse2016	clancheck_fail	275
Rouse2016	clancheck_fail	323
Rouse2016	clancheck_fail	358
Rouse2016	clancheck_fail	246
Rouse2016	clancheck_fail	177
Rouse2016	clancheck_fail	364
Rouse2016	clancheck_fail	468
Rouse2016	clancheck_fail	190
Rouse2016	clancheck_fail	226
Rouse2016	clancheck_fail	328
Rouse2016	clancheck_fail	152
Rouse2016	clancheck_fail	344
Rouse2016	clancheck_fail	259
Rouse2016	clancheck_fail	236
Rouse2016	clancheck_fail	151
Rouse2016	clancheck_fail	290
Rouse2016	clancheck_fail	311
Rouse2016	clancheck_fail	448
Rouse2016	clancheck_fail	318
Rouse2016	clancheck_fail	284
Rouse2016	clancheck_fail	514
Rouse2016	clancheck_fail	255
Rouse2016	clancheck_fail	406
Rouse2016	clancheck_fail	269
Rouse2016	clancheck_fail	213
Rouse2016	clancheck_fail	341
Rouse2016	clancheck_fail	423
Rouse2016	clancheck_fail	406
Rouse2016	clancheck_fail	271
Rouse2016	clancheck_fail	420
Rouse2016	clancheck_fail	214
Rouse2016	clancheck_fail	370
Rouse2016	clancheck_fail	271
Rouse2016	clancheck_fail	626
Rouse2016	clancheck_fail	152
Rouse2016	clancheck_fail	187
Rouse2016	clancheck_fail	493
Rouse2016	clancheck_fail	254
Rouse2016	clancheck_fail	311
Rouse2016	clancheck_fail	458
Rouse2016	clancheck_fail	348
Rouse2016	clancheck_fail	294
Rouse2016	clancheck_fail	339
Rouse2016	clancheck_fail	211
Rouse2016	clancheck_fail	403
Rouse2016	clancheck_fail	204
Rouse2016	clancheck_fail	196
Rouse2016	clancheck_fail	395
Rouse2016	clancheck_fail	204
Rouse2016	clancheck_fail	224
Rouse2016	clancheck_fail	356
Rouse2016	clancheck_fail	288
Rouse2016	clancheck_fail	237
Rouse2016	clancheck_fail	212
Rouse2016	clancheck_fail	308
Rouse2016	clancheck_fail	256
Rouse2016	clancheck_fail	280
Rouse2016	clancheck_fail	383
Rouse2016	clancheck_fail	302
Rouse2016	clancheck_fail	294
Rouse2016	clancheck_fail	366
Rouse2016	clancheck_fail	242
Rouse2016	clancheck_fail	418
Rouse2016	clancheck_fail	447
Rouse2016	clancheck_fail	294
Rouse2016	clancheck_fail	503
Rouse2016	clancheck_fail	377
Rouse2016	clancheck_fail	388
Rouse2016	clancheck_fail	346
Rouse2016	clancheck_fail	399
Rouse2016	clancheck_fail	202
Rouse2016	clancheck_fail	255
Rouse2016	clancheck_fail	377
Rouse2016	clancheck_fail	397
Rouse2016	clancheck_fail	235
Rouse2016	clancheck_fail	333
Rouse2016	clancheck_fail	365
Rouse2016	clancheck_fail	351
Rouse2016	clancheck_fail	210
Rouse2016	clancheck_fail	331
Rouse2016	clancheck_fail	177
Rouse2016	clancheck_fail	279
Rouse2016	clancheck_fail	260
Rouse2016	clancheck_fail	389
Rouse2016	clancheck_fail	298
Rouse2016	clancheck_fail	198
Rouse2016	clancheck_fail	220
Rouse2016	clancheck_fail	226
Rouse2016	clancheck_fail	304
Rouse2016	clancheck_fail	150
Rouse2016	clancheck_fail	369
Rouse2016	clancheck_fail	311
Rouse2016	clancheck_fail	318
Rouse2016	clancheck_fail	176
Rouse2016	clancheck_fail	368
Rouse2016	clancheck_fail	166
Rouse2016	clancheck_fail	290
Rouse2016	clancheck_fail	422
Rouse2016	clancheck_fail	358
Rouse2016	clancheck_fail	345
Rouse2016	clancheck_fail	646
Rouse2016	clancheck_fail	335
Rouse2016	clancheck_fail	231
Rouse2016	clancheck_fail	383
Rouse2016	clancheck_fail	384
Rouse2016	clancheck_fail	218
Rouse2016	clancheck_fail	253
Rouse2016	clancheck_fail	346
Rouse2016	clancheck_fail	297
Rouse2016	clancheck_fail	326
Rouse2016	clancheck_fail	471
Rouse2016	clancheck_fail	189
Rouse2016	clancheck_fail	721
Rouse2016	clancheck_fail	391
Rouse2016	clancheck_fail	336
Rouse2016	clancheck_fail	694
Rouse2016	clancheck_fail	397
Rouse2016	clancheck_fail	249
Rouse2016	clancheck_fail	184
Rouse2016	clancheck_fail	377
Rouse2016	clancheck_fail	574
Rouse2016	clancheck_fail	164
Rouse2016	clancheck_fail	471
Rouse2016	clancheck_fail	308
Rouse2016	clancheck_fail	347
Rouse2016	clancheck_fail	238
Rouse2016	clancheck_fail	403
Rouse2016	clancheck_fail	359
Rouse2016	clancheck_fail	430
Rouse2016	clancheck_fail	322
Rouse2016	clancheck_fail	1045
Rouse2016	clancheck_fail	243
Rouse2016	clancheck_fail	274
Rouse2016	clancheck_fail	374
Rouse2016	clancheck_fail	281
Rouse2016	clancheck_fail	265
Rouse2016	clancheck_fail	166
Rouse2016	clancheck_fail	147
Rouse2016	clancheck_fail	323
Rouse2016	clancheck_fail	369
Rouse2016	clancheck_fail	155
Rouse2016	clancheck_fail	299
Rouse2016	clancheck_fail	613
Rouse2016	clancheck_fail	251
Rouse2016	clancheck_fail	289
Rouse2016	clancheck_fail	574
Rouse2016	clancheck_fail	443
Rouse2016	clancheck_fail	283
Rouse2016	clancheck_fail	255
Rouse2016	clancheck_fail	378
Rouse2016	clancheck_fail	520
Rouse2016	clancheck_fail	284
Rouse2016	clancheck_fail	304
Rouse2016	clancheck_fail	316
Rouse2016	clancheck_fail	334
Rouse2016	clancheck_fail	352
Rouse2016	clancheck_fail	264
Rouse2016	clancheck_fail	150
Rouse2016	clancheck_fail	355
Rouse2016	clancheck_fail	363
Rouse2016	clancheck_fail	332
Rouse2016	clancheck_fail	814
Rouse2016	clancheck_fail	242
Rouse2016	clancheck_fail	403
Rouse2016	clancheck_fail	405
Rouse2016	clancheck_fail	515
Rouse2016	clancheck_fail	372
Rouse2016	clancheck_fail	380
Rouse2016	clancheck_fail	331
Rouse2016	clancheck_fail	262
Rouse2016	clancheck_fail	560
Rouse2016	clancheck_fail	144
Rouse2016	clancheck_fail	429
Rouse2016	clancheck_fail	446
Rouse2016	clancheck_fail	239
Rouse2016	clancheck_fail	154
Rouse2016	clancheck_fail	175
Rouse2016	clancheck_fail	359
Rouse2016	clancheck_fail	219
Rouse2016	clancheck_fail	267
Rouse2016	clancheck_fail	463
Rouse2016	clancheck_fail	286
Rouse2016	clancheck_fail	446
Rouse2016	clancheck_fail	827
Rouse2016	clancheck_fail	394
Rouse2016	clancheck_fail	296
Rouse2016	clancheck_fail	367
Rouse2016	clancheck_fail	271
Rouse2016	clancheck_fail	286
Rouse2016	clancheck_fail	262
Rouse2016	clancheck_fail	301
Rouse2016	clancheck_fail	371
Rouse2016	clancheck_fail	353
Rouse2016	clancheck_fail	203
Rouse2016	clancheck_fail	271
Rouse2016	clancheck_fail	378
Rouse2016	clancheck_fail	379
Rouse2016	clancheck_fail	546
Rouse2016	clancheck_fail	351
Rouse2016	clancheck_fail	428
Rouse2016	clancheck_fail	255
Rouse2016	clancheck_fail	300
Rouse2016	clancheck_fail	306
Rouse2016	clancheck_fail	634
Rouse2016	clancheck_fail	310
Rouse2016	clancheck_fail	344
Rouse2016	clancheck_fail	169
Rouse2016	clancheck_fail	459
Rouse2016	clancheck_fail	189
Rouse2016	clancheck_fail	275
Rouse2016	clancheck_fail	586
Rouse2016	clancheck_fail	250
Rouse2016	clancheck_fail	551
Rouse2016	clancheck_fail	484
Rouse2016	clancheck_fail	455
Rouse2016	clancheck_fail	735
Rouse2016	clancheck_fail	288
Rouse2016	clancheck_fail	691
Rouse2016	clancheck_fail	174
Rouse2016	clancheck_fail	337
Rouse2016	clancheck_fail	240
Rouse2016	clancheck_fail	381
Rouse2016	clancheck_fail	416
Rouse2016	clancheck_fail	306
Rouse2016	clancheck_fail	367
Rouse2016	clancheck_fail	305
Rouse2016	clancheck_fail	299
Rouse2016	clancheck_fail	228
Rouse2016	clancheck_fail	173
Rouse2016	clancheck_fail	426
Rouse2016	clancheck_fail	505
Rouse2016	clancheck_fail	226
Rouse2016	clancheck_fail	449
Rouse2016	clancheck_fail	293
Rouse2016	clancheck_fail	253
Rouse2016	clancheck_fail	416
Rouse2016	clancheck_fail	231
Rouse2016	clancheck_fail	323
Rouse2016	clancheck_fail	267
Rouse2016	clancheck_fail	163
Rouse2016	clancheck_fail	353
Rouse2016	clancheck_fail	239
Rouse2016	clancheck_fail	122
Rouse2016	clancheck_fail	230
Rouse2016	clancheck_fail	314
Rouse2016	clancheck_fail	286
Rouse2016	clancheck_fail	379
Rouse2016	clancheck_fail	592
Rouse2016	clancheck_fail	222
Rouse2016	clancheck_fail	579
Rouse2016	clancheck_fail	390
Rouse2016	clancheck_fail	357
Rouse2016	clancheck_fail	330
Rouse2016	clancheck_fail	386
Rouse2016	clancheck_fail	435
Rouse2016	clancheck_fail	273
Rouse2016	clancheck_fail	359
Rouse2016	clancheck_fail	204
Rouse2016	clancheck_fail	379
Rouse2016	clancheck_fail	754
Rouse2016	clancheck_fail	406
Rouse2016	clancheck_fail	118
Rouse2016	clancheck_fail	407
Rouse2016	clancheck_fail	286
Rouse2016	clancheck_fail	134
Rouse2016	clancheck_fail	718
Rouse2016	clancheck_fail	261
Rouse2016	clancheck_fail	442
Rouse2016	clancheck_fail	440
Rouse2016	clancheck_fail	252
Rouse2016	clancheck_fail	367
Rouse2016	clancheck_fail	731
Rouse2016	clancheck_fail	288
Rouse2016	clancheck_fail	296
Rouse2016	clancheck_fail	339
Rouse2016	clancheck_fail	466
Rouse2016	clancheck_fail	569
Rouse2016	clancheck_fail	306
Rouse2016	clancheck_fail	318
Rouse2016	clancheck_fail	321
Rouse2016	clancheck_fail	300
Rouse2016	clancheck_fail	230
Rouse2016	clancheck_fail	452
Rouse2016	clancheck_fail	225
Rouse2016	clancheck_fail	202
Rouse2016	clancheck_fail	394
Rouse2016	clancheck_fail	237
Rouse2016	clancheck_fail	500
Rouse2016	clancheck_fail	231
Rouse2016	clancheck_fail	222
Rouse2016	clancheck_fail	142
Rouse2016	clancheck_fail	292
Rouse2016	clancheck_fail	377
Rouse2016	clancheck_fail	437
Rouse2016	clancheck_fail	531
Rouse2016	clancheck_fail	254
Rouse2016	clancheck_fail	210
Rouse2016	clancheck_fail	232
Rouse2016	clancheck_fail	275
Rouse2016	clancheck_fail	178
Rouse2016	clancheck_fail	434
Rouse2016	clancheck_fail	335
Rouse2016	clancheck_fail	334
Rouse2016	clancheck_fail	199
Rouse2016	clancheck_fail	409
Rouse2016	clancheck_fail	334
Rouse2016	clancheck_fail	276
Rouse2016	clancheck_fail	228
Rouse2016	clancheck_fail	295
Rouse2016	clancheck_fail	326
Rouse2016	clancheck_fail	269
Rouse2016	clancheck_fail	299
Rouse2016	clancheck_fail	366
Rouse2016	clancheck_fail	261
Rouse2016	clancheck_fail	372
Rouse2016	clancheck_fail	631
Rouse2016	clancheck_fail	376
Rouse2016	clancheck_fail	496
Rouse2016	clancheck_fail	389
Rouse2016	clancheck_fail	248
Rouse2016	clancheck_fail	242
Rouse2016	clancheck_fail	529
Rouse2016	clancheck_fail	300
Rouse2016	clancheck_fail	185
Rouse2016	clancheck_fail	164
Rouse2016	clancheck_fail	171
Rouse2016	clancheck_fail	184
Rouse2016	clancheck_fail	292
Rouse2016	clancheck_fail	185
Rouse2016	clancheck_fail	696
Rouse2016	clancheck_fail	191
Rouse2016	clancheck_fail	522
Rouse2016	clancheck_fail	234
Rouse2016	clancheck_fail	213
Rouse2016	clancheck_fail	236
Rouse2016	clancheck_fail	154
Rouse2016	clancheck_fail	352
Rouse2016	clancheck_fail	330
Rouse2016	clancheck_fail	237
Rouse2016	clancheck_fail	169
Rouse2016	clancheck_fail	523
Rouse2016	clancheck_fail	307
Rouse2016	clancheck_fail	142
Rouse2016	clancheck_fail	201
Rouse2016	clancheck_fail	621
Rouse2016	clancheck_fail	318
Rouse2016	clancheck_fail	372
Rouse2016	clancheck_fail	245
Rouse2016	clancheck_fail	324
Rouse2016	clancheck_fail	313
Rouse2016	clancheck_fail	382
Rouse2016	clancheck_fail	406
Rouse2016	clancheck_fail	241
Rouse2016	clancheck_fail	494
Rouse2016	clancheck_fail	585
Rouse2016	clancheck_fail	366
Rouse2016	clancheck_fail	113
Rouse2016	clancheck_fail	365
Rouse2016	clancheck_fail	248
Rouse2016	clancheck_fail	712
Rouse2016	clancheck_fail	188
Rouse2016	clancheck_fail	178
Rouse2016	clancheck_fail	292
Rouse2016	clancheck_fail	284
Rouse2016	clancheck_fail	301
Rouse2016	clancheck_fail	478
Rouse2016	clancheck_fail	553
Rouse2016	clancheck_fail	310
Rouse2016	clancheck_fail	328
Rouse2016	clancheck_fail	264
Rouse2016	clancheck_fail	346
Rouse2016	clancheck_fail	176
Rouse2016	clancheck_fail	481
Rouse2016	clancheck_fail	320
Rouse2016	clancheck_fail	253
Rouse2016	clancheck_fail	385
Rouse2016	clancheck_fail	443
Rouse2016	clancheck_fail	286
Rouse2016	clancheck_fail	366
Rouse2016	clancheck_fail	131
Rouse2016	clancheck_fail	491
Rouse2016	clancheck_fail	262
Rouse2016	clancheck_fail	302
Rouse2016	clancheck_fail	289
Rouse2016	clancheck_fail	162
Rouse2016	clancheck_fail	272
Rouse2016	clancheck_fail	252
Rouse2016	clancheck_fail	344
Rouse2016	clancheck_fail	236
Rouse2016	clancheck_fail	243
Rouse2016	clancheck_fail	431
Rouse2016	clancheck_fail	185
Rouse2016	clancheck_fail	296
Rouse2016	clancheck_fail	222
Rouse2016	clancheck_fail	178
Rouse2016	clancheck_fail	190
Rouse2016	clancheck_fail	301
Rouse2016	clancheck_fail	482
Rouse2016	clancheck_fail	161
Rouse2016	clancheck_fail	248
Rouse2016	clancheck_fail	242
Rouse2016	clancheck_fail	315
Rouse2016	clancheck_fail	248
Rouse2016	clancheck_fail	268
Rouse2016	clancheck_fail	135
Rouse2016	clancheck_fail	452
Rouse2016	clancheck_fail	618
Rouse2016	clancheck_fail	283
Rouse2016	clancheck_fail	275
Rouse2016	clancheck_fail	294
Rouse2016	clancheck_fail	157
Rouse2016	clancheck_fail	622
Rouse2016	clancheck_fail	418
Rouse2016	clancheck_fail	188
Rouse2016	clancheck_fail	194
Rouse2016	clancheck_fail	315
Rouse2016	clancheck_fail	407
Rouse2016	clancheck_fail	269
Rouse2016	clancheck_fail	279
Rouse2016	clancheck_fail	369
Rouse2016	clancheck_fail	413
Rouse2016	clancheck_fail	294
Rouse2016	clancheck_fail	371
Rouse2016	clancheck_fail	386
Rouse2016	clancheck_fail	403
Rouse2016	clancheck_fail	334
Rouse2016	clancheck_fail	550
Rouse2016	clancheck_fail	315
Rouse2016	clancheck_fail	316
Rouse2016	clancheck_fail	211
Rouse2016	clancheck_fail	471
Rouse2016	clancheck_fail	291
Rouse2016	clancheck_fail	519
Rouse2016	clancheck_fail	474
Rouse2016	clancheck_fail	394
Rouse2016	clancheck_fail	221
Rouse2016	clancheck_fail	477
Rouse2016	clancheck_fail	197
Rouse2016	clancheck_fail	460
Rouse2016	clancheck_fail	332
Rouse2016	clancheck_fail	204
Rouse2016	clancheck_fail	903
Rouse2016	clancheck_fail	317
Rouse2016	clancheck_fail	169
Rouse2016	clancheck_fail	482
Rouse2016	clancheck_fail	400
Rouse2016	clancheck_fail	424
Rouse2016	clancheck_fail	290
Rouse2016	clancheck_fail	162
Rouse2016	clancheck_fail	340
Rouse2016	clancheck_fail	391
Rouse2016	clancheck_fail	576
Rouse2016	clancheck_fail	264
Rouse2016	clancheck_fail	311
Rouse2016	clancheck_fail	231
Rouse2016	clancheck_fail	237
Rouse2016	clancheck_fail	369
Rouse2016	clancheck_fail	185
Rouse2016	clancheck_fail	162
Rouse2016	clancheck_fail	324
Rouse2016	clancheck_fail	214
Rouse2016	clancheck_fail	467
Rouse2016	clancheck_fail	664
Rouse2016	clancheck_fail	382
Rouse2016	clancheck_fail	143
Rouse2016	clancheck_fail	176
Rouse2016	clancheck_fail	477
Rouse2016	clancheck_fail	327
Rouse2016	clancheck_fail	341
Rouse2016	clancheck_fail	236
Rouse2016	clancheck_fail	182
Rouse2016	clancheck_fail	334
Rouse2016	clancheck_fail	417
Rouse2016	clancheck_fail	291
Rouse2016	clancheck_fail	385
Rouse2016	clancheck_fail	232
Rouse2016	clancheck_fail	287
Rouse2016	clancheck_fail	934
Rouse2016	clancheck_fail	316
Rouse2016	clancheck_fail	339
Rouse2016	clancheck_fail	185
Rouse2016	clancheck_fail	372
Rouse2016	clancheck_fail	260
Rouse2016	clancheck_fail	358
Rouse2016	clancheck_fail	303
Rouse2016	clancheck_fail	506
Rouse2016	clancheck_fail	427
Rouse2016	clancheck_fail	254
Rouse2016	clancheck_fail	539
Rouse2016	clancheck_fail	367
Rouse2016	clancheck_fail	314
Rouse2016	clancheck_fail	338
Rouse2016	clancheck_fail	386
Rouse2016	clancheck_fail	257
Rouse2016	clancheck_fail	271
Rouse2016	clancheck_fail	304
Rouse2016	clancheck_fail	307
Rouse2016	clancheck_fail	294
Rouse2016	clancheck_fail	158
Rouse2016	clancheck_fail	216
Rouse2016	clancheck_fail	189
Rouse2016	clancheck_fail	709
Rouse2016	clancheck_fail	397
Rouse2016	clancheck_fail	340
Rouse2016	clancheck_fail	338
Rouse2016	clancheck_fail	442
Rouse2016	clancheck_fail	592
Rouse2016	clancheck_fail	241
Rouse2016	clancheck_fail	280
Rouse2016	clancheck_fail	534
Rouse2016	clancheck_fail	276
Rouse2016	clancheck_fail	306
Rouse2016	clancheck_fail	313
Rouse2016	clancheck_fail	353
Rouse2016	clancheck_fail	428
Rouse2016	clancheck_fail	239
Rouse2016	clancheck_fail	321
Rouse2016	clancheck_fail	793
Rouse2016	clancheck_fail	283
Rouse2016	clancheck_fail	262
Rouse2016	clancheck_fail	383
Rouse2016	clancheck_fail	407
Rouse2016	clancheck_fail	309
Rouse2016	clancheck_fail	267
Rouse2016	clancheck_fail	357
Rouse2016	clancheck_fail	363
Rouse2016	clancheck_fail	258
Rouse2016	clancheck_fail	345
Rouse2016	clancheck_fail	173
Rouse2016	clancheck_fail	453
Rouse2016	clancheck_fail	315
Rouse2016	clancheck_fail	396
Rouse2016	clancheck_fail	356
Rouse2016	clancheck_fail	544
Rouse2016	clancheck_fail	265
Rouse2016	clancheck_fail	298
Rouse2016	clancheck_fail	353
Rouse2016	clancheck_fail	413
Rouse2016	clancheck_fail	342
Rouse2016	clancheck_fail	382
Rouse2016	clancheck_fail	462
Rouse2016	clancheck_fail	143
Rouse2016	clancheck_fail	496
Rouse2016	clancheck_fail	207
Rouse2016	clancheck_fail	601
Rouse2016	clancheck_fail	364
Rouse2016	clancheck_fail	191
Rouse2016	clancheck_fail	303
Rouse2016	clancheck_fail	184
Rouse2016	clancheck_fail	325
Rouse2016	clancheck_fail	217
Rouse2016	clancheck_fail	353
Rouse2016	clancheck_fail	303
Rouse2016	clancheck_fail	303
Rouse2016	clancheck_fail	523
Rouse2016	clancheck_fail	283
Rouse2016	clancheck_fail	165
Rouse2016	clancheck_fail	169
Rouse2016	clancheck_fail	415
Rouse2016	clancheck_fail	235
Rouse2016	clancheck_fail	272
Rouse2016	clancheck_fail	275
Rouse2016	clancheck_fail	332
Rouse2016	clancheck_fail	381
Rouse2016	clancheck_fail	303
Rouse2016	clancheck_fail	224
Rouse2016	clancheck_fail	202
Rouse2016	clancheck_fail	322
Rouse2016	clancheck_fail	186
Rouse2016	clancheck_fail	179
Rouse2016	clancheck_fail	323
Rouse2016	clancheck_fail	296
Rouse2016	clancheck_fail	266
Rouse2016	clancheck_fail	424
Rouse2016	clancheck_fail	210
Rouse2016	clancheck_fail	285
Rouse2016	clancheck_fail	450
Rouse2016	clancheck_fail	255
Rouse2016	clancheck_fail	341
Rouse2016	clancheck_fail	326
Rouse2016	clancheck_fail	282
Rouse2016	clancheck_fail	381
Rouse2016	clancheck_fail	268
Rouse2016	clancheck_fail	207
Rouse2016	clancheck_fail	423
Rouse2016	clancheck_fail	267
Rouse2016	clancheck_fail	418
Rouse2016	clancheck_fail	219
Rouse2016	clancheck_fail	794
Rouse2016	clancheck_fail	518
Rouse2016	clancheck_fail	301
Rouse2016	clancheck_fail	316
Rouse2016	clancheck_fail	408
Rouse2016	clancheck_fail	221
Rouse2016	clancheck_fail	447
Rouse2016	clancheck_fail	389
Rouse2016	clancheck_fail	448
Rouse2016	clancheck_fail	433
Rouse2016	clancheck_fail	130
Rouse2016	clancheck_fail	206
Rouse2016	clancheck_fail	393
Rouse2016	clancheck_fail	272
Rouse2016	clancheck_fail	213
Rouse2016	clancheck_fail	353
Rouse2016	clancheck_fail	435
Rouse2016	clancheck_fail	229
Rouse2016	clancheck_fail	134
Rouse2016	clancheck_fail	237
Rouse2016	clancheck_fail	343
Rouse2016	clancheck_fail	287
Rouse2016	clancheck_fail	342
Rouse2016	clancheck_fail	275
Rouse2016	clancheck_fail	243
Rouse2016	clancheck_fail	244
Rouse2016	clancheck_fail	316
Rouse2016	clancheck_fail	240
Rouse2016	clancheck_fail	308
Rouse2016	clancheck_fail	402
Rouse2016	clancheck_fail	186
Rouse2016	clancheck_fail	282
Rouse2016	clancheck_fail	166
Rouse2016	clancheck_fail	314
Rouse2016	clancheck_fail	471
Rouse2016	clancheck_fail	387
Rouse2016	clancheck_fail	331
Rouse2016	clancheck_fail	378
Rouse2016	clancheck_fail	648
Rouse2016	clancheck_fail	493
Rouse2016	clancheck_fail	573
Rouse2016	clancheck_fail	252
Rouse2016	clancheck_fail	189
Rouse2016	clancheck_fail	216
Rouse2016	clancheck_fail	389
Rouse2016	clancheck_fail	360
Rouse2016	clancheck_fail	270
Rouse2016	clancheck_fail	291
Rouse2016	clancheck_fail	342
Rouse2016	clancheck_fail	217
Rouse2016	clancheck_fail	113
Rouse2016	clancheck_fail	260
Rouse2016	clancheck_fail	309
Rouse2016	clancheck_fail	360
Rouse2016	clancheck_fail	481
Rouse2016	clancheck_fail	260
Rouse2016	clancheck_fail	470
Rouse2016	clancheck_fail	224
Rouse2016	clancheck_fail	304
Rouse2016	clancheck_fail	384
Rouse2016	clancheck_fail	451
Rouse2016	clancheck_fail	216
Rouse2016	clancheck_fail	222
Rouse2016	clancheck_fail	246
Rouse2016	clancheck_fail	214
Rouse2016	clancheck_fail	259
Rouse2016	clancheck_fail	180
Rouse2016	clancheck_fail	234
Rouse2016	clancheck_fail	422
Rouse2016	clancheck_fail	458
Rouse2016	clancheck_fail	550
Rouse2016	clancheck_fail	209
Rouse2016	clancheck_fail	269
Rouse2016	clancheck_fail	321
Rouse2016	clancheck_fail	238
Rouse2016	clancheck_fail	544
Rouse2016	clancheck_fail	220
Rouse2016	clancheck_fail	490
Rouse2016	clancheck_fail	223
Rouse2016	clancheck_fail	407
Rouse2016	clancheck_fail	446
Rouse2016	clancheck_fail	390
Rouse2016	clancheck_fail	309
Rouse2016	clancheck_fail	191
Rouse2016	clancheck_fail	328
Rouse2016	clancheck_fail	300
Rouse2016	clancheck_fail	541
Rouse2016	clancheck_fail	400
Rouse2016	clancheck_fail	331
Rouse2016	clancheck_fail	275
Rouse2016	clancheck_fail	182
Rouse2016	clancheck_fail	404
Rouse2016	clancheck_fail	435
Rouse2016	clancheck_fail	398
Rouse2016	clancheck_fail	266
Rouse2016	clancheck_fail	291
Rouse2016	clancheck_fail	449
Rouse2016	clancheck_fail	354
Rouse2016	clancheck_fail	420
Rouse2016	clancheck_fail	447
Rouse2016	clancheck_fail	365
Rouse2016	clancheck_fail	308
Rouse2016	clancheck_fail	378
Rouse2016	clancheck_fail	328
Rouse2016	clancheck_fail	241
Rouse2016	clancheck_fail	303
Rouse2016	clancheck_fail	250
Rouse2016	clancheck_fail	245
Rouse2016	clancheck_fail	291
Rouse2016	clancheck_fail	265
Rouse2016	clancheck_fail	305
Rouse2016	clancheck_fail	455
Rouse2016	clancheck_fail	366
Rouse2016	clancheck_fail	437
Rouse2016	clancheck_fail	384
Rouse2016	clancheck_fail	179
Rouse2016	clancheck_fail	304
Rouse2016	clancheck_fail	152
Rouse2016	clancheck_fail	399
Rouse2016	clancheck_fail	278
Rouse2016	clancheck_fail	441
Rouse2016	clancheck_fail	433
Rouse2016	clancheck_fail	182
Rouse2016	clancheck_fail	201
Rouse2016	clancheck_fail	269
Rouse2016	clancheck_fail	374
Rouse2016	clancheck_fail	267
Rouse2016	clancheck_fail	339
Rouse2016	clancheck_fail	209
Rouse2016	clancheck_fail	352
Rouse2016	clancheck_fail	383
Rouse2016	clancheck_fail	361
Rouse2016	clancheck_fail	345
Rouse2016	clancheck_fail	367
Rouse2016	clancheck_fail	285
Rouse2016	clancheck_fail	284
Rouse2016	clancheck_fail	269
Rouse2016	clancheck_fail	369
Rouse2016	clancheck_fail	387
Rouse2016	clancheck_fail	376
Rouse2016	clancheck_fail	363
Rouse2016	clancheck_fail	124
Rouse2016	clancheck_fail	322
Rouse2016	clancheck_fail	301
Rouse2016	clancheck_fail	510
Rouse2016	clancheck_fail	450
Rouse2016	clancheck_fail	413
Rouse2016	clancheck_fail	247
Rouse2016	clancheck_fail	560
Rouse2016	clancheck_fail	301
Rouse2016	clancheck_fail	407
Rouse2016	clancheck_fail	142
Rouse2016	clancheck_fail	351
Rouse2016	clancheck_fail	508
Rouse2016	clancheck_fail	387
Rouse2016	clancheck_fail	228
Rouse2016	clancheck_fail	571
Rouse2016	clancheck_fail	332
Rouse2016	clancheck_fail	310
Rouse2016	clancheck_fail	467
Rouse2016	clancheck_fail	376
Rouse2016	clancheck_fail	246
Rouse2016	clancheck_fail	205
Rouse2016	clancheck_fail	268
Rouse2016	clancheck_fail	354
Rouse2016	clancheck_fail	205
Rouse2016	clancheck_fail	310
Rouse2016	clancheck_fail	181
Rouse2016	clancheck_fail	430
Rouse2016	clancheck_fail	241
Rouse2016	clancheck_fail	348
Rouse2016	clancheck_fail	383
Rouse2016	clancheck_fail	401
Rouse2016	clancheck_fail	506
Rouse2016	clancheck_fail	177
Rouse2016	clancheck_fail	156
Rouse2016	clancheck_fail	284
Rouse2016	clancheck_fail	267
Rouse2016	clancheck_fail	374
Rouse2016	clancheck_fail	180
Rouse2016	clancheck_fail	478
Rouse2016	clancheck_fail	350
Rouse2016	clancheck_fail	329
Rouse2016	clancheck_fail	380
Rouse2016	clancheck_fail	255
Rouse2016	clancheck_fail	205
Rouse2016	clancheck_fail	228
Rouse2016	clancheck_fail	206
Rouse2016	clancheck_fail	194
Rouse2016	clancheck_fail	500
Rouse2016	clancheck_fail	186
Rouse2016	clancheck_fail	526
Rouse2016	clancheck_fail	357
Rouse2016	clancheck_fail	227
Rouse2016	clancheck_fail	287
Rouse2016	clancheck_fail	325
Rouse2016	clancheck_fail	712
Rouse2016	clancheck_fail	290
Rouse2016	clancheck_fail	212
Rouse2016	clancheck_fail	180
Rouse2016	clancheck_fail	687
Rouse2016	clancheck_fail	180
Rouse2016	clancheck_fail	311
Rouse2016	clancheck_fail	294
Rouse2016	clancheck_fail	221
Rouse2016	clancheck_fail	341
Rouse2016	clancheck_fail	252
Rouse2016	clancheck_fail	275
Rouse2016	clancheck_fail	239
Rouse2016	clancheck_fail	257
Rouse2016	clancheck_fail	438
Rouse2016	clancheck_fail	360
Rouse2016	clancheck_fail	594
Rouse2016	clancheck_fail	294
Rouse2016	clancheck_fail	430
Rouse2016	clancheck_fail	310
Rouse2016	clancheck_fail	296
Rouse2016	clancheck_fail	461
Rouse2016	clancheck_fail	396
Rouse2016	clancheck_fail	572
Rouse2016	clancheck_fail	212
Rouse2016	clancheck_fail	474
Rouse2016	clancheck_fail	245
Rouse2016	clancheck_fail	451
Rouse2016	clancheck_fail	531
Rouse2016	clancheck_fail	201
Rouse2016	clancheck_fail	521
Rouse2016	clancheck_fail	630
Rouse2016	clancheck_fail	116
Rouse2016	clancheck_fail	310
Rouse2016	clancheck_fail	445
Rouse2016	clancheck_fail	335
Rouse2016	clancheck_fail	385
Rouse2016	clancheck_fail	201
Rouse2016	clancheck_fail	333
Rouse2016	clancheck_fail	418
Rouse2016	clancheck_fail	217
Rouse2016	clancheck_fail	473
Rouse2016	clancheck_fail	508
Rouse2016	clancheck_fail	408
Cannon2016	clancheck_pass	311
Cannon2016	clancheck_pass	212
Cannon2016	clancheck_pass	269
Cannon2016	clancheck_pass	163
Cannon2016	clancheck_pass	266
Cannon2016	clancheck_pass	291
Cannon2016	clancheck_pass	266
Cannon2016	clancheck_pass	306
Cannon2016	clancheck_pass	222
Cannon2016	clancheck_pass	279
Cannon2016	clancheck_pass	276
Cannon2016	clancheck_pass	234
Cannon2016	clancheck_pass	150
Cannon2016	clancheck_pass	181
Cannon2016	clancheck_pass	395
Cannon2016	clancheck_pass	223
Cannon2016	clancheck_fail	334
Cannon2016	clancheck_fail	197
Cannon2016	clancheck_fail	148
Cannon2016	clancheck_fail	240
Cannon2016	clancheck_fail	255
Cannon2016	clancheck_fail	171
Cannon2016	clancheck_fail	271
Cannon2016	clancheck_fail	102
Cannon2016	clancheck_fail	306
Cannon2016	clancheck_fail	234
Cannon2016	clancheck_fail	222
Cannon2016	clancheck_fail	150
Cannon2016	clancheck_fail	165
Cannon2016	clancheck_fail	231
Cannon2016	clancheck_fail	145
Cannon2016	clancheck_fail	195
Cannon2016	clancheck_fail	133
Cannon2016	clancheck_fail	206
Cannon2016	clancheck_fail	133
Cannon2016	clancheck_fail	127
Cannon2016	clancheck_fail	188
Cannon2016	clancheck_fail	221
Cannon2016	clancheck_fail	133
Cannon2016	clancheck_fail	183
Cannon2016	clancheck_fail	205
Cannon2016	clancheck_fail	129
Cannon2016	clancheck_fail	191
Cannon2016	clancheck_fail	244
Cannon2016	clancheck_fail	120
Cannon2016	clancheck_fail	192
Cannon2016	clancheck_fail	202
Cannon2016	clancheck_fail	290
Cannon2016	clancheck_fail	199
Cannon2016	clancheck_fail	193
Cannon2016	clancheck_fail	262
Cannon2016	clancheck_fail	255
Cannon2016	clancheck_fail	191
Cannon2016	clancheck_fail	173
Cannon2016	clancheck_fail	249
Cannon2016	clancheck_fail	118
Cannon2016	clancheck_fail	140
Cannon2016	clancheck_fail	203
Cannon2016	clancheck_fail	101
Cannon2016	clancheck_fail	221
Cannon2016	clancheck_fail	150
Cannon2016	clancheck_fail	246
Cannon2016	clancheck_fail	248
Cannon2016	clancheck_fail	232
Cannon2016	clancheck_fail	202
Cannon2016	clancheck_fail	266
Cannon2016	clancheck_fail	216
Cannon2016	clancheck_fail	493
Cannon2016	clancheck_fail	118
Cannon2016	clancheck_fail	251
Cannon2016	clancheck_fail	199
Cannon2016	clancheck_fail	172
Cannon2016	clancheck_fail	182
Cannon2016	clancheck_fail	156
Cannon2016	clancheck_fail	199
Cannon2016	clancheck_fail	268
Cannon2016	clancheck_fail	199
Cannon2016	clancheck_fail	268
Cannon2016	clancheck_fail	178
Cannon2016	clancheck_fail	254
Cannon2016	clancheck_fail	476
Cannon2016	clancheck_fail	219
Cannon2016	clancheck_fail	186
Cannon2016	clancheck_fail	169
Cannon2016	clancheck_fail	131
Cannon2016	clancheck_fail	244
Cannon2016	clancheck_fail	247
Cannon2016	clancheck_fail	387
Cannon2016	clancheck_fail	198
Cannon2016	clancheck_fail	209
Cannon2016	clancheck_fail	213
Cannon2016	clancheck_fail	209
Cannon2016	clancheck_fail	252
Cannon2016	clancheck_fail	183
Cannon2016	clancheck_fail	106
Cannon2016	clancheck_fail	318
Cannon2016	clancheck_fail	122
Cannon2016	clancheck_fail	127
Cannon2016	clancheck_fail	126
Cannon2016	clancheck_fail	374
Cannon2016	clancheck_fail	189
Cannon2016	clancheck_fail	220
Cannon2016	clancheck_fail	313
Cannon2016	clancheck_fail	143
Cannon2016	clancheck_fail	304
Cannon2016	clancheck_fail	168
Cannon2016	clancheck_fail	153
Cannon2016	clancheck_fail	125
Cannon2016	clancheck_fail	174
Cannon2016	clancheck_fail	126
Cannon2016	clancheck_fail	158
Cannon2016	clancheck_fail	192
Cannon2016	clancheck_fail	148
Cannon2016	clancheck_fail	239
Cannon2016	clancheck_fail	146
Cannon2016	clancheck_fail	291
Cannon2016	clancheck_fail	187
Cannon2016	clancheck_fail	105
Cannon2016	clancheck_fail	376
Cannon2016	clancheck_fail	110
Cannon2016	clancheck_fail	100
Cannon2016	clancheck_fail	185
Cannon2016	clancheck_fail	321
Cannon2016	clancheck_fail	134
Cannon2016	clancheck_fail	179
Cannon2016	clancheck_fail	378
Cannon2016	clancheck_fail	206
Cannon2016	clancheck_fail	274
Cannon2016	clancheck_fail	144
Cannon2016	clancheck_fail	256
Cannon2016	clancheck_fail	278
Cannon2016	clancheck_fail	241
Cannon2016	clancheck_fail	119
Cannon2016	clancheck_fail	165
Cannon2016	clancheck_fail	101
Cannon2016	clancheck_fail	252
Cannon2016	clancheck_fail	262
Cannon2016	clancheck_fail	205
Cannon2016	clancheck_fail	141
Cannon2016	clancheck_fail	192
Cannon2016	clancheck_fail	197
Cannon2016	clancheck_fail	215
Cannon2016	clancheck_fail	278
Cannon2016	clancheck_fail	186
Cannon2016	clancheck_fail	216
Cannon2016	clancheck_fail	142
Cannon2016	clancheck_fail	162
Cannon2016	clancheck_fail	169
Cannon2016	clancheck_fail	152
Cannon2016	clancheck_fail	166
Cannon2016	clancheck_fail	198
Cannon2016	clancheck_fail	298
Cannon2016	clancheck_fail	198
Cannon2016	clancheck_fail	233
Cannon2016	clancheck_fail	394
Cannon2016	clancheck_fail	345
Cannon2016	clancheck_fail	239
Cannon2016	clancheck_fail	143
Cannon2016	clancheck_fail	135
Cannon2016	clancheck_fail	270
Cannon2016	clancheck_fail	221
Cannon2016	clancheck_fail	278
Cannon2016	clancheck_fail	181
Cannon2016	clancheck_fail	208
Cannon2016	clancheck_fail	209
Cannon2016	clancheck_fail	64
Cannon2016	clancheck_fail	262
Cannon2016	clancheck_fail	135
Cannon2016	clancheck_fail	253
Cannon2016	clancheck_fail	282
Cannon2016	clancheck_fail	189
Cannon2016	clancheck_fail	292
Cannon2016	clancheck_fail	293
Cannon2016	clancheck_fail	347
Cannon2016	clancheck_fail	217
Cannon2016	clancheck_fail	160
Cannon2016	clancheck_fail	382
Cannon2016	clancheck_fail	218
Cannon2016	clancheck_fail	281
Cannon2016	clancheck_fail	294
Cannon2016	clancheck_fail	289
Cannon2016	clancheck_fail	203
Cannon2016	clancheck_fail	217
Cannon2016	clancheck_fail	100
Cannon2016	clancheck_fail	236
Cannon2016	clancheck_fail	301
Cannon2016	clancheck_fail	140
Cannon2016	clancheck_fail	121
Cannon2016	clancheck_fail	124
Cannon2016	clancheck_fail	270
Cannon2016	clancheck_fail	134
Cannon2016	clancheck_fail	183
Cannon2016	clancheck_fail	386
Cannon2016	clancheck_fail	194
Cannon2016	clancheck_fail	163
Cannon2016	clancheck_fail	310
Cannon2016	clancheck_fail	113
Cannon2016	clancheck_fail	222
Cannon2016	clancheck_fail	144
Cannon2016	clancheck_fail	237
Cannon2016	clancheck_fail	101
Cannon2016	clancheck_fail	201
Cannon2016	clancheck_fail	142
Cannon2016	clancheck_fail	201
Cannon2016	clancheck_fail	375
Cannon2016	clancheck_fail	151
Cannon2016	clancheck_fail	155
Cannon2016	clancheck_fail	101
Cannon2016	clancheck_fail	194
Cannon2016	clancheck_fail	141
Cannon2016	clancheck_fail	193
Cannon2016	clancheck_fail	147
Philippe2019	clancheck_pass	614
Philippe2019	clancheck_pass	384
Philippe2019	clancheck_pass	438
Philippe2019	clancheck_pass	287
Philippe2019	clancheck_pass	761
Philippe2019	clancheck_pass	144
Philippe2019	clancheck_pass	359
Philippe2019	clancheck_pass	587
Philippe2019	clancheck_pass	433
Philippe2019	clancheck_pass	227
Philippe2019	clancheck_pass	436
Philippe2019	clancheck_pass	570
Philippe2019	clancheck_pass	736
Philippe2019	clancheck_pass	616
Philippe2019	clancheck_pass	836
Philippe2019	clancheck_pass	436
Philippe2019	clancheck_pass	274
Philippe2019	clancheck_pass	489
Philippe2019	clancheck_pass	537
Philippe2019	clancheck_pass	473
Philippe2019	clancheck_pass	196
Philippe2019	clancheck_pass	446
Philippe2019	clancheck_pass	724
Philippe2019	clancheck_pass	318
Philippe2019	clancheck_pass	626
Philippe2019	clancheck_pass	525
Philippe2019	clancheck_pass	537
Philippe2019	clancheck_pass	462
Philippe2019	clancheck_pass	418
Philippe2019	clancheck_pass	362
Philippe2019	clancheck_pass	381
Philippe2019	clancheck_pass	196
Philippe2019	clancheck_pass	155
Philippe2019	clancheck_pass	293
Philippe2019	clancheck_pass	228
Philippe2019	clancheck_pass	332
Philippe2019	clancheck_pass	223
Philippe2019	clancheck_pass	537
Philippe2019	clancheck_pass	544
Philippe2019	clancheck_pass	262
Philippe2019	clancheck_pass	571
Philippe2019	clancheck_pass	205
Philippe2019	clancheck_pass	319
Philippe2019	clancheck_pass	267
Philippe2019	clancheck_pass	408
Philippe2019	clancheck_pass	271
Philippe2019	clancheck_pass	907
Philippe2019	clancheck_pass	236
Philippe2019	clancheck_pass	233
Philippe2019	clancheck_pass	285
Philippe2019	clancheck_pass	630
Philippe2019	clancheck_pass	384
Philippe2019	clancheck_pass	853
Philippe2019	clancheck_pass	410
Philippe2019	clancheck_pass	690
Philippe2019	clancheck_pass	343
Philippe2019	clancheck_pass	391
Philippe2019	clancheck_pass	363
Philippe2019	clancheck_pass	384
Philippe2019	clancheck_pass	422
Philippe2019	clancheck_pass	285
Philippe2019	clancheck_pass	283
Philippe2019	clancheck_pass	266
Philippe2019	clancheck_pass	311
Philippe2019	clancheck_pass	369
Philippe2019	clancheck_fail	644
Philippe2019	clancheck_fail	310
Philippe2019	clancheck_fail	144
Philippe2019	clancheck_fail	488
Philippe2019	clancheck_fail	250
Philippe2019	clancheck_fail	406
Philippe2019	clancheck_fail	317
Philippe2019	clancheck_fail	406
Philippe2019	clancheck_fail	354
Philippe2019	clancheck_fail	135
Philippe2019	clancheck_fail	154
Philippe2019	clancheck_fail	201
Philippe2019	clancheck_fail	230
Philippe2019	clancheck_fail	111
Philippe2019	clancheck_fail	160
Philippe2019	clancheck_fail	160
Philippe2019	clancheck_fail	407
Philippe2019	clancheck_fail	164
Philippe2019	clancheck_fail	126
Philippe2019	clancheck_fail	335
Philippe2019	clancheck_fail	169
Philippe2019	clancheck_fail	229
Philippe2019	clancheck_fail	248
Philippe2019	clancheck_fail	233
Philippe2019	clancheck_fail	355
Philippe2019	clancheck_fail	341
Philippe2019	clancheck_fail	367
Philippe2019	clancheck_fail	167
Philippe2019	clancheck_fail	325
Philippe2019	clancheck_fail	460
Philippe2019	clancheck_fail	404
Philippe2019	clancheck_fail	236
Philippe2019	clancheck_fail	147
Philippe2019	clancheck_fail	590
Philippe2019	clancheck_fail	256
Philippe2019	clancheck_fail	142
Philippe2019	clancheck_fail	116
Philippe2019	clancheck_fail	353
Philippe2019	clancheck_fail	111
Philippe2019	clancheck_fail	165
Philippe2019	clancheck_fail	189
Philippe2019	clancheck_fail	321
Philippe2019	clancheck_fail	147
Philippe2019	clancheck_fail	161
Philippe2019	clancheck_fail	269
Philippe2019	clancheck_fail	297
Philippe2019	clancheck_fail	734
Philippe2019	clancheck_fail	91
Philippe2019	clancheck_fail	243
Philippe2019	clancheck_fail	129
Philippe2019	clancheck_fail	738
Philippe2019	clancheck_fail	644
Philippe2019	clancheck_fail	172
Philippe2019	clancheck_fail	302
Philippe2019	clancheck_fail	637
Philippe2019	clancheck_fail	270
Philippe2019	clancheck_fail	418
Philippe2019	clancheck_fail	301
Philippe2019	clancheck_fail	162
Philippe2019	clancheck_fail	229
Philippe2019	clancheck_fail	189
Philippe2019	clancheck_fail	225
Philippe2019	clancheck_fail	607
Philippe2019	clancheck_fail	442
Philippe2019	clancheck_fail	307
Philippe2019	clancheck_fail	415
Philippe2019	clancheck_fail	94
Philippe2019	clancheck_fail	460
Philippe2019	clancheck_fail	151
Philippe2019	clancheck_fail	174
Philippe2019	clancheck_fail	120
Philippe2019	clancheck_fail	159
Philippe2019	clancheck_fail	164
Philippe2019	clancheck_fail	304
Philippe2019	clancheck_fail	177
Philippe2019	clancheck_fail	302
Philippe2019	clancheck_fail	333
Philippe2019	clancheck_fail	487
Philippe2019	clancheck_fail	408
Philippe2019	clancheck_fail	157
Philippe2019	clancheck_fail	332
Philippe2019	clancheck_fail	263
Philippe2019	clancheck_fail	221
Philippe2019	clancheck_fail	285
Philippe2019	clancheck_fail	355
Philippe2019	clancheck_fail	150
Philippe2019	clancheck_fail	111
Philippe2019	clancheck_fail	201
Philippe2019	clancheck_fail	370
Philippe2019	clancheck_fail	138
Philippe2019	clancheck_fail	300
Philippe2019	clancheck_fail	229
Philippe2019	clancheck_fail	425
Philippe2019	clancheck_fail	442
Philippe2019	clancheck_fail	365
Philippe2019	clancheck_fail	231
Philippe2019	clancheck_fail	505
Philippe2019	clancheck_fail	293
Philippe2019	clancheck_fail	180
Philippe2019	clancheck_fail	143
Philippe2019	clancheck_fail	238
Philippe2019	clancheck_fail	119
Philippe2019	clancheck_fail	292
Philippe2019	clancheck_fail	192
Philippe2019	clancheck_fail	219
Philippe2019	clancheck_fail	235
Philippe2019	clancheck_fail	360
Philippe2019	clancheck_fail	116
Philippe2019	clancheck_fail	419
Philippe2019	clancheck_fail	150
Philippe2019	clancheck_fail	505
Philippe2019	clancheck_fail	238
Philippe2019	clancheck_fail	474
Philippe2019	clancheck_fail	248
Philippe2019	clancheck_fail	249
Philippe2019	clancheck_fail	167
Philippe2019	clancheck_fail	326
Philippe2019	clancheck_fail	157
Philippe2019	clancheck_fail	91
Philippe2019	clancheck_fail	304
Philippe2019	clancheck_fail	478
Philippe2019	clancheck_fail	188
Philippe2019	clancheck_fail	223
Philippe2019	clancheck_fail	417
Philippe2019	clancheck_fail	421
Philippe2019	clancheck_fail	560
Philippe2019	clancheck_fail	402
Philippe2019	clancheck_fail	314
Philippe2019	clancheck_fail	393
Philippe2019	clancheck_fail	113
Philippe2019	clancheck_fail	198
Philippe2019	clancheck_fail	481
Philippe2019	clancheck_fail	99
Philippe2019	clancheck_fail	223
Philippe2019	clancheck_fail	664
Philippe2019	clancheck_fail	162
Philippe2019	clancheck_fail	221
Philippe2019	clancheck_fail	424
Philippe2019	clancheck_fail	171
Philippe2019	clancheck_fail	95
Philippe2019	clancheck_fail	472
Philippe2019	clancheck_fail	173
Philippe2019	clancheck_fail	171
Philippe2019	clancheck_fail	165
Philippe2019	clancheck_fail	572
Philippe2019	clancheck_fail	499
Philippe2019	clancheck_fail	189
Philippe2019	clancheck_fail	189
Philippe2019	clancheck_fail	261
Philippe2019	clancheck_fail	251
Philippe2019	clancheck_fail	517
Philippe2019	clancheck_fail	143
Philippe2019	clancheck_fail	111
Philippe2019	clancheck_fail	253
Philippe2019	clancheck_fail	342
Philippe2019	clancheck_fail	269
Philippe2019	clancheck_fail	167
Philippe2019	clancheck_fail	266
Philippe2019	clancheck_fail	307
Philippe2019	clancheck_fail	135
Philippe2019	clancheck_fail	715
Philippe2019	clancheck_fail	198
Philippe2019	clancheck_fail	210
Philippe2019	clancheck_fail	302
Philippe2019	clancheck_fail	306
Philippe2019	clancheck_fail	422
Philippe2019	clancheck_fail	177
Philippe2019	clancheck_fail	598
Philippe2019	clancheck_fail	218
Philippe2019	clancheck_fail	244
Philippe2019	clancheck_fail	206
Philippe2019	clancheck_fail	96
Philippe2019	clancheck_fail	333
Philippe2019	clancheck_fail	331
Philippe2019	clancheck_fail	126
Philippe2019	clancheck_fail	409
Philippe2019	clancheck_fail	413
Philippe2019	clancheck_fail	162
Philippe2019	clancheck_fail	267
Philippe2019	clancheck_fail	547
Philippe2019	clancheck_fail	196
Philippe2019	clancheck_fail	327
Philippe2019	clancheck_fail	171
Philippe2019	clancheck_fail	516
Philippe2019	clancheck_fail	566
Philippe2019	clancheck_fail	349
Philippe2019	clancheck_fail	488
Philippe2019	clancheck_fail	167
Philippe2019	clancheck_fail	191
Philippe2019	clancheck_fail	410
Philippe2019	clancheck_fail	306
Philippe2019	clancheck_fail	284
Philippe2019	clancheck_fail	477
Philippe2019	clancheck_fail	113
Philippe2019	clancheck_fail	168
Philippe2019	clancheck_fail	148
Philippe2019	clancheck_fail	232
Philippe2019	clancheck_fail	639
Philippe2019	clancheck_fail	249
Philippe2019	clancheck_fail	201
Philippe2019	clancheck_fail	110
Philippe2019	clancheck_fail	560
Philippe2019	clancheck_fail	385
Philippe2019	clancheck_fail	368
Philippe2019	clancheck_fail	728
Philippe2019	clancheck_fail	385
Philippe2019	clancheck_fail	535
Philippe2019	clancheck_fail	189
Philippe2019	clancheck_fail	274
Philippe2019	clancheck_fail	322
Philippe2019	clancheck_fail	293
Philippe2019	clancheck_fail	404
Philippe2019	clancheck_fail	251
Philippe2019	clancheck_fail	89
Philippe2019	clancheck_fail	469
Philippe2019	clancheck_fail	126
Philippe2019	clancheck_fail	160
Philippe2019	clancheck_fail	154
Philippe2019	clancheck_fail	289
Philippe2019	clancheck_fail	116
Philippe2019	clancheck_fail	307
Philippe2019	clancheck_fail	407
Philippe2019	clancheck_fail	142
Philippe2019	clancheck_fail	160
Philippe2019	clancheck_fail	188
Philippe2019	clancheck_fail	340
Philippe2019	clancheck_fail	120
Philippe2019	clancheck_fail	606
Philippe2019	clancheck_fail	349
Philippe2019	clancheck_fail	221
Philippe2019	clancheck_fail	108
Philippe2019	clancheck_fail	232
Philippe2019	clancheck_fail	301
Philippe2019	clancheck_fail	324
Philippe2019	clancheck_fail	130
Philippe2019	clancheck_fail	124
Philippe2019	clancheck_fail	94
Philippe2019	clancheck_fail	330
Philippe2019	clancheck_fail	269
Philippe2019	clancheck_fail	100
Philippe2019	clancheck_fail	308
Philippe2019	clancheck_fail	318
Philippe2019	clancheck_fail	511
Philippe2019	clancheck_fail	529
Philippe2019	clancheck_fail	97
Philippe2019	clancheck_fail	390
Philippe2019	clancheck_fail	349
Philippe2019	clancheck_fail	403
Philippe2019	clancheck_fail	142
Philippe2019	clancheck_fail	330
Philippe2019	clancheck_fail	155
Philippe2019	clancheck_fail	143
Philippe2019	clancheck_fail	416
Philippe2019	clancheck_fail	186
Philippe2019	clancheck_fail	271
Philippe2019	clancheck_fail	285
Philippe2019	clancheck_fail	166
Philippe2019	clancheck_fail	204
Philippe2019	clancheck_fail	263
Philippe2019	clancheck_fail	249
Philippe2019	clancheck_fail	257
Philippe2019	clancheck_fail	302
Philippe2019	clancheck_fail	139
Philippe2019	clancheck_fail	580
Philippe2019	clancheck_fail	111
Philippe2019	clancheck_fail	114
Philippe2019	clancheck_fail	191
Philippe2019	clancheck_fail	291
Philippe2019	clancheck_fail	326
Philippe2019	clancheck_fail	427
Philippe2019	clancheck_fail	241
Philippe2019	clancheck_fail	263
Philippe2019	clancheck_fail	177
Philippe2019	clancheck_fail	184
Philippe2019	clancheck_fail	260
Philippe2019	clancheck_fail	171
Philippe2019	clancheck_fail	227
Philippe2019	clancheck_fail	287
Philippe2019	clancheck_fail	388
Philippe2019	clancheck_fail	352
Philippe2019	clancheck_fail	123
Philippe2019	clancheck_fail	92
Philippe2019	clancheck_fail	354
Philippe2019	clancheck_fail	203
Philippe2019	clancheck_fail	304
Philippe2019	clancheck_fail	338
Philippe2019	clancheck_fail	286
Philippe2019	clancheck_fail	284
Philippe2019	clancheck_fail	116
Philippe2019	clancheck_fail	369
Philippe2019	clancheck_fail	350
Philippe2019	clancheck_fail	836
Philippe2019	clancheck_fail	245
Philippe2019	clancheck_fail	311
Philippe2019	clancheck_fail	196
Philippe2019	clancheck_fail	497
Philippe2019	clancheck_fail	211
Philippe2019	clancheck_fail	213
Philippe2019	clancheck_fail	108
Philippe2019	clancheck_fail	202
Philippe2019	clancheck_fail	491
Philippe2019	clancheck_fail	378
Philippe2019	clancheck_fail	293
Philippe2019	clancheck_fail	122
Philippe2019	clancheck_fail	297
Philippe2019	clancheck_fail	324
Philippe2019	clancheck_fail	196
Philippe2019	clancheck_fail	241
Philippe2019	clancheck_fail	327
Philippe2019	clancheck_fail	163
Philippe2019	clancheck_fail	455
Philippe2019	clancheck_fail	275
Philippe2019	clancheck_fail	327
Philippe2019	clancheck_fail	123
Philippe2019	clancheck_fail	228
Philippe2019	clancheck_fail	231
Philippe2019	clancheck_fail	598
Philippe2019	clancheck_fail	267
Philippe2019	clancheck_fail	103
Philippe2019	clancheck_fail	134
Philippe2019	clancheck_fail	410
Philippe2019	clancheck_fail	303
Philippe2019	clancheck_fail	546
Philippe2019	clancheck_fail	300
Philippe2019	clancheck_fail	117
Philippe2019	clancheck_fail	156
Philippe2019	clancheck_fail	262
Philippe2019	clancheck_fail	181
Philippe2019	clancheck_fail	497
Philippe2019	clancheck_fail	134
Philippe2019	clancheck_fail	314
Philippe2019	clancheck_fail	282
Philippe2019	clancheck_fail	270
Philippe2019	clancheck_fail	184
Philippe2019	clancheck_fail	251
Philippe2019	clancheck_fail	242
Philippe2019	clancheck_fail	690
Philippe2019	clancheck_fail	495
Philippe2019	clancheck_fail	370
Philippe2019	clancheck_fail	388
Philippe2019	clancheck_fail	97
Philippe2019	clancheck_fail	182
Philippe2019	clancheck_fail	283
Philippe2019	clancheck_fail	160
Philippe2019	clancheck_fail	551
Philippe2019	clancheck_fail	509
Philippe2019	clancheck_fail	532
Philippe2019	clancheck_fail	400
Philippe2019	clancheck_fail	504
Philippe2019	clancheck_fail	438
Philippe2019	clancheck_fail	381
Philippe2019	clancheck_fail	480
Philippe2019	clancheck_fail	416
Philippe2019	clancheck_fail	143
Philippe2019	clancheck_fail	495
Philippe2019	clancheck_fail	224
Philippe2019	clancheck_fail	162
Philippe2019	clancheck_fail	133
Philippe2019	clancheck_fail	176
Philippe2019	clancheck_fail	122
Philippe2019	clancheck_fail	85
Philippe2019	clancheck_fail	145
Philippe2019	clancheck_fail	375
Philippe2019	clancheck_fail	243
Philippe2019	clancheck_fail	463
Philippe2019	clancheck_fail	163
Philippe2019	clancheck_fail	500
Philippe2019	clancheck_fail	169
Philippe2019	clancheck_fail	184
Philippe2019	clancheck_fail	283
Philippe2019	clancheck_fail	527
Philippe2019	clancheck_fail	674
Philippe2019	clancheck_fail	404
Philippe2019	clancheck_fail	362
Philippe2019	clancheck_fail	504
Philippe2019	clancheck_fail	729
Philippe2019	clancheck_fail	211
Philippe2019	clancheck_fail	146
Philippe2019	clancheck_fail	127
Philippe2019	clancheck_fail	254
Philippe2019	clancheck_fail	216
Philippe2019	clancheck_fail	218
Philippe2019	clancheck_fail	342
Philippe2019	clancheck_fail	224
Philippe2019	clancheck_fail	136
Philippe2019	clancheck_fail	479
Philippe2019	clancheck_fail	307
Philippe2019	clancheck_fail	183
Philippe2019	clancheck_fail	537
Philippe2019	clancheck_fail	198
Philippe2019	clancheck_fail	101
Philippe2019	clancheck_fail	207
Philippe2019	clancheck_fail	112
Philippe2019	clancheck_fail	294
Philippe2019	clancheck_fail	503
Philippe2019	clancheck_fail	204
Philippe2019	clancheck_fail	173
Philippe2019	clancheck_fail	343
Philippe2019	clancheck_fail	331
Philippe2019	clancheck_fail	702
Philippe2019	clancheck_fail	548
Philippe2019	clancheck_fail	140
Philippe2019	clancheck_fail	310
Philippe2019	clancheck_fail	513
Philippe2019	clancheck_fail	406
Philippe2019	clancheck_fail	142
Philippe2019	clancheck_fail	303
Philippe2019	clancheck_fail	377
Philippe2019	clancheck_fail	266
Philippe2019	clancheck_fail	403
Philippe2019	clancheck_fail	354
Philippe2019	clancheck_fail	230
Philippe2019	clancheck_fail	143
Philippe2019	clancheck_fail	643
Philippe2019	clancheck_fail	282
Philippe2019	clancheck_fail	279
Philippe2019	clancheck_fail	236
Philippe2019	clancheck_fail	461
Philippe2019	clancheck_fail	282
Philippe2019	clancheck_fail	304
Philippe2019	clancheck_fail	533
Philippe2019	clancheck_fail	662
Philippe2019	clancheck_fail	234
Philippe2019	clancheck_fail	361
Philippe2019	clancheck_fail	235
Philippe2019	clancheck_fail	285
Philippe2019	clancheck_fail	184
Philippe2019	clancheck_fail	367
Philippe2019	clancheck_fail	212
Philippe2019	clancheck_fail	521
Philippe2019	clancheck_fail	155
Philippe2019	clancheck_fail	282
Philippe2019	clancheck_fail	249
Philippe2019	clancheck_fail	321
Philippe2019	clancheck_fail	503
Philippe2019	clancheck_fail	225
Philippe2019	clancheck_fail	507
Philippe2019	clancheck_fail	175
Philippe2019	clancheck_fail	100
Philippe2019	clancheck_fail	260
Philippe2019	clancheck_fail	263
Philippe2019	clancheck_fail	282
Philippe2019	clancheck_fail	242
Philippe2019	clancheck_fail	113
Philippe2019	clancheck_fail	848
Philippe2019	clancheck_fail	104
Philippe2019	clancheck_fail	472
Philippe2019	clancheck_fail	205
Philippe2019	clancheck_fail	829
Philippe2019	clancheck_fail	220
Philippe2019	clancheck_fail	117
Philippe2019	clancheck_fail	200
Philippe2019	clancheck_fail	125
Philippe2019	clancheck_fail	390
Philippe2019	clancheck_fail	289
Philippe2019	clancheck_fail	213
Philippe2019	clancheck_fail	266
Philippe2019	clancheck_fail	253
Philippe2019	clancheck_fail	269
Philippe2019	clancheck_fail	132
Philippe2019	clancheck_fail	862
Philippe2019	clancheck_fail	246
Philippe2019	clancheck_fail	146
Philippe2019	clancheck_fail	184
Philippe2019	clancheck_fail	120
Philippe2019	clancheck_fail	145
Philippe2019	clancheck_fail	311
Philippe2019	clancheck_fail	682
Philippe2019	clancheck_fail	183
Philippe2019	clancheck_fail	184
Philippe2019	clancheck_fail	169
Philippe2019	clancheck_fail	285
Philippe2019	clancheck_fail	379
Philippe2019	clancheck_fail	229
Philippe2019	clancheck_fail	493
Philippe2019	clancheck_fail	251
Philippe2019	clancheck_fail	95
Philippe2019	clancheck_fail	416
Philippe2019	clancheck_fail	354
Philippe2019	clancheck_fail	554
Philippe2019	clancheck_fail	141
Philippe2019	clancheck_fail	274
Philippe2019	clancheck_fail	221
Philippe2019	clancheck_fail	176
Philippe2019	clancheck_fail	462
Philippe2019	clancheck_fail	92
Philippe2019	clancheck_fail	206
Philippe2019	clancheck_fail	500
Philippe2019	clancheck_fail	86
Philippe2019	clancheck_fail	257
Philippe2019	clancheck_fail	290
Philippe2019	clancheck_fail	409
Philippe2019	clancheck_fail	186
Philippe2019	clancheck_fail	105
Philippe2019	clancheck_fail	154
Philippe2019	clancheck_fail	384
Philippe2019	clancheck_fail	127
Philippe2019	clancheck_fail	194
Philippe2019	clancheck_fail	116
Philippe2019	clancheck_fail	187
Philippe2019	clancheck_fail	385
Philippe2019	clancheck_fail	128
Philippe2019	clancheck_fail	298
Philippe2019	clancheck_fail	277
Philippe2019	clancheck_fail	116
Philippe2019	clancheck_fail	305
Philippe2019	clancheck_fail	180
Philippe2019	clancheck_fail	343
Philippe2019	clancheck_fail	285
Philippe2019	clancheck_fail	277
Philippe2019	clancheck_fail	783
Philippe2019	clancheck_fail	360
Philippe2019	clancheck_fail	397
Philippe2019	clancheck_fail	174
Philippe2019	clancheck_fail	116
Philippe2019	clancheck_fail	436
Philippe2019	clancheck_fail	437
Philippe2019	clancheck_fail	192
Philippe2019	clancheck_fail	212
Philippe2019	clancheck_fail	120
Philippe2019	clancheck_fail	256
Philippe2019	clancheck_fail	158
Philippe2019	clancheck_fail	296
Philippe2019	clancheck_fail	322
Philippe2019	clancheck_fail	213
Philippe2019	clancheck_fail	387
Philippe2019	clancheck_fail	142
Philippe2019	clancheck_fail	227
Philippe2019	clancheck_fail	235
Philippe2019	clancheck_fail	240
Philippe2019	clancheck_fail	288
Philippe2019	clancheck_fail	193
Philippe2019	clancheck_fail	397
Philippe2019	clancheck_fail	154
Philippe2019	clancheck_fail	297
Philippe2019	clancheck_fail	190
Philippe2019	clancheck_fail	116
Philippe2019	clancheck_fail	246
Philippe2019	clancheck_fail	417
Philippe2019	clancheck_fail	337
Philippe2019	clancheck_fail	481
Philippe2019	clancheck_fail	249
Philippe2019	clancheck_fail	150
Philippe2019	clancheck_fail	299
Philippe2019	clancheck_fail	270
Philippe2019	clancheck_fail	259
Philippe2019	clancheck_fail	271
Philippe2019	clancheck_fail	126
Philippe2019	clancheck_fail	588
Philippe2019	clancheck_fail	161
Philippe2019	clancheck_fail	455
Philippe2019	clancheck_fail	377
Philippe2019	clancheck_fail	267
Philippe2019	clancheck_fail	254
Philippe2019	clancheck_fail	255
Philippe2019	clancheck_fail	179
Philippe2019	clancheck_fail	155
Philippe2019	clancheck_fail	299
Philippe2019	clancheck_fail	300
Philippe2019	clancheck_fail	149
Philippe2019	clancheck_fail	276
Philippe2019	clancheck_fail	211
Philippe2019	clancheck_fail	386
Philippe2019	clancheck_fail	168
Philippe2019	clancheck_fail	354
Philippe2019	clancheck_fail	484
Philippe2019	clancheck_fail	384
Philippe2019	clancheck_fail	162
Philippe2019	clancheck_fail	571
Philippe2019	clancheck_fail	353
Philippe2019	clancheck_fail	613
Philippe2019	clancheck_fail	129
Philippe2019	clancheck_fail	528
Philippe2019	clancheck_fail	365
Philippe2019	clancheck_fail	131
Philippe2019	clancheck_fail	221
Philippe2019	clancheck_fail	372
Philippe2019	clancheck_fail	577
Philippe2019	clancheck_fail	286
Philippe2019	clancheck_fail	343
Philippe2019	clancheck_fail	433
Philippe2019	clancheck_fail	379
Philippe2019	clancheck_fail	160
Philippe2019	clancheck_fail	227
Philippe2019	clancheck_fail	135
Philippe2019	clancheck_fail	302
Philippe2019	clancheck_fail	160
Philippe2019	clancheck_fail	463
Philippe2019	clancheck_fail	261
Philippe2019	clancheck_fail	117
Philippe2019	clancheck_fail	193
Philippe2019	clancheck_fail	262
Philippe2019	clancheck_fail	179
Philippe2019	clancheck_fail	370
Philippe2019	clancheck_fail	342
Philippe2019	clancheck_fail	147
Philippe2019	clancheck_fail	357
Philippe2019	clancheck_fail	160
Philippe2019	clancheck_fail	368
Philippe2019	clancheck_fail	217
Philippe2019	clancheck_fail	426
Philippe2019	clancheck_fail	393
Philippe2019	clancheck_fail	178
Philippe2019	clancheck_fail	344
Philippe2019	clancheck_fail	158
Philippe2019	clancheck_fail	461
Philippe2019	clancheck_fail	98
Philippe2019	clancheck_fail	151
Philippe2019	clancheck_fail	207
Philippe2019	clancheck_fail	195
Philippe2019	clancheck_fail	282
Philippe2019	clancheck_fail	329
Philippe2019	clancheck_fail	192
Philippe2019	clancheck_fail	499
Philippe2019	clancheck_fail	261
Philippe2019	clancheck_fail	280
Philippe2019	clancheck_fail	496
Philippe2019	clancheck_fail	327
Philippe2019	clancheck_fail	202
Philippe2019	clancheck_fail	361
Philippe2019	clancheck_fail	222
Philippe2019	clancheck_fail	192
Philippe2019	clancheck_fail	173
Philippe2019	clancheck_fail	348
Philippe2019	clancheck_fail	161
Philippe2019	clancheck_fail	252
Philippe2019	clancheck_fail	337
Philippe2019	clancheck_fail	532
Philippe2019	clancheck_fail	174
Philippe2019	clancheck_fail	204
Philippe2019	clancheck_fail	346
Philippe2019	clancheck_fail	373
Philippe2019	clancheck_fail	255
Philippe2019	clancheck_fail	208
Philippe2019	clancheck_fail	266
Philippe2019	clancheck_fail	157
Philippe2019	clancheck_fail	329
Philippe2019	clancheck_fail	424
Philippe2019	clancheck_fail	181
Philippe2019	clancheck_fail	149
Philippe2019	clancheck_fail	251
Philippe2019	clancheck_fail	310
Philippe2019	clancheck_fail	215
Philippe2019	clancheck_fail	372
Philippe2019	clancheck_fail	395
Philippe2019	clancheck_fail	86
Philippe2019	clancheck_fail	545
Philippe2019	clancheck_fail	291
Philippe2019	clancheck_fail	260
Philippe2019	clancheck_fail	450
Philippe2019	clancheck_fail	384
Philippe2019	clancheck_fail	298
Philippe2019	clancheck_fail	707
Philippe2019	clancheck_fail	192
Philippe2019	clancheck_fail	216
Philippe2019	clancheck_fail	116
Philippe2019	clancheck_fail	193
Philippe2019	clancheck_fail	154
Philippe2019	clancheck_fail	187
Philippe2019	clancheck_fail	228
Philippe2019	clancheck_fail	140
Philippe2019	clancheck_fail	562
Philippe2019	clancheck_fail	284
Philippe2019	clancheck_fail	199
Philippe2019	clancheck_fail	255
Philippe2019	clancheck_fail	678
Philippe2019	clancheck_fail	460
Philippe2019	clancheck_fail	460
Philippe2019	clancheck_fail	203
Philippe2019	clancheck_fail	335
Philippe2019	clancheck_fail	361
Philippe2019	clancheck_fail	380
Philippe2019	clancheck_fail	375
Philippe2019	clancheck_fail	560
Philippe2019	clancheck_fail	233
Philippe2019	clancheck_fail	397
Philippe2019	clancheck_fail	253
Philippe2019	clancheck_fail	256
Philippe2019	clancheck_fail	94
Philippe2019	clancheck_fail	200
Philippe2019	clancheck_fail	330
Philippe2019	clancheck_fail	177
Philippe2019	clancheck_fail	244
Philippe2019	clancheck_fail	146
Philippe2019	clancheck_fail	321
Philippe2019	clancheck_fail	268
Philippe2019	clancheck_fail	189
Philippe2019	clancheck_fail	397
Philippe2019	clancheck_fail	281
Philippe2019	clancheck_fail	204
Philippe2019	clancheck_fail	155
Philippe2019	clancheck_fail	281
Philippe2019	clancheck_fail	99
Philippe2019	clancheck_fail	556
Philippe2019	clancheck_fail	252
Philippe2019	clancheck_fail	201
Philippe2019	clancheck_fail	539
Philippe2019	clancheck_fail	291
Philippe2019	clancheck_fail	436
Philippe2019	clancheck_fail	519
Philippe2019	clancheck_fail	143
Philippe2019	clancheck_fail	275
Philippe2019	clancheck_fail	520
Philippe2019	clancheck_fail	531
Philippe2019	clancheck_fail	201
Philippe2019	clancheck_fail	180
Philippe2019	clancheck_fail	374
Philippe2019	clancheck_fail	241
Philippe2019	clancheck_fail	411
Philippe2019	clancheck_fail	208
Philippe2019	clancheck_fail	160
Philippe2019	clancheck_fail	152
Philippe2019	clancheck_fail	148
Philippe2019	clancheck_fail	212
Philippe2019	clancheck_fail	377
Philippe2019	clancheck_fail	288
Philippe2019	clancheck_fail	470
Philippe2019	clancheck_fail	218
Philippe2019	clancheck_fail	250
Philippe2019	clancheck_fail	190
Philippe2019	clancheck_fail	235
Philippe2019	clancheck_fail	153
Philippe2019	clancheck_fail	210
Philippe2019	clancheck_fail	138
Philippe2019	clancheck_fail	634
Philippe2019	clancheck_fail	294
Philippe2019	clancheck_fail	144
Philippe2019	clancheck_fail	115
Philippe2019	clancheck_fail	110
Philippe2019	clancheck_fail	272
Philippe2019	clancheck_fail	390
Philippe2019	clancheck_fail	168
Philippe2019	clancheck_fail	284
Philippe2019	clancheck_fail	196
Philippe2019	clancheck_fail	301
Philippe2019	clancheck_fail	576
Philippe2019	clancheck_fail	269
Philippe2019	clancheck_fail	128
Philippe2019	clancheck_fail	110
Philippe2019	clancheck_fail	156
Philippe2019	clancheck_fail	235
Philippe2019	clancheck_fail	153
Philippe2019	clancheck_fail	208
Philippe2019	clancheck_fail	351
Philippe2019	clancheck_fail	303
Philippe2019	clancheck_fail	381
Philippe2019	clancheck_fail	139
Philippe2019	clancheck_fail	417
Philippe2019	clancheck_fail	245
Philippe2019	clancheck_fail	346
Philippe2019	clancheck_fail	576
Philippe2019	clancheck_fail	395
Philippe2019	clancheck_fail	272
Philippe2019	clancheck_fail	506
Philippe2019	clancheck_fail	358
Philippe2019	clancheck_fail	267
Philippe2019	clancheck_fail	235
Philippe2019	clancheck_fail	302
Philippe2019	clancheck_fail	228
Philippe2019	clancheck_fail	157
Philippe2019	clancheck_fail	645
Philippe2019	clancheck_fail	186
Philippe2019	clancheck_fail	485
Philippe2019	clancheck_fail	460
Philippe2019	clancheck_fail	240
Philippe2019	clancheck_fail	273
Philippe2019	clancheck_fail	345
Philippe2019	clancheck_fail	350
Philippe2019	clancheck_fail	253
Philippe2019	clancheck_fail	234
Philippe2019	clancheck_fail	216
Philippe2019	clancheck_fail	584
Philippe2019	clancheck_fail	270
Philippe2019	clancheck_fail	479
Philippe2019	clancheck_fail	215
Philippe2019	clancheck_fail	208
Philippe2019	clancheck_fail	498
Philippe2019	clancheck_fail	308
Philippe2019	clancheck_fail	101
Philippe2019	clancheck_fail	509
Philippe2019	clancheck_fail	298
Philippe2019	clancheck_fail	458
Philippe2019	clancheck_fail	109
Philippe2019	clancheck_fail	191
Philippe2019	clancheck_fail	354
Philippe2019	clancheck_fail	443
Philippe2019	clancheck_fail	90
Philippe2019	clancheck_fail	312
Philippe2019	clancheck_fail	332
Philippe2019	clancheck_fail	450
Philippe2019	clancheck_fail	382
Philippe2019	clancheck_fail	190
Philippe2019	clancheck_fail	129
Philippe2019	clancheck_fail	179
Philippe2019	clancheck_fail	337
Philippe2019	clancheck_fail	586
Philippe2019	clancheck_fail	572
Philippe2019	clancheck_fail	143
Philippe2019	clancheck_fail	155
Philippe2019	clancheck_fail	404
Philippe2019	clancheck_fail	231
Philippe2019	clancheck_fail	238
Philippe2019	clancheck_fail	194
Philippe2019	clancheck_fail	368
Philippe2019	clancheck_fail	544
Philippe2019	clancheck_fail	237
Philippe2019	clancheck_fail	236
Philippe2019	clancheck_fail	222
Philippe2019	clancheck_fail	134
Philippe2019	clancheck_fail	389
Philippe2019	clancheck_fail	113
Philippe2019	clancheck_fail	405
Philippe2019	clancheck_fail	168
Philippe2019	clancheck_fail	373
Philippe2019	clancheck_fail	242
Philippe2019	clancheck_fail	180
Philippe2019	clancheck_fail	124
Philippe2019	clancheck_fail	392
Philippe2019	clancheck_fail	237
Philippe2019	clancheck_fail	216
Philippe2019	clancheck_fail	302
Philippe2019	clancheck_fail	331
Philippe2019	clancheck_fail	519
Philippe2019	clancheck_fail	154
Philippe2019	clancheck_fail	226
Philippe2019	clancheck_fail	178
Philippe2019	clancheck_fail	24
Philippe2019	clancheck_fail	243
Philippe2019	clancheck_fail	324
Philippe2019	clancheck_fail	167
Philippe2019	clancheck_fail	110
Philippe2019	clancheck_fail	163
Philippe2019	clancheck_fail	355
Philippe2019	clancheck_fail	407
Philippe2019	clancheck_fail	352
Philippe2019	clancheck_fail	275
Philippe2019	clancheck_fail	188
Philippe2019	clancheck_fail	398
Philippe2019	clancheck_fail	150
Philippe2019	clancheck_fail	169
Philippe2019	clancheck_fail	141
Philippe2019	clancheck_fail	128
Philippe2019	clancheck_fail	475
Philippe2019	clancheck_fail	296
Philippe2019	clancheck_fail	223
Philippe2019	clancheck_fail	905
Philippe2019	clancheck_fail	430
Philippe2019	clancheck_fail	302
Philippe2019	clancheck_fail	169
Philippe2019	clancheck_fail	194
Philippe2019	clancheck_fail	221
Philippe2019	clancheck_fail	324
Philippe2019	clancheck_fail	150
Philippe2019	clancheck_fail	268
Philippe2019	clancheck_fail	211
Philippe2019	clancheck_fail	265
Philippe2019	clancheck_fail	171
Philippe2019	clancheck_fail	307
Philippe2019	clancheck_fail	757
Philippe2019	clancheck_fail	182
Philippe2019	clancheck_fail	336
Philippe2019	clancheck_fail	375
Philippe2019	clancheck_fail	279
Philippe2019	clancheck_fail	516
Philippe2019	clancheck_fail	300
Philippe2019	clancheck_fail	282
Philippe2019	clancheck_fail	289
Philippe2019	clancheck_fail	296
Philippe2019	clancheck_fail	108
Philippe2019	clancheck_fail	407
Philippe2019	clancheck_fail	484
Philippe2019	clancheck_fail	401
Philippe2019	clancheck_fail	427
Philippe2019	clancheck_fail	263
Philippe2019	clancheck_fail	330
Philippe2019	clancheck_fail	362
Philippe2019	clancheck_fail	244
Philippe2019	clancheck_fail	316
Philippe2019	clancheck_fail	167
Philippe2019	clancheck_fail	312
Philippe2019	clancheck_fail	157
Philippe2019	clancheck_fail	207
Philippe2019	clancheck_fail	384
Philippe2019	clancheck_fail	192
Philippe2019	clancheck_fail	202
Philippe2019	clancheck_fail	283
Philippe2019	clancheck_fail	369
Philippe2019	clancheck_fail	176
Philippe2019	clancheck_fail	201
Philippe2019	clancheck_fail	343
Philippe2019	clancheck_fail	529
Philippe2019	clancheck_fail	275
Philippe2019	clancheck_fail	300
Philippe2019	clancheck_fail	232
Philippe2019	clancheck_fail	454
Philippe2019	clancheck_fail	140
Philippe2019	clancheck_fail	262
Philippe2019	clancheck_fail	440
Philippe2019	clancheck_fail	285
Philippe2019	clancheck_fail	436
Philippe2019	clancheck_fail	179
Philippe2019	clancheck_fail	185
Philippe2019	clancheck_fail	257
Philippe2019	clancheck_fail	156
Philippe2019	clancheck_fail	505
Philippe2019	clancheck_fail	237
Philippe2019	clancheck_fail	162
Philippe2019	clancheck_fail	395
Philippe2019	clancheck_fail	338
Philippe2019	clancheck_fail	396
Philippe2019	clancheck_fail	447
Philippe2019	clancheck_fail	215
Philippe2019	clancheck_fail	275
Philippe2019	clancheck_fail	168
Philippe2019	clancheck_fail	421
Philippe2019	clancheck_fail	175
Philippe2019	clancheck_fail	297
Philippe2019	clancheck_fail	154
Philippe2019	clancheck_fail	112
Philippe2019	clancheck_fail	461
Philippe2019	clancheck_fail	194
Philippe2019	clancheck_fail	447
Philippe2019	clancheck_fail	277
Philippe2019	clancheck_fail	699
Philippe2019	clancheck_fail	350
Philippe2019	clancheck_fail	259
Philippe2019	clancheck_fail	134
Philippe2019	clancheck_fail	116
Philippe2019	clancheck_fail	212
Philippe2019	clancheck_fail	223
Philippe2019	clancheck_fail	282
Philippe2019	clancheck_fail	379
Philippe2019	clancheck_fail	321
Philippe2019	clancheck_fail	646
Philippe2019	clancheck_fail	124
Philippe2019	clancheck_fail	453
Philippe2019	clancheck_fail	85
Philippe2019	clancheck_fail	154
Philippe2019	clancheck_fail	371
Philippe2019	clancheck_fail	589
Philippe2019	clancheck_fail	183
Philippe2019	clancheck_fail	161
Philippe2019	clancheck_fail	210
Philippe2019	clancheck_fail	215
Philippe2019	clancheck_fail	231
Philippe2019	clancheck_fail	316
Philippe2019	clancheck_fail	410
Philippe2019	clancheck_fail	356
Philippe2019	clancheck_fail	210
Philippe2019	clancheck_fail	320
Philippe2019	clancheck_fail	172
Philippe2019	clancheck_fail	172
Philippe2019	clancheck_fail	166
Philippe2019	clancheck_fail	340
Philippe2019	clancheck_fail	170
Philippe2019	clancheck_fail	127
Philippe2019	clancheck_fail	135
Philippe2019	clancheck_fail	239
Philippe2019	clancheck_fail	162
Philippe2019	clancheck_fail	150
Philippe2019	clancheck_fail	751
Philippe2019	clancheck_fail	424
Philippe2019	clancheck_fail	246
Philippe2019	clancheck_fail	332
Philippe2019	clancheck_fail	292
Philippe2019	clancheck_fail	304
Philippe2019	clancheck_fail	544
Philippe2019	clancheck_fail	282
Philippe2019	clancheck_fail	231
Philippe2019	clancheck_fail	216
Philippe2019	clancheck_fail	580
Philippe2019	clancheck_fail	152
Philippe2019	clancheck_fail	496
Philippe2019	clancheck_fail	235
Philippe2019	clancheck_fail	142
Philippe2019	clancheck_fail	267
Philippe2019	clancheck_fail	420
Philippe2019	clancheck_fail	311
Philippe2019	clancheck_fail	185
Philippe2019	clancheck_fail	885
Philippe2019	clancheck_fail	117
Philippe2019	clancheck_fail	106
Philippe2019	clancheck_fail	142
Philippe2019	clancheck_fail	140
Philippe2019	clancheck_fail	222
Philippe2019	clancheck_fail	181
Philippe2019	clancheck_fail	207
Philippe2019	clancheck_fail	152
Philippe2019	clancheck_fail	275
Philippe2019	clancheck_fail	203
Philippe2019	clancheck_fail	314
Philippe2019	clancheck_fail	128
Philippe2019	clancheck_fail	172
Philippe2019	clancheck_fail	268
Philippe2019	clancheck_fail	488
Philippe2019	clancheck_fail	176
Philippe2019	clancheck_fail	407
Philippe2019	clancheck_fail	226
Philippe2019	clancheck_fail	197
Philippe2019	clancheck_fail	294
Philippe2019	clancheck_fail	522
Philippe2019	clancheck_fail	228
Philippe2019	clancheck_fail	170
Philippe2019	clancheck_fail	337
Philippe2019	clancheck_fail	580
Philippe2019	clancheck_fail	450
Philippe2019	clancheck_fail	301
Philippe2019	clancheck_fail	533
Philippe2019	clancheck_fail	172
Philippe2019	clancheck_fail	175
Philippe2019	clancheck_fail	165
Philippe2019	clancheck_fail	147
Philippe2019	clancheck_fail	156
Philippe2019	clancheck_fail	420
Philippe2019	clancheck_fail	398
Philippe2019	clancheck_fail	172
Philippe2019	clancheck_fail	867
Philippe2019	clancheck_fail	354
Philippe2019	clancheck_fail	281
Philippe2019	clancheck_fail	615
Philippe2019	clancheck_fail	346
Philippe2019	clancheck_fail	271
Philippe2019	clancheck_fail	98
Philippe2019	clancheck_fail	463
Philippe2019	clancheck_fail	176
Philippe2019	clancheck_fail	578
Philippe2019	clancheck_fail	109
Philippe2019	clancheck_fail	91
Philippe2019	clancheck_fail	213
Philippe2019	clancheck_fail	232
Philippe2019	clancheck_fail	273
Philippe2019	clancheck_fail	275
Philippe2019	clancheck_fail	245
Philippe2019	clancheck_fail	346
Philippe2019	clancheck_fail	295
Philippe2019	clancheck_fail	245
Philippe2019	clancheck_fail	176
Philippe2019	clancheck_fail	533
Philippe2019	clancheck_fail	114
Philippe2019	clancheck_fail	140
Philippe2019	clancheck_fail	349
Philippe2019	clancheck_fail	261
Philippe2019	clancheck_fail	174
Philippe2019	clancheck_fail	265
Philippe2019	clancheck_fail	341
Philippe2019	clancheck_fail	171
Philippe2019	clancheck_fail	307
Philippe2019	clancheck_fail	679
Philippe2019	clancheck_fail	319
Philippe2019	clancheck_fail	430
Philippe2019	clancheck_fail	359
Philippe2019	clancheck_fail	138
Philippe2019	clancheck_fail	246
Philippe2019	clancheck_fail	343
Philippe2019	clancheck_fail	258
Philippe2019	clancheck_fail	232
Philippe2019	clancheck_fail	212
Philippe2019	clancheck_fail	499
Philippe2019	clancheck_fail	205
Philippe2019	clancheck_fail	177
Philippe2019	clancheck_fail	297
Philippe2019	clancheck_fail	437
Philippe2019	clancheck_fail	169
Philippe2019	clancheck_fail	176
Philippe2019	clancheck_fail	541
Philippe2019	clancheck_fail	171
Philippe2019	clancheck_fail	185
Philippe2019	clancheck_fail	294
Philippe2019	clancheck_fail	244
Philippe2019	clancheck_fail	164
Philippe2019	clancheck_fail	306
Philippe2019	clancheck_fail	245
Philippe2019	clancheck_fail	164
Philippe2019	clancheck_fail	344
Philippe2019	clancheck_fail	241
Philippe2019	clancheck_fail	464
Philippe2019	clancheck_fail	321
Philippe2019	clancheck_fail	200
Philippe2019	clancheck_fail	137
Philippe2019	clancheck_fail	291
Philippe2019	clancheck_fail	262
Philippe2019	clancheck_fail	466
Philippe2019	clancheck_fail	274
Philippe2019	clancheck_fail	299
Philippe2019	clancheck_fail	700
Philippe2019	clancheck_fail	173
Philippe2019	clancheck_fail	365
Philippe2019	clancheck_fail	233
Philippe2019	clancheck_fail	183
Philippe2019	clancheck_fail	244
Philippe2019	clancheck_fail	261
Philippe2019	clancheck_fail	144
Philippe2019	clancheck_fail	192
Philippe2019	clancheck_fail	186
Philippe2019	clancheck_fail	208
Philippe2019	clancheck_fail	170
Philippe2019	clancheck_fail	372
Philippe2019	clancheck_fail	279
Philippe2019	clancheck_fail	335
Philippe2019	clancheck_fail	450
Philippe2019	clancheck_fail	117
Philippe2019	clancheck_fail	645
Philippe2019	clancheck_fail	465
Philippe2019	clancheck_fail	407
Philippe2019	clancheck_fail	365
Philippe2019	clancheck_fail	237
Philippe2019	clancheck_fail	186
Philippe2019	clancheck_fail	405
