Rouse2016	clancheck_pass	63.2667
Rouse2016	clancheck_pass	61.2667
Rouse2016	clancheck_pass	68.2941
Rouse2016	clancheck_pass	54.4615
Rouse2016	clancheck_pass	53.8125
Rouse2016	clancheck_pass	61.5385
Rouse2016	clancheck_pass	59.3333
Rouse2016	clancheck_pass	60.4286
Rouse2016	clancheck_pass	59.0769
Rouse2016	clancheck_pass	70.75
Rouse2016	clancheck_pass	61.8667
Rouse2016	clancheck_pass	66.0667
Rouse2016	clancheck_pass	60.6923
Rouse2016	clancheck_pass	72.7857
Rouse2016	clancheck_pass	69.4615
Rouse2016	clancheck_pass	63.3333
Rouse2016	clancheck_pass	51.3846
Rouse2016	clancheck_pass	68.1667
Rouse2016	clancheck_pass	64.0769
Rouse2016	clancheck_pass	79.8
Rouse2016	clancheck_pass	67.4
Rouse2016	clancheck_pass	74.0625
Rouse2016	clancheck_pass	73.2308
Rouse2016	clancheck_pass	69.8125
Rouse2016	clancheck_pass	60.875
Rouse2016	clancheck_pass	69.6429
Rouse2016	clancheck_pass	53.9167
Rouse2016	clancheck_pass	52.2857
Rouse2016	clancheck_pass	66.3077
Rouse2016	clancheck_pass	58.9375
Rouse2016	clancheck_pass	45.3846
Rouse2016	clancheck_pass	52
Rouse2016	clancheck_pass	61
Rouse2016	clancheck_pass	46.5385
Rouse2016	clancheck_pass	67.5
Rouse2016	clancheck_pass	63.6923
Rouse2016	clancheck_pass	48.6471
Rouse2016	clancheck_pass	59.6429
Rouse2016	clancheck_pass	69.6667
Rouse2016	clancheck_pass	57.9231
Rouse2016	clancheck_pass	67.0714
Rouse2016	clancheck_pass	59.5385
Rouse2016	clancheck_pass	48.2143
Rouse2016	clancheck_pass	68.0714
Rouse2016	clancheck_pass	47.6
Rouse2016	clancheck_pass	58.5
Rouse2016	clancheck_pass	57
Rouse2016	clancheck_pass	66.8462
Rouse2016	clancheck_pass	56.7143
Rouse2016	clancheck_pass	54.5294
Rouse2016	clancheck_pass	68.3077
Rouse2016	clancheck_pass	58.1429
Rouse2016	clancheck_pass	73.0667
Rouse2016	clancheck_pass	64.7692
Rouse2016	clancheck_pass	58.6
Rouse2016	clancheck_pass	67.9231
Rouse2016	clancheck_pass	46.9231
Rouse2016	clancheck_pass	50.7857
Rouse2016	clancheck_pass	58.7647
Rouse2016	clancheck_pass	55.2
Rouse2016	clancheck_pass	50.9286
Rouse2016	clancheck_pass	69.9286
Rouse2016	clancheck_pass	52.5
Rouse2016	clancheck_pass	67.5882
Rouse2016	clancheck_pass	57.3077
Rouse2016	clancheck_pass	60.8333
Rouse2016	clancheck_pass	63.625
Rouse2016	clancheck_pass	57.7857
Rouse2016	clancheck_pass	62.1538
Rouse2016	clancheck_pass	45.6
Rouse2016	clancheck_fail	61.6923
Rouse2016	clancheck_fail	61.4667
Rouse2016	clancheck_fail	49
Rouse2016	clancheck_fail	52.5385
Rouse2016	clancheck_fail	42.75
Rouse2016	clancheck_fail	56.75
Rouse2016	clancheck_fail	54.2308
Rouse2016	clancheck_fail	47.5
Rouse2016	clancheck_fail	54.4737
Rouse2016	clancheck_fail	46.2105
Rouse2016	clancheck_fail	47.5714
Rouse2016	clancheck_fail	57.7857
Rouse2016	clancheck_fail	52.7222
Rouse2016	clancheck_fail	58.2353
Rouse2016	clancheck_fail	51
Rouse2016	clancheck_fail	44
Rouse2016	clancheck_fail	33.7857
Rouse2016	clancheck_fail	56.5385
Rouse2016	clancheck_fail	52.25
Rouse2016	clancheck_fail	50.2308
Rouse2016	clancheck_fail	50.2
Rouse2016	clancheck_fail	43.5385
Rouse2016	clancheck_fail	38.7647
Rouse2016	clancheck_fail	54.6154
Rouse2016	clancheck_fail	48.6667
Rouse2016	clancheck_fail	58.2222
Rouse2016	clancheck_fail	42.5
Rouse2016	clancheck_fail	48.1429
Rouse2016	clancheck_fail	62.6923
Rouse2016	clancheck_fail	54
Rouse2016	clancheck_fail	44.875
Rouse2016	clancheck_fail	52.6429
Rouse2016	clancheck_fail	41.2941
Rouse2016	clancheck_fail	52
Rouse2016	clancheck_fail	33.2308
Rouse2016	clancheck_fail	51.0714
Rouse2016	clancheck_fail	50
Rouse2016	clancheck_fail	59.3077
Rouse2016	clancheck_fail	51.1
Rouse2016	clancheck_fail	52.1333
Rouse2016	clancheck_fail	62.8235
Rouse2016	clancheck_fail	47.3077
Rouse2016	clancheck_fail	40.3846
Rouse2016	clancheck_fail	47.8824
Rouse2016	clancheck_fail	47.0667
Rouse2016	clancheck_fail	46.35
Rouse2016	clancheck_fail	47
Rouse2016	clancheck_fail	46.4615
Rouse2016	clancheck_fail	56.6154
Rouse2016	clancheck_fail	45.9231
Rouse2016	clancheck_fail	43.9375
Rouse2016	clancheck_fail	56.8235
Rouse2016	clancheck_fail	43.3077
Rouse2016	clancheck_fail	47.0667
Rouse2016	clancheck_fail	58.5
Rouse2016	clancheck_fail	41.2143
Rouse2016	clancheck_fail	59.8421
Rouse2016	clancheck_fail	62.0667
Rouse2016	clancheck_fail	52.85
Rouse2016	clancheck_fail	51.625
Rouse2016	clancheck_fail	56.0526
Rouse2016	clancheck_fail	48.3889
Rouse2016	clancheck_fail	47.6923
Rouse2016	clancheck_fail	55.4211
Rouse2016	clancheck_fail	49.5263
Rouse2016	clancheck_fail	58.2353
Rouse2016	clancheck_fail	34.9333
Rouse2016	clancheck_fail	53.875
Rouse2016	clancheck_fail	44.3571
Rouse2016	clancheck_fail	44.8824
Rouse2016	clancheck_fail	50.6923
Rouse2016	clancheck_fail	48.7368
Rouse2016	clancheck_fail	59.7692
Rouse2016	clancheck_fail	54.4211
Rouse2016	clancheck_fail	61.5333
Rouse2016	clancheck_fail	56.0769
Rouse2016	clancheck_fail	60.1176
Rouse2016	clancheck_fail	49.3846
Rouse2016	clancheck_fail	48.6923
Rouse2016	clancheck_fail	52.0588
Rouse2016	clancheck_fail	46.2308
Rouse2016	clancheck_fail	62.2143
Rouse2016	clancheck_fail	53.2667
Rouse2016	clancheck_fail	45.7857
Rouse2016	clancheck_fail	46.5333
Rouse2016	clancheck_fail	52.9
Rouse2016	clancheck_fail	46.9231
Rouse2016	clancheck_fail	54.2143
Rouse2016	clancheck_fail	51.6875
Rouse2016	clancheck_fail	57.0556
Rouse2016	clancheck_fail	39.8571
Rouse2016	clancheck_fail	53.0476
Rouse2016	clancheck_fail	51.2353
Rouse2016	clancheck_fail	48.5385
Rouse2016	clancheck_fail	51.3571
Rouse2016	clancheck_fail	47
Rouse2016	clancheck_fail	54
Rouse2016	clancheck_fail	64.2632
Rouse2016	clancheck_fail	53.2143
Rouse2016	clancheck_fail	58.25
Rouse2016	clancheck_fail	51
Rouse2016	clancheck_fail	47.7692
Rouse2016	clancheck_fail	54.0625
Rouse2016	clancheck_fail	46.2667
Rouse2016	clancheck_fail	52.5
Rouse2016	clancheck_fail	49
Rouse2016	clancheck_fail	54.3846
Rouse2016	clancheck_fail	52.5
Rouse2016	clancheck_fail	64.1765
Rouse2016	clancheck_fail	60.6667
Rouse2016	clancheck_fail	58.625
Rouse2016	clancheck_fail	63.7143
Rouse2016	clancheck_fail	48.8235
Rouse2016	clancheck_fail	53.7143
Rouse2016	clancheck_fail	59.8421
Rouse2016	clancheck_fail	41.7692
Rouse2016	clancheck_fail	57.5625
Rouse2016	clancheck_fail	57.5714
Rouse2016	clancheck_fail	56
Rouse2016	clancheck_fail	42.2778
Rouse2016	clancheck_fail	45.2857
Rouse2016	clancheck_fail	57.0667
Rouse2016	clancheck_fail	52.7857
Rouse2016	clancheck_fail	36.5882
Rouse2016	clancheck_fail	62.0526
Rouse2016	clancheck_fail	64.5882
Rouse2016	clancheck_fail	47.8462
Rouse2016	clancheck_fail	52.0714
Rouse2016	clancheck_fail	54.9231
Rouse2016	clancheck_fail	58.1538
Rouse2016	clancheck_fail	46.8667
Rouse2016	clancheck_fail	54.5
Rouse2016	clancheck_fail	48.2667
Rouse2016	clancheck_fail	36.2857
Rouse2016	clancheck_fail	53.7692
Rouse2016	clancheck_fail	56.6
Rouse2016	clancheck_fail	48.2667
Rouse2016	clancheck_fail	54.2308
Rouse2016	clancheck_fail	53.8
Rouse2016	clancheck_fail	64.7857
Rouse2016	clancheck_fail	48
Rouse2016	clancheck_fail	40.75
Rouse2016	clancheck_fail	43.0769
Rouse2016	clancheck_fail	56.5333
Rouse2016	clancheck_fail	50.2857
Rouse2016	clancheck_fail	57.8333
Rouse2016	clancheck_fail	58.0625
Rouse2016	clancheck_fail	49.5
Rouse2016	clancheck_fail	62.6923
Rouse2016	clancheck_fail	59
Rouse2016	clancheck_fail	42.0714
Rouse2016	clancheck_fail	45.875
Rouse2016	clancheck_fail	51.2222
Rouse2016	clancheck_fail	46.85
Rouse2016	clancheck_fail	64.0714
Rouse2016	clancheck_fail	47.9444
Rouse2016	clancheck_fail	49.5714
Rouse2016	clancheck_fail	52.1333
Rouse2016	clancheck_fail	43.625
Rouse2016	clancheck_fail	37.8824
Rouse2016	clancheck_fail	55.5294
Rouse2016	clancheck_fail	50.9286
Rouse2016	clancheck_fail	57.6429
Rouse2016	clancheck_fail	63.4615
Rouse2016	clancheck_fail	60.2941
Rouse2016	clancheck_fail	45.8824
Rouse2016	clancheck_fail	47.4615
Rouse2016	clancheck_fail	44.8571
Rouse2016	clancheck_fail	62.3846
Rouse2016	clancheck_fail	44.3333
Rouse2016	clancheck_fail	51.1429
Rouse2016	clancheck_fail	65.1538
Rouse2016	clancheck_fail	72.7143
Rouse2016	clancheck_fail	60.2308
Rouse2016	clancheck_fail	41.7857
Rouse2016	clancheck_fail	63.4286
Rouse2016	clancheck_fail	51.3846
Rouse2016	clancheck_fail	54.0769
Rouse2016	clancheck_fail	55.7143
Rouse2016	clancheck_fail	44
Rouse2016	clancheck_fail	44.3125
Rouse2016	clancheck_fail	52.5294
Rouse2016	clancheck_fail	55.5
Rouse2016	clancheck_fail	43.8889
Rouse2016	clancheck_fail	52.7222
Rouse2016	clancheck_fail	52.4
Rouse2016	clancheck_fail	46.4762
Rouse2016	clancheck_fail	68.0667
Rouse2016	clancheck_fail	40.3077
Rouse2016	clancheck_fail	51.2
Rouse2016	clancheck_fail	50.9231
Rouse2016	clancheck_fail	62.6923
Rouse2016	clancheck_fail	63.0714
Rouse2016	clancheck_fail	48.8667
Rouse2016	clancheck_fail	56
Rouse2016	clancheck_fail	51.6875
Rouse2016	clancheck_fail	56.3333
Rouse2016	clancheck_fail	57.2941
Rouse2016	clancheck_fail	44.0769
Rouse2016	clancheck_fail	59.6111
Rouse2016	clancheck_fail	46.1176
Rouse2016	clancheck_fail	54.7692
Rouse2016	clancheck_fail	54.7143
Rouse2016	clancheck_fail	57.7143
Rouse2016	clancheck_fail	46.25
Rouse2016	clancheck_fail	60.6316
Rouse2016	clancheck_fail	50.4737
Rouse2016	clancheck_fail	72.125
Rouse2016	clancheck_fail	38.0769
Rouse2016	clancheck_fail	49.7059
Rouse2016	clancheck_fail	49.6154
Rouse2016	clancheck_fail	49.6875
Rouse2016	clancheck_fail	42.2
Rouse2016	clancheck_fail	58.2667
Rouse2016	clancheck_fail	59.5556
Rouse2016	clancheck_fail	50
Rouse2016	clancheck_fail	38
Rouse2016	clancheck_fail	45.9412
Rouse2016	clancheck_fail	52.5
Rouse2016	clancheck_fail	40.7143
Rouse2016	clancheck_fail	42.8462
Rouse2016	clancheck_fail	39.9286
Rouse2016	clancheck_fail	56.375
Rouse2016	clancheck_fail	56.3571
Rouse2016	clancheck_fail	54.1333
Rouse2016	clancheck_fail	60.6429
Rouse2016	clancheck_fail	47.4667
Rouse2016	clancheck_fail	63.25
Rouse2016	clancheck_fail	45.2
Rouse2016	clancheck_fail	50.8333
Rouse2016	clancheck_fail	59.8
Rouse2016	clancheck_fail	49.2857
Rouse2016	clancheck_fail	48
Rouse2016	clancheck_fail	32.4615
Rouse2016	clancheck_fail	40.4375
Rouse2016	clancheck_fail	48.4667
Rouse2016	clancheck_fail	48
Rouse2016	clancheck_fail	43.2778
Rouse2016	clancheck_fail	57.3846
Rouse2016	clancheck_fail	52.3333
Rouse2016	clancheck_fail	57
Rouse2016	clancheck_fail	58.4
Rouse2016	clancheck_fail	53.4762
Rouse2016	clancheck_fail	46.6667
Rouse2016	clancheck_fail	54.9231
Rouse2016	clancheck_fail	42.6
Rouse2016	clancheck_fail	55.9286
Rouse2016	clancheck_fail	52.2308
Rouse2016	clancheck_fail	48
Rouse2016	clancheck_fail	57.1538
Rouse2016	clancheck_fail	48.5385
Rouse2016	clancheck_fail	37.3846
Rouse2016	clancheck_fail	63.6429
Rouse2016	clancheck_fail	51.1875
Rouse2016	clancheck_fail	37.9231
Rouse2016	clancheck_fail	54.0625
Rouse2016	clancheck_fail	54.25
Rouse2016	clancheck_fail	54.4615
Rouse2016	clancheck_fail	47.2857
Rouse2016	clancheck_fail	71.1429
Rouse2016	clancheck_fail	66.5
Rouse2016	clancheck_fail	50.3333
Rouse2016	clancheck_fail	52.55
Rouse2016	clancheck_fail	45.9474
Rouse2016	clancheck_fail	51.5714
Rouse2016	clancheck_fail	42.4375
Rouse2016	clancheck_fail	58.7059
Rouse2016	clancheck_fail	43.75
Rouse2016	clancheck_fail	66.4615
Rouse2016	clancheck_fail	57
Rouse2016	clancheck_fail	60.0769
Rouse2016	clancheck_fail	56.7059
Rouse2016	clancheck_fail	56.1538
Rouse2016	clancheck_fail	53.25
Rouse2016	clancheck_fail	61.8462
Rouse2016	clancheck_fail	63.9231
Rouse2016	clancheck_fail	47.375
Rouse2016	clancheck_fail	47.6471
Rouse2016	clancheck_fail	52.375
Rouse2016	clancheck_fail	51.0667
Rouse2016	clancheck_fail	55.2667
Rouse2016	clancheck_fail	47.0526
Rouse2016	clancheck_fail	58.8571
Rouse2016	clancheck_fail	49.5385
Rouse2016	clancheck_fail	51.4
Rouse2016	clancheck_fail	48.7059
Rouse2016	clancheck_fail	57.1667
Rouse2016	clancheck_fail	56.4615
Rouse2016	clancheck_fail	38.9286
Rouse2016	clancheck_fail	61.3846
Rouse2016	clancheck_fail	45.619
Rouse2016	clancheck_fail	53.7857
Rouse2016	clancheck_fail	49.1875
Rouse2016	clancheck_fail	58.6667
Rouse2016	clancheck_fail	43.1333
Rouse2016	clancheck_fail	48.4667
Rouse2016	clancheck_fail	45.2353
Rouse2016	clancheck_fail	48.2308
Rouse2016	clancheck_fail	59.4286
Rouse2016	clancheck_fail	48.2353
Rouse2016	clancheck_fail	54.6429
Rouse2016	clancheck_fail	55.2941
Rouse2016	clancheck_fail	56.0588
Rouse2016	clancheck_fail	65.4211
Rouse2016	clancheck_fail	40.125
Rouse2016	clancheck_fail	46.9231
Rouse2016	clancheck_fail	50.3333
Rouse2016	clancheck_fail	64.3846
Rouse2016	clancheck_fail	46.9375
Rouse2016	clancheck_fail	57.8421
Rouse2016	clancheck_fail	47.7692
Rouse2016	clancheck_fail	58.9231
Rouse2016	clancheck_fail	61
Rouse2016	clancheck_fail	54.625
Rouse2016	clancheck_fail	43.8462
Rouse2016	clancheck_fail	59.2143
Rouse2016	clancheck_fail	45.9231
Rouse2016	clancheck_fail	42.1538
Rouse2016	clancheck_fail	36.5
Rouse2016	clancheck_fail	46.3
Rouse2016	clancheck_fail	46.3125
Rouse2016	clancheck_fail	45.0769
Rouse2016	clancheck_fail	54.5
Rouse2016	clancheck_fail	52.1875
Rouse2016	clancheck_fail	55.7778
Rouse2016	clancheck_fail	58.4444
Rouse2016	clancheck_fail	52.8125
Rouse2016	clancheck_fail	48.6154
Rouse2016	clancheck_fail	59.6
Rouse2016	clancheck_fail	52.6154
Rouse2016	clancheck_fail	50.1429
Rouse2016	clancheck_fail	61.4615
Rouse2016	clancheck_fail	59.2857
Rouse2016	clancheck_fail	62.7143
Rouse2016	clancheck_fail	54.2381
Rouse2016	clancheck_fail	52.6667
Rouse2016	clancheck_fail	42.5294
Rouse2016	clancheck_fail	57.6667
Rouse2016	clancheck_fail	62.5
Rouse2016	clancheck_fail	63.8824
Rouse2016	clancheck_fail	48.5
Rouse2016	clancheck_fail	55.8333
Rouse2016	clancheck_fail	47.3846
Rouse2016	clancheck_fail	41.8
Rouse2016	clancheck_fail	55.6667
Rouse2016	clancheck_fail	60.8462
Rouse2016	clancheck_fail	61.6154
Rouse2016	clancheck_fail	58.1333
Rouse2016	clancheck_fail	50.7143
Rouse2016	clancheck_fail	54.3889
Rouse2016	clancheck_fail	52.1429
Rouse2016	clancheck_fail	56.8125
Rouse2016	clancheck_fail	36.5625
Rouse2016	clancheck_fail	59.5
Rouse2016	clancheck_fail	57.9333
Rouse2016	clancheck_fail	54
Rouse2016	clancheck_fail	48.2308
Rouse2016	clancheck_fail	52.6
Rouse2016	clancheck_fail	45.8421
Rouse2016	clancheck_fail	52.5
Rouse2016	clancheck_fail	56.1579
Rouse2016	clancheck_fail	59.9474
Rouse2016	clancheck_fail	57.7368
Rouse2016	clancheck_fail	62.2667
Rouse2016	clancheck_fail	38.6923
Rouse2016	clancheck_fail	43.4444
Rouse2016	clancheck_fail	46.619
Rouse2016	clancheck_fail	55.1538
Rouse2016	clancheck_fail	51.4615
Rouse2016	clancheck_fail	45.2857
Rouse2016	clancheck_fail	56.2353
Rouse2016	clancheck_fail	51.8333
Rouse2016	clancheck_fail	38.75
Rouse2016	clancheck_fail	46.3077
Rouse2016	clancheck_fail	54.1053
Rouse2016	clancheck_fail	63.0625
Rouse2016	clancheck_fail	59.6111
Rouse2016	clancheck_fail	56.4286
Rouse2016	clancheck_fail	55.3077
Rouse2016	clancheck_fail	64
Rouse2016	clancheck_fail	57.5714
Rouse2016	clancheck_fail	52.875
Rouse2016	clancheck_fail	52.6923
Rouse2016	clancheck_fail	53.6316
Rouse2016	clancheck_fail	43.4375
Rouse2016	clancheck_fail	46.0625
Rouse2016	clancheck_fail	49.55
Rouse2016	clancheck_fail	55.7692
Rouse2016	clancheck_fail	44
Rouse2016	clancheck_fail	59.7368
Rouse2016	clancheck_fail	52.5556
Rouse2016	clancheck_fail	46.1875
Rouse2016	clancheck_fail	48.4118
Rouse2016	clancheck_fail	47
Rouse2016	clancheck_fail	45.4615
Rouse2016	clancheck_fail	59.0833
Rouse2016	clancheck_fail	56.4
Rouse2016	clancheck_fail	51.1667
Rouse2016	clancheck_fail	48.4706
Rouse2016	clancheck_fail	59.25
Rouse2016	clancheck_fail	53.3846
Rouse2016	clancheck_fail	36.2105
Rouse2016	clancheck_fail	47.0714
Rouse2016	clancheck_fail	38.6875
Rouse2016	clancheck_fail	55.1429
Rouse2016	clancheck_fail	74.9333
Rouse2016	clancheck_fail	34.2857
Rouse2016	clancheck_fail	48.0769
Rouse2016	clancheck_fail	52.5385
Rouse2016	clancheck_fail	39.2308
Rouse2016	clancheck_fail	42.1538
Rouse2016	clancheck_fail	40.5714
Rouse2016	clancheck_fail	58.6667
Rouse2016	clancheck_fail	51
Rouse2016	clancheck_fail	37
Rouse2016	clancheck_fail	56.375
Rouse2016	clancheck_fail	47.6471
Rouse2016	clancheck_fail	55.5333
Rouse2016	clancheck_fail	58.7333
Rouse2016	clancheck_fail	50.0714
Rouse2016	clancheck_fail	49.55
Rouse2016	clancheck_fail	42.1333
Rouse2016	clancheck_fail	49.4667
Rouse2016	clancheck_fail	40.7143
Rouse2016	clancheck_fail	57.4
Rouse2016	clancheck_fail	47
Rouse2016	clancheck_fail	62.2667
Rouse2016	clancheck_fail	52.4615
Rouse2016	clancheck_fail	55.0526
Rouse2016	clancheck_fail	48.8571
Rouse2016	clancheck_fail	57.6875
Rouse2016	clancheck_fail	47.5625
Rouse2016	clancheck_fail	67.5385
Rouse2016	clancheck_fail	52
Rouse2016	clancheck_fail	46
Rouse2016	clancheck_fail	56.8462
Rouse2016	clancheck_fail	41.75
Rouse2016	clancheck_fail	49.8333
Rouse2016	clancheck_fail	63.6429
Rouse2016	clancheck_fail	48.0667
Rouse2016	clancheck_fail	48.6
Rouse2016	clancheck_fail	55.8333
Rouse2016	clancheck_fail	37.8462
Rouse2016	clancheck_fail	51.2667
Rouse2016	clancheck_fail	63.7692
Rouse2016	clancheck_fail	61.2857
Rouse2016	clancheck_fail	49.3846
Rouse2016	clancheck_fail	51.6471
Rouse2016	clancheck_fail	52.3
Rouse2016	clancheck_fail	46.5
Rouse2016	clancheck_fail	46.1538
Rouse2016	clancheck_fail	55.4444
Rouse2016	clancheck_fail	50.7647
Rouse2016	clancheck_fail	56.4615
Rouse2016	clancheck_fail	60.7222
Rouse2016	clancheck_fail	54.9412
Rouse2016	clancheck_fail	45.1429
Rouse2016	clancheck_fail	53.5
Rouse2016	clancheck_fail	39.1538
Rouse2016	clancheck_fail	58.2857
Rouse2016	clancheck_fail	59.1429
Rouse2016	clancheck_fail	64.4118
Rouse2016	clancheck_fail	46.7059
Rouse2016	clancheck_fail	51.8462
Rouse2016	clancheck_fail	47.4615
Rouse2016	clancheck_fail	49.8333
Rouse2016	clancheck_fail	46.1875
Rouse2016	clancheck_fail	45.0625
Rouse2016	clancheck_fail	65.5625
Rouse2016	clancheck_fail	49.1667
Rouse2016	clancheck_fail	62.4615
Rouse2016	clancheck_fail	49.5714
Rouse2016	clancheck_fail	42.6667
Rouse2016	clancheck_fail	51.8125
Rouse2016	clancheck_fail	48.0667
Rouse2016	clancheck_fail	57.7857
Rouse2016	clancheck_fail	60.9286
Rouse2016	clancheck_fail	61.0769
Rouse2016	clancheck_fail	62.9412
Rouse2016	clancheck_fail	56.5625
Rouse2016	clancheck_fail	48.0833
Rouse2016	clancheck_fail	49.9333
Rouse2016	clancheck_fail	58.1111
Rouse2016	clancheck_fail	56.7143
Rouse2016	clancheck_fail	56.7647
Rouse2016	clancheck_fail	53.3571
Rouse2016	clancheck_fail	47.7143
Rouse2016	clancheck_fail	65.2308
Rouse2016	clancheck_fail	61.9444
Rouse2016	clancheck_fail	58.5882
Rouse2016	clancheck_fail	64.8667
Rouse2016	clancheck_fail	47.619
Rouse2016	clancheck_fail	63.2143
Rouse2016	clancheck_fail	60.2857
Rouse2016	clancheck_fail	60.6667
Rouse2016	clancheck_fail	52.6154
Rouse2016	clancheck_fail	47
Rouse2016	clancheck_fail	52.9333
Rouse2016	clancheck_fail	46.8333
Rouse2016	clancheck_fail	46.6429
Rouse2016	clancheck_fail	51.9333
Rouse2016	clancheck_fail	46.7778
Rouse2016	clancheck_fail	49.3571
Rouse2016	clancheck_fail	55.7
Rouse2016	clancheck_fail	56.8462
Rouse2016	clancheck_fail	46.1538
Rouse2016	clancheck_fail	39.9286
Rouse2016	clancheck_fail	56.5625
Rouse2016	clancheck_fail	38.3529
Rouse2016	clancheck_fail	40.3077
Rouse2016	clancheck_fail	43.8824
Rouse2016	clancheck_fail	47.3846
Rouse2016	clancheck_fail	57
Rouse2016	clancheck_fail	53.3889
Rouse2016	clancheck_fail	53.7222
Rouse2016	clancheck_fail	64
Rouse2016	clancheck_fail	61.6
Rouse2016	clancheck_fail	53.7368
Rouse2016	clancheck_fail	40.3846
Rouse2016	clancheck_fail	63.5714
Rouse2016	clancheck_fail	55.8571
Rouse2016	clancheck_fail	52.9
Rouse2016	clancheck_fail	36.1667
Rouse2016	clancheck_fail	47.8
Rouse2016	clancheck_fail	40.875
Rouse2016	clancheck_fail	40.5385
Rouse2016	clancheck_fail	53.2
Rouse2016	clancheck_fail	48.0714
Rouse2016	clancheck_fail	50.9474
Rouse2016	clancheck_fail	57.3571
Rouse2016	clancheck_fail	58.4118
Rouse2016	clancheck_fail	33.25
Rouse2016	clancheck_fail	61.1429
Rouse2016	clancheck_fail	52.6
Rouse2016	clancheck_fail	68.8235
Rouse2016	clancheck_fail	50.3077
Rouse2016	clancheck_fail	54
Rouse2016	clancheck_fail	55.2857
Rouse2016	clancheck_fail	49.3846
Rouse2016	clancheck_fail	40.9231
Rouse2016	clancheck_fail	55.5385
Rouse2016	clancheck_fail	52.9286
Rouse2016	clancheck_fail	58.7143
Rouse2016	clancheck_fail	59.6667
Rouse2016	clancheck_fail	64.6923
Rouse2016	clancheck_fail	51.5833
Rouse2016	clancheck_fail	55.6111
Rouse2016	clancheck_fail	52.2143
Rouse2016	clancheck_fail	51.0769
Rouse2016	clancheck_fail	56.8333
Rouse2016	clancheck_fail	57.0625
Rouse2016	clancheck_fail	55.9231
Rouse2016	clancheck_fail	49.4706
Rouse2016	clancheck_fail	41.1765
Rouse2016	clancheck_fail	56.6429
Rouse2016	clancheck_fail	61.7692
Rouse2016	clancheck_fail	54.7778
Rouse2016	clancheck_fail	60.0556
Rouse2016	clancheck_fail	50
Rouse2016	clancheck_fail	52.1429
Rouse2016	clancheck_fail	69.2
Rouse2016	clancheck_fail	45.1176
Rouse2016	clancheck_fail	51.3571
Rouse2016	clancheck_fail	50.6154
Rouse2016	clancheck_fail	46.2857
Rouse2016	clancheck_fail	45.9286
Rouse2016	clancheck_fail	51.4667
Rouse2016	clancheck_fail	67.1538
Rouse2016	clancheck_fail	60.2308
Rouse2016	clancheck_fail	58.9412
Rouse2016	clancheck_fail	58.0526
Rouse2016	clancheck_fail	53
Rouse2016	clancheck_fail	67
Rouse2016	clancheck_fail	60.5882
Rouse2016	clancheck_fail	55.6471
Rouse2016	clancheck_fail	49.4286
Rouse2016	clancheck_fail	47.7143
Rouse2016	clancheck_fail	43
Rouse2016	clancheck_fail	57.5789
Rouse2016	clancheck_fail	46.3077
Rouse2016	clancheck_fail	54.05
Rouse2016	clancheck_fail	58.0556
Rouse2016	clancheck_fail	56.3077
Rouse2016	clancheck_fail	52.1176
Rouse2016	clancheck_fail	54.5
Rouse2016	clancheck_fail	46.9286
Rouse2016	clancheck_fail	66.4615
Rouse2016	clancheck_fail	53.9444
Rouse2016	clancheck_fail	51.6154
Rouse2016	clancheck_fail	70.0769
Rouse2016	clancheck_fail	44.9375
Rouse2016	clancheck_fail	44.8667
Rouse2016	clancheck_fail	43
Rouse2016	clancheck_fail	54.5385
Rouse2016	clancheck_fail	50.3
Rouse2016	clancheck_fail	57.25
Rouse2016	clancheck_fail	51.85
Rouse2016	clancheck_fail	61.6667
Rouse2016	clancheck_fail	50.7143
Rouse2016	clancheck_fail	58.3077
Rouse2016	clancheck_fail	58.5263
Rouse2016	clancheck_fail	56.6923
Rouse2016	clancheck_fail	48.4667
Rouse2016	clancheck_fail	55.4444
Rouse2016	clancheck_fail	43.9231
Rouse2016	clancheck_fail	42.9286
Rouse2016	clancheck_fail	53.3125
Rouse2016	clancheck_fail	40.4375
Rouse2016	clancheck_fail	56.5385
Rouse2016	clancheck_fail	67.0833
Rouse2016	clancheck_fail	43.7857
Rouse2016	clancheck_fail	47.6154
Rouse2016	clancheck_fail	42.8333
Rouse2016	clancheck_fail	53.5385
Rouse2016	clancheck_fail	50.5
Rouse2016	clancheck_fail	62.2857
Rouse2016	clancheck_fail	61.8462
Rouse2016	clancheck_fail	58.2353
Rouse2016	clancheck_fail	46
Rouse2016	clancheck_fail	58.1579
Rouse2016	clancheck_fail	62
Rouse2016	clancheck_fail	64.1875
Rouse2016	clancheck_fail	38
Rouse2016	clancheck_fail	60.3333
Rouse2016	clancheck_fail	47.7692
Rouse2016	clancheck_fail	60.5625
Rouse2016	clancheck_fail	56.6667
Rouse2016	clancheck_fail	57.5294
Rouse2016	clancheck_fail	43.1875
Rouse2016	clancheck_fail	43.8889
Rouse2016	clancheck_fail	59.5
Rouse2016	clancheck_fail	55.9444
Rouse2016	clancheck_fail	44.2143
Rouse2016	clancheck_fail	55.6429
Rouse2016	clancheck_fail	56.1538
Rouse2016	clancheck_fail	52.3077
Rouse2016	clancheck_fail	45.9286
Rouse2016	clancheck_fail	48.6667
Rouse2016	clancheck_fail	45.7692
Rouse2016	clancheck_fail	59.2667
Rouse2016	clancheck_fail	52.875
Rouse2016	clancheck_fail	49.2667
Rouse2016	clancheck_fail	54.375
Rouse2016	clancheck_fail	50.375
Rouse2016	clancheck_fail	47.4286
Rouse2016	clancheck_fail	56.3571
Rouse2016	clancheck_fail	53.8824
Rouse2016	clancheck_fail	45.9333
Rouse2016	clancheck_fail	53.0667
Rouse2016	clancheck_fail	60.3889
Rouse2016	clancheck_fail	42.9231
Rouse2016	clancheck_fail	62.7222
Rouse2016	clancheck_fail	50
Rouse2016	clancheck_fail	58
Rouse2016	clancheck_fail	50.25
Rouse2016	clancheck_fail	60.1111
Rouse2016	clancheck_fail	50.0667
Rouse2016	clancheck_fail	40.6471
Rouse2016	clancheck_fail	54.1111
Rouse2016	clancheck_fail	48.3846
Rouse2016	clancheck_fail	51.3077
Rouse2016	clancheck_fail	46.6154
Rouse2016	clancheck_fail	57.4286
Rouse2016	clancheck_fail	56.7692
Rouse2016	clancheck_fail	52.7059
Rouse2016	clancheck_fail	51.2143
Rouse2016	clancheck_fail	62.7692
Rouse2016	clancheck_fail	49.7692
Rouse2016	clancheck_fail	51.6667
Rouse2016	clancheck_fail	55.0769
Rouse2016	clancheck_fail	45.4737
Rouse2016	clancheck_fail	43
Rouse2016	clancheck_fail	50.7857
Rouse2016	clancheck_fail	55.6154
Rouse2016	clancheck_fail	52.8462
Rouse2016	clancheck_fail	40.8824
Rouse2016	clancheck_fail	55.5
Rouse2016	clancheck_fail	51.5
Rouse2016	clancheck_fail	39.1538
Rouse2016	clancheck_fail	50.6667
Rouse2016	clancheck_fail	56.2381
Rouse2016	clancheck_fail	55.2143
Rouse2016	clancheck_fail	47.7778
Rouse2016	clancheck_fail	52.2632
Rouse2016	clancheck_fail	57
Rouse2016	clancheck_fail	47.6429
Rouse2016	clancheck_fail	37.5385
Rouse2016	clancheck_fail	67.0714
Rouse2016	clancheck_fail	47.5714
Rouse2016	clancheck_fail	54.0667
Rouse2016	clancheck_fail	52.95
Rouse2016	clancheck_fail	49.75
Rouse2016	clancheck_fail	52.9231
Rouse2016	clancheck_fail	59.7647
Rouse2016	clancheck_fail	51.1579
Rouse2016	clancheck_fail	49.3077
Rouse2016	clancheck_fail	55.25
Rouse2016	clancheck_fail	56.5882
Rouse2016	clancheck_fail	45.5882
Rouse2016	clancheck_fail	49.3158
Rouse2016	clancheck_fail	47.875
Rouse2016	clancheck_fail	46.7647
Rouse2016	clancheck_fail	68.6923
Rouse2016	clancheck_fail	42.375
Rouse2016	clancheck_fail	58.6154
Rouse2016	clancheck_fail	62.125
Rouse2016	clancheck_fail	43.3846
Rouse2016	clancheck_fail	55.9231
Rouse2016	clancheck_fail	52.4706
Rouse2016	clancheck_fail	53.4615
Rouse2016	clancheck_fail	64.5385
Rouse2016	clancheck_fail	45.3529
Rouse2016	clancheck_fail	60.5
Rouse2016	clancheck_fail	57.25
Rouse2016	clancheck_fail	50.4286
Rouse2016	clancheck_fail	37.7059
Rouse2016	clancheck_fail	55.7143
Rouse2016	clancheck_fail	53.6923
Rouse2016	clancheck_fail	58.2143
Rouse2016	clancheck_fail	53.0625
Rouse2016	clancheck_fail	58.3333
Rouse2016	clancheck_fail	59.8571
Rouse2016	clancheck_fail	47.1333
Rouse2016	clancheck_fail	55.6923
Rouse2016	clancheck_fail	48.0833
Rouse2016	clancheck_fail	55.5385
Rouse2016	clancheck_fail	52.4667
Rouse2016	clancheck_fail	51.5714
Rouse2016	clancheck_fail	54.0588
Rouse2016	clancheck_fail	53.7222
Rouse2016	clancheck_fail	35.3333
Rouse2016	clancheck_fail	62.9231
Rouse2016	clancheck_fail	59.6471
Rouse2016	clancheck_fail	62.8667
Rouse2016	clancheck_fail	47
Rouse2016	clancheck_fail	53.4444
Rouse2016	clancheck_fail	53.7692
Rouse2016	clancheck_fail	52.5
Rouse2016	clancheck_fail	47.6875
Rouse2016	clancheck_fail	54.1579
Rouse2016	clancheck_fail	43.125
Rouse2016	clancheck_fail	36.6923
Rouse2016	clancheck_fail	50.9231
Rouse2016	clancheck_fail	56.0769
Rouse2016	clancheck_fail	51.2308
Rouse2016	clancheck_fail	44.6667
Rouse2016	clancheck_fail	50.8125
Rouse2016	clancheck_fail	61.9286
Rouse2016	clancheck_fail	51.4167
Rouse2016	clancheck_fail	56
Rouse2016	clancheck_fail	44.6
Rouse2016	clancheck_fail	47.8333
Rouse2016	clancheck_fail	63.1538
Rouse2016	clancheck_fail	65.0667
Rouse2016	clancheck_fail	64.6667
Rouse2016	clancheck_fail	48.6923
Rouse2016	clancheck_fail	49.9375
Rouse2016	clancheck_fail	41.0714
Rouse2016	clancheck_fail	56.8667
Rouse2016	clancheck_fail	46.0714
Rouse2016	clancheck_fail	49
Rouse2016	clancheck_fail	40.0769
Rouse2016	clancheck_fail	47
Rouse2016	clancheck_fail	51.6429
Rouse2016	clancheck_fail	67.3846
Rouse2016	clancheck_fail	46.4286
Rouse2016	clancheck_fail	55.6667
Rouse2016	clancheck_fail	47
Rouse2016	clancheck_fail	51.9444
Rouse2016	clancheck_fail	54.9375
Rouse2016	clancheck_fail	49.5
Rouse2016	clancheck_fail	40.8333
Rouse2016	clancheck_fail	45.3529
Rouse2016	clancheck_fail	58.5714
Rouse2016	clancheck_fail	62.7619
Rouse2016	clancheck_fail	56.6923
Rouse2016	clancheck_fail	57.4286
Rouse2016	clancheck_fail	64.0769
Rouse2016	clancheck_fail	58.3333
Rouse2016	clancheck_fail	48.5333
Rouse2016	clancheck_fail	52.0714
Rouse2016	clancheck_fail	43.1538
Rouse2016	clancheck_fail	55.4375
Rouse2016	clancheck_fail	41
Rouse2016	clancheck_fail	40.7143
Rouse2016	clancheck_fail	58.2632
Rouse2016	clancheck_fail	62.7692
Rouse2016	clancheck_fail	50.7895
Rouse2016	clancheck_fail	49.1875
Rouse2016	clancheck_fail	54.8571
Rouse2016	clancheck_fail	41.3529
Rouse2016	clancheck_fail	56.2632
Rouse2016	clancheck_fail	45.0625
Rouse2016	clancheck_fail	46.0714
Rouse2016	clancheck_fail	56
Rouse2016	clancheck_fail	61.4444
Rouse2016	clancheck_fail	42.625
Rouse2016	clancheck_fail	53.5714
Rouse2016	clancheck_fail	51.1667
Rouse2016	clancheck_fail	56.1538
Rouse2016	clancheck_fail	55.9444
Rouse2016	clancheck_fail	54.3
Rouse2016	clancheck_fail	52.2857
Rouse2016	clancheck_fail	52.5385
Rouse2016	clancheck_fail	43.5
Rouse2016	clancheck_fail	62
Rouse2016	clancheck_fail	45.2941
Rouse2016	clancheck_fail	56.9231
Rouse2016	clancheck_fail	59.6154
Rouse2016	clancheck_fail	68.0667
Rouse2016	clancheck_fail	47.625
Rouse2016	clancheck_fail	46.9375
Rouse2016	clancheck_fail	43.7692
Rouse2016	clancheck_fail	50.2308
Rouse2016	clancheck_fail	50.8571
Rouse2016	clancheck_fail	66.1333
Rouse2016	clancheck_fail	51.5333
Rouse2016	clancheck_fail	55
Rouse2016	clancheck_fail	57.6154
Rouse2016	clancheck_fail	55.5
Rouse2016	clancheck_fail	35.7857
Rouse2016	clancheck_fail	49.5556
Rouse2016	clancheck_fail	47
Rouse2016	clancheck_fail	60.7143
Rouse2016	clancheck_fail	39.6111
Rouse2016	clancheck_fail	54.0667
Rouse2016	clancheck_fail	50.8125
Rouse2016	clancheck_fail	40
Rouse2016	clancheck_fail	50.2667
Rouse2016	clancheck_fail	46.8462
Rouse2016	clancheck_fail	55.875
Rouse2016	clancheck_fail	58.2308
Rouse2016	clancheck_fail	47.7692
Rouse2016	clancheck_fail	51.6154
Rouse2016	clancheck_fail	54.6
Rouse2016	clancheck_fail	49.4286
Rouse2016	clancheck_fail	55.0714
Rouse2016	clancheck_fail	59.5
Rouse2016	clancheck_fail	47.9231
Rouse2016	clancheck_fail	56.6667
Rouse2016	clancheck_fail	57
Rouse2016	clancheck_fail	59.5
Rouse2016	clancheck_fail	48.8333
Rouse2016	clancheck_fail	55.8667
Rouse2016	clancheck_fail	62.8462
Rouse2016	clancheck_fail	48.6
Rouse2016	clancheck_fail	60.375
Rouse2016	clancheck_fail	50.0588
Rouse2016	clancheck_fail	50.0714
Rouse2016	clancheck_fail	32.1667
Rouse2016	clancheck_fail	57.3333
Rouse2016	clancheck_fail	53.3077
Rouse2016	clancheck_fail	66.4667
Rouse2016	clancheck_fail	53.7692
Rouse2016	clancheck_fail	56.2667
Rouse2016	clancheck_fail	58
Rouse2016	clancheck_fail	54
Rouse2016	clancheck_fail	46.875
Rouse2016	clancheck_fail	46
Rouse2016	clancheck_fail	58.8
Rouse2016	clancheck_fail	53.6875
Rouse2016	clancheck_fail	59
Rouse2016	clancheck_fail	58.6667
Rouse2016	clancheck_fail	56.8667
Rouse2016	clancheck_fail	46.5385
Rouse2016	clancheck_fail	61.4706
Rouse2016	clancheck_fail	48.9286
Rouse2016	clancheck_fail	52.8667
Rouse2016	clancheck_fail	63.3333
Rouse2016	clancheck_fail	45.6923
Rouse2016	clancheck_fail	50.8889
Rouse2016	clancheck_fail	45.6316
Rouse2016	clancheck_fail	42
Rouse2016	clancheck_fail	55.9333
Rouse2016	clancheck_fail	53.2143
Rouse2016	clancheck_fail	47.0714
Rouse2016	clancheck_fail	58.8824
Rouse2016	clancheck_fail	53
Rouse2016	clancheck_fail	56.6667
Rouse2016	clancheck_fail	49.2222
Rouse2016	clancheck_fail	56.2667
Rouse2016	clancheck_fail	51.4615
Rouse2016	clancheck_fail	46.2941
Rouse2016	clancheck_fail	51.1765
Rouse2016	clancheck_fail	52.0667
Rouse2016	clancheck_fail	50.8462
Rouse2016	clancheck_fail	56.8462
Rouse2016	clancheck_fail	47.8571
Rouse2016	clancheck_fail	59.625
Rouse2016	clancheck_fail	41.5
Rouse2016	clancheck_fail	28.8571
Rouse2016	clancheck_fail	52.4615
Rouse2016	clancheck_fail	54.8235
Rouse2016	clancheck_fail	50.0667
Rouse2016	clancheck_fail	42.5333
Rouse2016	clancheck_fail	47.6667
Rouse2016	clancheck_fail	48.1875
Rouse2016	clancheck_fail	51.3571
Rouse2016	clancheck_fail	49.7895
Rouse2016	clancheck_fail	54.6
Rouse2016	clancheck_fail	41.4615
Rouse2016	clancheck_fail	63.125
Rouse2016	clancheck_fail	66.4286
Rouse2016	clancheck_fail	46.25
Rouse2016	clancheck_fail	64.1538
Rouse2016	clancheck_fail	69.2143
Rouse2016	clancheck_fail	58.5
Rouse2016	clancheck_fail	46.3077
Rouse2016	clancheck_fail	52.4167
Rouse2016	clancheck_fail	48.4286
Rouse2016	clancheck_fail	59.6667
Rouse2016	clancheck_fail	50.9412
Rouse2016	clancheck_fail	48.2308
Rouse2016	clancheck_fail	58.2667
Rouse2016	clancheck_fail	55.875
Rouse2016	clancheck_fail	43.3846
Rouse2016	clancheck_fail	59.5
Rouse2016	clancheck_fail	58.1176
Rouse2016	clancheck_fail	48.3571
Rouse2016	clancheck_fail	51.3158
Rouse2016	clancheck_fail	59.75
Rouse2016	clancheck_fail	74.1333
Rouse2016	clancheck_fail	45.5
Rouse2016	clancheck_fail	59.1667
Rouse2016	clancheck_fail	54.1667
Rouse2016	clancheck_fail	53.6842
Rouse2016	clancheck_fail	45.6154
Rouse2016	clancheck_fail	68.4286
Rouse2016	clancheck_fail	65.8
Rouse2016	clancheck_fail	42.9333
Rouse2016	clancheck_fail	41.8462
Rouse2016	clancheck_fail	57.4118
Rouse2016	clancheck_fail	62.1875
Rouse2016	clancheck_fail	44
Rouse2016	clancheck_fail	47.0625
Rouse2016	clancheck_fail	50.2308
Rouse2016	clancheck_fail	49.5385
Rouse2016	clancheck_fail	43.6471
Rouse2016	clancheck_fail	48.0556
Rouse2016	clancheck_fail	49.6429
Rouse2016	clancheck_fail	55.6
Rouse2016	clancheck_fail	56.9231
Rouse2016	clancheck_fail	56.5714
Rouse2016	clancheck_fail	64.75
Rouse2016	clancheck_fail	48.1176
Rouse2016	clancheck_fail	54.7692
Rouse2016	clancheck_fail	54.7692
Rouse2016	clancheck_fail	49
Rouse2016	clancheck_fail	60.1667
Rouse2016	clancheck_fail	58.3684
Rouse2016	clancheck_fail	51.3333
Rouse2016	clancheck_fail	52
Rouse2016	clancheck_fail	51.1875
Rouse2016	clancheck_fail	56.7647
Rouse2016	clancheck_fail	47.3889
Rouse2016	clancheck_fail	47.8889
Rouse2016	clancheck_fail	49.3333
Rouse2016	clancheck_fail	58.6875
Rouse2016	clancheck_fail	44.8125
Rouse2016	clancheck_fail	39
Rouse2016	clancheck_fail	54.2
Rouse2016	clancheck_fail	60.6429
Rouse2016	clancheck_fail	45
Rouse2016	clancheck_fail	59.9333
Rouse2016	clancheck_fail	43.6923
Rouse2016	clancheck_fail	49.5882
Rouse2016	clancheck_fail	48
Rouse2016	clancheck_fail	44.6923
Rouse2016	clancheck_fail	58.0714
Rouse2016	clancheck_fail	40.8667
Rouse2016	clancheck_fail	56.4375
Rouse2016	clancheck_fail	56.6316
Rouse2016	clancheck_fail	48.7143
Rouse2016	clancheck_fail	59.7059
Rouse2016	clancheck_fail	33.55
Rouse2016	clancheck_fail	57.4286
Rouse2016	clancheck_fail	40.9444
Rouse2016	clancheck_fail	61.5333
Rouse2016	clancheck_fail	59.6923
Rouse2016	clancheck_fail	41.1429
Rouse2016	clancheck_fail	53
Rouse2016	clancheck_fail	65.25
Rouse2016	clancheck_fail	61.0714
Rouse2016	clancheck_fail	55
Rouse2016	clancheck_fail	63.2308
Rouse2016	clancheck_fail	46.4286
Rouse2016	clancheck_fail	54.9231
Rouse2016	clancheck_fail	45.4615
Rouse2016	clancheck_fail	43.8462
Rouse2016	clancheck_fail	58.2308
Rouse2016	clancheck_fail	46.6667
Rouse2016	clancheck_fail	53.5556
Rouse2016	clancheck_fail	60.3077
Rouse2016	clancheck_fail	56.75
Rouse2016	clancheck_fail	45.25
Rouse2016	clancheck_fail	39.6
Rouse2016	clancheck_fail	57.8571
Rouse2016	clancheck_fail	52.5385
Rouse2016	clancheck_fail	53
Rouse2016	clancheck_fail	61.6875
Rouse2016	clancheck_fail	61.5
Rouse2016	clancheck_fail	59.5714
Rouse2016	clancheck_fail	49
Rouse2016	clancheck_fail	60.5
Rouse2016	clancheck_fail	57.2
Rouse2016	clancheck_fail	51.7857
Rouse2016	clancheck_fail	60.7333
Rouse2016	clancheck_fail	53.45
Rouse2016	clancheck_fail	55.2667
Rouse2016	clancheck_fail	48.2941
Rouse2016	clancheck_fail	53.8889
Rouse2016	clancheck_fail	48.5714
Rouse2016	clancheck_fail	62.5714
Rouse2016	clancheck_fail	48.3846
Rouse2016	clancheck_fail	57.9412
Rouse2016	clancheck_fail	61.5882
Rouse2016	clancheck_fail	68.4286
Rouse2016	clancheck_fail	50.125
Rouse2016	clancheck_fail	56.1667
Rouse2016	clancheck_fail	50.8889
Rouse2016	clancheck_fail	53.3077
Rouse2016	clancheck_fail	62.7333
Rouse2016	clancheck_fail	48.125
Rouse2016	clancheck_fail	54.875
Rouse2016	clancheck_fail	53.0714
Rouse2016	clancheck_fail	48.4667
Rouse2016	clancheck_fail	65.625
Rouse2016	clancheck_fail	51.3846
Rouse2016	clancheck_fail	52.0625
Rouse2016	clancheck_fail	41.0769
Rouse2016	clancheck_fail	47.1333
Rouse2016	clancheck_fail	58.6667
Rouse2016	clancheck_fail	57.1176
Rouse2016	clancheck_fail	44.5
Rouse2016	clancheck_fail	52.6923
Rouse2016	clancheck_fail	42.8
Rouse2016	clancheck_fail	52.8462
Rouse2016	clancheck_fail	65.5714
Rouse2016	clancheck_fail	44.8
Rouse2016	clancheck_fail	57.4615
Rouse2016	clancheck_fail	47.5556
Rouse2016	clancheck_fail	39.6154
Rouse2016	clancheck_fail	47.2667
Rouse2016	clancheck_fail	49.3571
Rouse2016	clancheck_fail	57.4375
Rouse2016	clancheck_fail	40.7692
Rouse2016	clancheck_fail	46.0588
Rouse2016	clancheck_fail	56.125
Rouse2016	clancheck_fail	59.75
Rouse2016	clancheck_fail	55.8947
Rouse2016	clancheck_fail	54.1111
Rouse2016	clancheck_fail	56.9375
Rouse2016	clancheck_fail	39.7059
Rouse2016	clancheck_fail	57.5385
Rouse2016	clancheck_fail	57.1429
Rouse2016	clancheck_fail	57.2308
Rouse2016	clancheck_fail	60.3529
Rouse2016	clancheck_fail	48.6429
Rouse2016	clancheck_fail	39.15
Rouse2016	clancheck_fail	45
Rouse2016	clancheck_fail	51.4
Rouse2016	clancheck_fail	50.3077
Rouse2016	clancheck_fail	57.7143
Rouse2016	clancheck_fail	46.4167
Rouse2016	clancheck_fail	55.2308
Rouse2016	clancheck_fail	37
Rouse2016	clancheck_fail	41.8333
Rouse2016	clancheck_fail	48.8889
Rouse2016	clancheck_fail	59.6667
Rouse2016	clancheck_fail	47.5
Rouse2016	clancheck_fail	36.7692
Rouse2016	clancheck_fail	50.7692
Rouse2016	clancheck_fail	63.0526
Rouse2016	clancheck_fail	52
Rouse2016	clancheck_fail	50.2143
Rouse2016	clancheck_fail	54.2353
Rouse2016	clancheck_fail	58.6154
Rouse2016	clancheck_fail	49.8125
Rouse2016	clancheck_fail	50.3529
Rouse2016	clancheck_fail	58.3125
Rouse2016	clancheck_fail	54.0588
Rouse2016	clancheck_fail	45.9333
Rouse2016	clancheck_fail	53.2308
Rouse2016	clancheck_fail	64.6
Rouse2016	clancheck_fail	44.9474
Rouse2016	clancheck_fail	44.0714
Rouse2016	clancheck_fail	60.3158
Rouse2016	clancheck_fail	44.4286
Rouse2016	clancheck_fail	48.4615
Rouse2016	clancheck_fail	56.3529
Rouse2016	clancheck_fail	46.75
Rouse2016	clancheck_fail	55.5
Rouse2016	clancheck_fail	65.3158
Rouse2016	clancheck_fail	54.3158
Rouse2016	clancheck_fail	58
Rouse2016	clancheck_fail	53.7692
Rouse2016	clancheck_fail	50.0667
Rouse2016	clancheck_fail	63.7619
Rouse2016	clancheck_fail	53.4211
Rouse2016	clancheck_fail	48.2857
Rouse2016	clancheck_fail	45.1667
Rouse2016	clancheck_fail	52.1579
Rouse2016	clancheck_fail	50.4118
Rouse2016	clancheck_fail	40.75
Rouse2016	clancheck_fail	55.125
Rouse2016	clancheck_fail	52.7692
Rouse2016	clancheck_fail	60.7647
Rouse2016	clancheck_fail	48.4118
Cannon2016	clancheck_pass	74.4242
Cannon2016	clancheck_pass	79.2222
Cannon2016	clancheck_pass	81.1754
Cannon2016	clancheck_pass	85.2931
Cannon2016	clancheck_pass	77.7419
Cannon2016	clancheck_pass	80.2031
Cannon2016	clancheck_pass	77.4194
Cannon2016	clancheck_pass	71.7231
Cannon2016	clancheck_pass	79.1343
Cannon2016	clancheck_pass	76.6721
Cannon2016	clancheck_pass	74.9
Cannon2016	clancheck_pass	77.1818
Cannon2016	clancheck_pass	69.6567
Cannon2016	clancheck_pass	78.1746
Cannon2016	clancheck_pass	77.1786
Cannon2016	clancheck_pass	79.4821
Cannon2016	clancheck_fail	76.1034
Cannon2016	clancheck_fail	68.6071
Cannon2016	clancheck_fail	71.2258
Cannon2016	clancheck_fail	78.7846
Cannon2016	clancheck_fail	68.4483
Cannon2016	clancheck_fail	62.0154
Cannon2016	clancheck_fail	75.9206
Cannon2016	clancheck_fail	65.8871
Cannon2016	clancheck_fail	69.6462
Cannon2016	clancheck_fail	76.0149
Cannon2016	clancheck_fail	71.2951
Cannon2016	clancheck_fail	66.8333
Cannon2016	clancheck_fail	71.0741
Cannon2016	clancheck_fail	61.5625
Cannon2016	clancheck_fail	66.0741
Cannon2016	clancheck_fail	67.6909
Cannon2016	clancheck_fail	58.0702
Cannon2016	clancheck_fail	71.2571
Cannon2016	clancheck_fail	68.873
Cannon2016	clancheck_fail	64.0484
Cannon2016	clancheck_fail	73.0484
Cannon2016	clancheck_fail	71.4444
Cannon2016	clancheck_fail	60.7143
Cannon2016	clancheck_fail	70.125
Cannon2016	clancheck_fail	65.7083
Cannon2016	clancheck_fail	58.5556
Cannon2016	clancheck_fail	75
Cannon2016	clancheck_fail	78.1719
Cannon2016	clancheck_fail	58.4242
Cannon2016	clancheck_fail	72.7143
Cannon2016	clancheck_fail	67.5185
Cannon2016	clancheck_fail	72.2097
Cannon2016	clancheck_fail	76.4688
Cannon2016	clancheck_fail	73.9846
Cannon2016	clancheck_fail	68.8793
Cannon2016	clancheck_fail	69.4857
Cannon2016	clancheck_fail	75.9464
Cannon2016	clancheck_fail	63.7586
Cannon2016	clancheck_fail	71.7941
Cannon2016	clancheck_fail	68.2154
Cannon2016	clancheck_fail	68.3333
Cannon2016	clancheck_fail	67.7857
Cannon2016	clancheck_fail	70.1594
Cannon2016	clancheck_fail	59.5306
Cannon2016	clancheck_fail	67.4615
Cannon2016	clancheck_fail	78.0508
Cannon2016	clancheck_fail	74.5397
Cannon2016	clancheck_fail	69.2632
Cannon2016	clancheck_fail	68.75
Cannon2016	clancheck_fail	74.8125
Cannon2016	clancheck_fail	73.371
Cannon2016	clancheck_fail	72.8033
Cannon2016	clancheck_fail	62.3333
Cannon2016	clancheck_fail	58.2308
Cannon2016	clancheck_fail	67.1
Cannon2016	clancheck_fail	70.5167
Cannon2016	clancheck_fail	70.625
Cannon2016	clancheck_fail	63.6981
Cannon2016	clancheck_fail	68.2083
Cannon2016	clancheck_fail	78.2712
Cannon2016	clancheck_fail	62.4507
Cannon2016	clancheck_fail	69.0317
Cannon2016	clancheck_fail	72.2982
Cannon2016	clancheck_fail	74.4762
Cannon2016	clancheck_fail	72.6379
Cannon2016	clancheck_fail	75.0741
Cannon2016	clancheck_fail	78.3333
Cannon2016	clancheck_fail	67.5143
Cannon2016	clancheck_fail	67.9014
Cannon2016	clancheck_fail	68.3448
Cannon2016	clancheck_fail	70.6275
Cannon2016	clancheck_fail	73.6667
Cannon2016	clancheck_fail	57.9333
Cannon2016	clancheck_fail	72.1786
Cannon2016	clancheck_fail	65.8704
Cannon2016	clancheck_fail	63.3333
Cannon2016	clancheck_fail	68.4355
Cannon2016	clancheck_fail	67.375
Cannon2016	clancheck_fail	51.6458
Cannon2016	clancheck_fail	75.4528
Cannon2016	clancheck_fail	70.5
Cannon2016	clancheck_fail	62.0448
Cannon2016	clancheck_fail	66.2727
Cannon2016	clancheck_fail	78.7069
Cannon2016	clancheck_fail	68.6923
Cannon2016	clancheck_fail	63.5
Cannon2016	clancheck_fail	83.0625
Cannon2016	clancheck_fail	46.7091
Cannon2016	clancheck_fail	76.4921
Cannon2016	clancheck_fail	64.5606
Cannon2016	clancheck_fail	64.25
Cannon2016	clancheck_fail	67.9231
Cannon2016	clancheck_fail	67.1509
Cannon2016	clancheck_fail	59.1754
Cannon2016	clancheck_fail	61.9167
Cannon2016	clancheck_fail	75.7647
Cannon2016	clancheck_fail	65.0806
Cannon2016	clancheck_fail	70.283
Cannon2016	clancheck_fail	60
Cannon2016	clancheck_fail	73.5965
Cannon2016	clancheck_fail	65.8421
Cannon2016	clancheck_fail	63.5082
Cannon2016	clancheck_fail	81.1724
Cannon2016	clancheck_fail	65.2712
Cannon2016	clancheck_fail	63.791
Cannon2016	clancheck_fail	67.7708
Cannon2016	clancheck_fail	69.4821
Cannon2016	clancheck_fail	59.3404
Cannon2016	clancheck_fail	71.0615
Cannon2016	clancheck_fail	70.6029
Cannon2016	clancheck_fail	71.9333
Cannon2016	clancheck_fail	76.6935
Cannon2016	clancheck_fail	67.6415
Cannon2016	clancheck_fail	69.3898
Cannon2016	clancheck_fail	73.7241
Cannon2016	clancheck_fail	69.1562
Cannon2016	clancheck_fail	64.0735
Cannon2016	clancheck_fail	67.1515
Cannon2016	clancheck_fail	61.6721
Cannon2016	clancheck_fail	70.6545
Cannon2016	clancheck_fail	73.9474
Cannon2016	clancheck_fail	67.4603
Cannon2016	clancheck_fail	70.6364
Cannon2016	clancheck_fail	73.9683
Cannon2016	clancheck_fail	60.9091
Cannon2016	clancheck_fail	72.4386
Cannon2016	clancheck_fail	68.3273
Cannon2016	clancheck_fail	71.5469
Cannon2016	clancheck_fail	69.0714
Cannon2016	clancheck_fail	58.0984
Cannon2016	clancheck_fail	66.8305
Cannon2016	clancheck_fail	65.0312
Cannon2016	clancheck_fail	60.4286
Cannon2016	clancheck_fail	79.3134
Cannon2016	clancheck_fail	74.0909
Cannon2016	clancheck_fail	77.1475
Cannon2016	clancheck_fail	65.9298
Cannon2016	clancheck_fail	72.6
Cannon2016	clancheck_fail	73.5909
Cannon2016	clancheck_fail	61.3651
Cannon2016	clancheck_fail	70.2931
Cannon2016	clancheck_fail	73.803
Cannon2016	clancheck_fail	66.9692
Cannon2016	clancheck_fail	73.9032
Cannon2016	clancheck_fail	70.3433
Cannon2016	clancheck_fail	77.7302
Cannon2016	clancheck_fail	62.3065
Cannon2016	clancheck_fail	73.5574
Cannon2016	clancheck_fail	69.04
Cannon2016	clancheck_fail	60.6863
Cannon2016	clancheck_fail	77.6866
Cannon2016	clancheck_fail	69.8846
Cannon2016	clancheck_fail	74.7077
Cannon2016	clancheck_fail	69.8
Cannon2016	clancheck_fail	68.625
Cannon2016	clancheck_fail	66.8596
Cannon2016	clancheck_fail	72.2881
Cannon2016	clancheck_fail	73.2295
Cannon2016	clancheck_fail	66.7292
Cannon2016	clancheck_fail	57.2857
Cannon2016	clancheck_fail	70.04
Cannon2016	clancheck_fail	67.9524
Cannon2016	clancheck_fail	66.5909
Cannon2016	clancheck_fail	76.9844
Cannon2016	clancheck_fail	62.8413
Cannon2016	clancheck_fail	74.4737
Cannon2016	clancheck_fail	77.1754
Cannon2016	clancheck_fail	74.6333
Cannon2016	clancheck_fail	72.4444
Cannon2016	clancheck_fail	62.629
Cannon2016	clancheck_fail	71.2182
Cannon2016	clancheck_fail	58.4255
Cannon2016	clancheck_fail	60.5789
Cannon2016	clancheck_fail	65.1296
Cannon2016	clancheck_fail	71.6857
Cannon2016	clancheck_fail	68.6667
Cannon2016	clancheck_fail	78.9032
Cannon2016	clancheck_fail	58.0571
Cannon2016	clancheck_fail	69.3913
Cannon2016	clancheck_fail	72.9833
Cannon2016	clancheck_fail	53.3519
Cannon2016	clancheck_fail	64.625
Cannon2016	clancheck_fail	67.0185
Cannon2016	clancheck_fail	74.4167
Cannon2016	clancheck_fail	74.3281
Cannon2016	clancheck_fail	75.2361
Cannon2016	clancheck_fail	71.9322
Cannon2016	clancheck_fail	69.4211
Cannon2016	clancheck_fail	69.5902
Cannon2016	clancheck_fail	69.2676
Cannon2016	clancheck_fail	72.2759
Cannon2016	clancheck_fail	68.8485
Cannon2016	clancheck_fail	73.1094
Cannon2016	clancheck_fail	77.5077
Cannon2016	clancheck_fail	73.1458
Cannon2016	clancheck_fail	73.6271
Philippe2019	clancheck_pass	89.8163
Philippe2019	clancheck_pass	81.74
Philippe2019	clancheck_pass	88.9038
Philippe2019	clancheck_pass	85.6863
Philippe2019	clancheck_pass	91.375
Philippe2019	clancheck_pass	78.2449
Philippe2019	clancheck_pass	82.6087
Philippe2019	clancheck_pass	87.7451
Philippe2019	clancheck_pass	83.6078
Philippe2019	clancheck_pass	79.9216
Philippe2019	clancheck_pass	88.8537
Philippe2019	clancheck_pass	87.6538
Philippe2019	clancheck_pass	89.3922
Philippe2019	clancheck_pass	91.1628
Philippe2019	clancheck_pass	84.4694
Philippe2019	clancheck_pass	80.84
Philippe2019	clancheck_pass	81.1778
Philippe2019	clancheck_pass	85.913
Philippe2019	clancheck_pass	83.907
Philippe2019	clancheck_pass	87.1429
Philippe2019	clancheck_pass	82
Philippe2019	clancheck_pass	77.9167
Philippe2019	clancheck_pass	85.7059
Philippe2019	clancheck_pass	86.8864
Philippe2019	clancheck_pass	85.3542
Philippe2019	clancheck_pass	87.3542
Philippe2019	clancheck_pass	82.549
Philippe2019	clancheck_pass	83.8
Philippe2019	clancheck_pass	87.8654
Philippe2019	clancheck_pass	83.4884
Philippe2019	clancheck_pass	87.8113
Philippe2019	clancheck_pass	86.9
Philippe2019	clancheck_pass	82.9524
Philippe2019	clancheck_pass	75.1739
Philippe2019	clancheck_pass	82.6585
Philippe2019	clancheck_pass	80.9318
Philippe2019	clancheck_pass	82.9535
Philippe2019	clancheck_pass	83.9048
Philippe2019	clancheck_pass	88.04
Philippe2019	clancheck_pass	86.4
Philippe2019	clancheck_pass	83.0714
Philippe2019	clancheck_pass	75.2222
Philippe2019	clancheck_pass	86.5455
Philippe2019	clancheck_pass	82.1522
Philippe2019	clancheck_pass	84.4314
Philippe2019	clancheck_pass	84.6042
Philippe2019	clancheck_pass	90.1176
Philippe2019	clancheck_pass	83.9556
Philippe2019	clancheck_pass	80.3396
Philippe2019	clancheck_pass	81.8222
Philippe2019	clancheck_pass	90.4898
Philippe2019	clancheck_pass	82.52
Philippe2019	clancheck_pass	84.6667
Philippe2019	clancheck_pass	83.1364
Philippe2019	clancheck_pass	86.9333
Philippe2019	clancheck_pass	80.2381
Philippe2019	clancheck_pass	83.2826
Philippe2019	clancheck_pass	89.8936
Philippe2019	clancheck_pass	83.5283
Philippe2019	clancheck_pass	77.8636
Philippe2019	clancheck_pass	85.54
Philippe2019	clancheck_pass	76.875
Philippe2019	clancheck_pass	79.7
Philippe2019	clancheck_pass	88.1
Philippe2019	clancheck_pass	87.8333
Philippe2019	clancheck_fail	83.0227
Philippe2019	clancheck_fail	73.0426
Philippe2019	clancheck_fail	74.3261
Philippe2019	clancheck_fail	82.5217
Philippe2019	clancheck_fail	74.7447
Philippe2019	clancheck_fail	81.36
Philippe2019	clancheck_fail	69.8163
Philippe2019	clancheck_fail	75.5625
Philippe2019	clancheck_fail	75.6875
Philippe2019	clancheck_fail	68.75
Philippe2019	clancheck_fail	62.3542
Philippe2019	clancheck_fail	76.3137
Philippe2019	clancheck_fail	78.2157
Philippe2019	clancheck_fail	67.4348
Philippe2019	clancheck_fail	70
Philippe2019	clancheck_fail	75.5
Philippe2019	clancheck_fail	76.2245
Philippe2019	clancheck_fail	63.8511
Philippe2019	clancheck_fail	67.098
Philippe2019	clancheck_fail	79.8654
Philippe2019	clancheck_fail	62.1304
Philippe2019	clancheck_fail	73.3556
Philippe2019	clancheck_fail	73.2667
Philippe2019	clancheck_fail	79.48
Philippe2019	clancheck_fail	64.9302
Philippe2019	clancheck_fail	69
Philippe2019	clancheck_fail	85.2889
Philippe2019	clancheck_fail	71.8333
Philippe2019	clancheck_fail	81.72
Philippe2019	clancheck_fail	81.9796
Philippe2019	clancheck_fail	76.9804
Philippe2019	clancheck_fail	84.9545
Philippe2019	clancheck_fail	66.1087
Philippe2019	clancheck_fail	82.2037
Philippe2019	clancheck_fail	74.4
Philippe2019	clancheck_fail	66.0732
Philippe2019	clancheck_fail	70.8667
Philippe2019	clancheck_fail	76.5
Philippe2019	clancheck_fail	63.4773
Philippe2019	clancheck_fail	69.8776
Philippe2019	clancheck_fail	74.098
Philippe2019	clancheck_fail	71.1569
Philippe2019	clancheck_fail	73.9
Philippe2019	clancheck_fail	70.2791
Philippe2019	clancheck_fail	69.6304
Philippe2019	clancheck_fail	72.9024
Philippe2019	clancheck_fail	85.3396
Philippe2019	clancheck_fail	69
Philippe2019	clancheck_fail	80.6875
Philippe2019	clancheck_fail	74.8636
Philippe2019	clancheck_fail	80.9804
Philippe2019	clancheck_fail	77.7636
Philippe2019	clancheck_fail	66.4634
Philippe2019	clancheck_fail	72.0465
Philippe2019	clancheck_fail	81.375
Philippe2019	clancheck_fail	77.1458
Philippe2019	clancheck_fail	74.9762
Philippe2019	clancheck_fail	73.0238
Philippe2019	clancheck_fail	78.5192
Philippe2019	clancheck_fail	78.5
Philippe2019	clancheck_fail	77.46
Philippe2019	clancheck_fail	72.0577
Philippe2019	clancheck_fail	78.7647
Philippe2019	clancheck_fail	76.6471
Philippe2019	clancheck_fail	80.38
Philippe2019	clancheck_fail	77.5
Philippe2019	clancheck_fail	68.2
Philippe2019	clancheck_fail	83.8333
Philippe2019	clancheck_fail	62.68
Philippe2019	clancheck_fail	69.963
Philippe2019	clancheck_fail	67.3571
Philippe2019	clancheck_fail	78.1591
Philippe2019	clancheck_fail	71.5833
Philippe2019	clancheck_fail	74.2683
Philippe2019	clancheck_fail	77.8627
Philippe2019	clancheck_fail	80.3208
Philippe2019	clancheck_fail	78.5714
Philippe2019	clancheck_fail	76.2115
Philippe2019	clancheck_fail	76.0227
Philippe2019	clancheck_fail	63.7021
Philippe2019	clancheck_fail	72.75
Philippe2019	clancheck_fail	72.9796
Philippe2019	clancheck_fail	75.2549
Philippe2019	clancheck_fail	77.84
Philippe2019	clancheck_fail	65.2857
Philippe2019	clancheck_fail	71.9556
Philippe2019	clancheck_fail	73.0455
Philippe2019	clancheck_fail	72.5686
Philippe2019	clancheck_fail	82.48
Philippe2019	clancheck_fail	70.5532
Philippe2019	clancheck_fail	66.9512
Philippe2019	clancheck_fail	70.7826
Philippe2019	clancheck_fail	75.4468
Philippe2019	clancheck_fail	69.64
Philippe2019	clancheck_fail	80.8077
Philippe2019	clancheck_fail	74.7292
Philippe2019	clancheck_fail	84.3404
Philippe2019	clancheck_fail	84.9149
Philippe2019	clancheck_fail	72.8372
Philippe2019	clancheck_fail	79.1765
Philippe2019	clancheck_fail	69.8261
Philippe2019	clancheck_fail	78.4468
Philippe2019	clancheck_fail	77.0213
Philippe2019	clancheck_fail	73.7407
Philippe2019	clancheck_fail	67.8913
Philippe2019	clancheck_fail	66.2955
Philippe2019	clancheck_fail	81.375
Philippe2019	clancheck_fail	73.3095
Philippe2019	clancheck_fail	75.8333
Philippe2019	clancheck_fail	70.4615
Philippe2019	clancheck_fail	84.5556
Philippe2019	clancheck_fail	70.5333
Philippe2019	clancheck_fail	83.2885
Philippe2019	clancheck_fail	77.5849
Philippe2019	clancheck_fail	63.6341
Philippe2019	clancheck_fail	76.1633
Philippe2019	clancheck_fail	70.7857
Philippe2019	clancheck_fail	66
Philippe2019	clancheck_fail	62.75
Philippe2019	clancheck_fail	79.16
Philippe2019	clancheck_fail	70.2619
Philippe2019	clancheck_fail	79.1765
Philippe2019	clancheck_fail	73.0435
Philippe2019	clancheck_fail	79.0851
Philippe2019	clancheck_fail	80.675
Philippe2019	clancheck_fail	77.2157
Philippe2019	clancheck_fail	83.9245
Philippe2019	clancheck_fail	74.2553
Philippe2019	clancheck_fail	80.6667
Philippe2019	clancheck_fail	66.2
Philippe2019	clancheck_fail	73.5
Philippe2019	clancheck_fail	75.5091
Philippe2019	clancheck_fail	67.1707
Philippe2019	clancheck_fail	73.6531
Philippe2019	clancheck_fail	80.6667
Philippe2019	clancheck_fail	72.0741
Philippe2019	clancheck_fail	70.8
Philippe2019	clancheck_fail	70.6744
Philippe2019	clancheck_fail	61.093
Philippe2019	clancheck_fail	71.0238
Philippe2019	clancheck_fail	81.25
Philippe2019	clancheck_fail	74.125
Philippe2019	clancheck_fail	71.8333
Philippe2019	clancheck_fail	79.2449
Philippe2019	clancheck_fail	82.2549
Philippe2019	clancheck_fail	80.76
Philippe2019	clancheck_fail	66.9756
Philippe2019	clancheck_fail	63.5556
Philippe2019	clancheck_fail	76.6383
Philippe2019	clancheck_fail	74
Philippe2019	clancheck_fail	81.102
Philippe2019	clancheck_fail	61.5319
Philippe2019	clancheck_fail	69.25
Philippe2019	clancheck_fail	72.0909
Philippe2019	clancheck_fail	85.6596
Philippe2019	clancheck_fail	77.9231
Philippe2019	clancheck_fail	68.2449
Philippe2019	clancheck_fail	67.1064
Philippe2019	clancheck_fail	75.4286
Philippe2019	clancheck_fail	63.4884
Philippe2019	clancheck_fail	87.0652
Philippe2019	clancheck_fail	78.0192
Philippe2019	clancheck_fail	74.625
Philippe2019	clancheck_fail	74.8636
Philippe2019	clancheck_fail	69.8
Philippe2019	clancheck_fail	74.4706
Philippe2019	clancheck_fail	75.3659
Philippe2019	clancheck_fail	77.1373
Philippe2019	clancheck_fail	76.9796
Philippe2019	clancheck_fail	62.1
Philippe2019	clancheck_fail	67.0208
Philippe2019	clancheck_fail	66.9375
Philippe2019	clancheck_fail	69.8824
Philippe2019	clancheck_fail	78.8889
Philippe2019	clancheck_fail	69.3953
Philippe2019	clancheck_fail	81.5
Philippe2019	clancheck_fail	74.7083
Philippe2019	clancheck_fail	84.25
Philippe2019	clancheck_fail	65.6047
Philippe2019	clancheck_fail	78.1224
Philippe2019	clancheck_fail	79.78
Philippe2019	clancheck_fail	79.6042
Philippe2019	clancheck_fail	78.6222
Philippe2019	clancheck_fail	84.0385
Philippe2019	clancheck_fail	83.0465
Philippe2019	clancheck_fail	74.625
Philippe2019	clancheck_fail	74.6275
Philippe2019	clancheck_fail	85.1818
Philippe2019	clancheck_fail	74.125
Philippe2019	clancheck_fail	77.2391
Philippe2019	clancheck_fail	80.4783
Philippe2019	clancheck_fail	83.6
Philippe2019	clancheck_fail	81.7021
Philippe2019	clancheck_fail	54.0435
Philippe2019	clancheck_fail	67.5
Philippe2019	clancheck_fail	61.66
Philippe2019	clancheck_fail	78.25
Philippe2019	clancheck_fail	82.6078
Philippe2019	clancheck_fail	72.9216
Philippe2019	clancheck_fail	66.1633
Philippe2019	clancheck_fail	78.7317
Philippe2019	clancheck_fail	81.0625
Philippe2019	clancheck_fail	78.6275
Philippe2019	clancheck_fail	85.84
Philippe2019	clancheck_fail	80.449
Philippe2019	clancheck_fail	75.5577
Philippe2019	clancheck_fail	84
Philippe2019	clancheck_fail	71.9787
Philippe2019	clancheck_fail	63.7619
Philippe2019	clancheck_fail	62.46
Philippe2019	clancheck_fail	76.6731
Philippe2019	clancheck_fail	77.0196
Philippe2019	clancheck_fail	85.1591
Philippe2019	clancheck_fail	72
Philippe2019	clancheck_fail	75.7963
Philippe2019	clancheck_fail	63.2041
Philippe2019	clancheck_fail	75.25
Philippe2019	clancheck_fail	68.2381
Philippe2019	clancheck_fail	70.375
Philippe2019	clancheck_fail	73.6591
Philippe2019	clancheck_fail	72.0417
Philippe2019	clancheck_fail	80.2545
Philippe2019	clancheck_fail	75.5686
Philippe2019	clancheck_fail	72.6429
Philippe2019	clancheck_fail	81.56
Philippe2019	clancheck_fail	78.2157
Philippe2019	clancheck_fail	76.8605
Philippe2019	clancheck_fail	77.9804
Philippe2019	clancheck_fail	84.1
Philippe2019	clancheck_fail	84.3171
Philippe2019	clancheck_fail	67.439
Philippe2019	clancheck_fail	72.6098
Philippe2019	clancheck_fail	69.6731
Philippe2019	clancheck_fail	69.9524
Philippe2019	clancheck_fail	72.7674
Philippe2019	clancheck_fail	59.8723
Philippe2019	clancheck_fail	72.0612
Philippe2019	clancheck_fail	74.9756
Philippe2019	clancheck_fail	72.5306
Philippe2019	clancheck_fail	69.6522
Philippe2019	clancheck_fail	77.6591
Philippe2019	clancheck_fail	72.3913
Philippe2019	clancheck_fail	88.4091
Philippe2019	clancheck_fail	79.7619
Philippe2019	clancheck_fail	62.6889
Philippe2019	clancheck_fail	79.44
Philippe2019	clancheck_fail	74.9792
Philippe2019	clancheck_fail	83.087
Philippe2019	clancheck_fail	64.3529
Philippe2019	clancheck_fail	78.0851
Philippe2019	clancheck_fail	68.74
Philippe2019	clancheck_fail	77.1458
Philippe2019	clancheck_fail	82.9787
Philippe2019	clancheck_fail	71.15
Philippe2019	clancheck_fail	75.9796
Philippe2019	clancheck_fail	68.9762
Philippe2019	clancheck_fail	71.44
Philippe2019	clancheck_fail	63.449
Philippe2019	clancheck_fail	79.7174
Philippe2019	clancheck_fail	80.56
Philippe2019	clancheck_fail	69.6585
Philippe2019	clancheck_fail	62.1569
Philippe2019	clancheck_fail	62.4444
Philippe2019	clancheck_fail	80.7308
Philippe2019	clancheck_fail	69.3
Philippe2019	clancheck_fail	73.8
Philippe2019	clancheck_fail	71.8837
Philippe2019	clancheck_fail	72.3182
Philippe2019	clancheck_fail	76.1739
Philippe2019	clancheck_fail	81.8864
Philippe2019	clancheck_fail	71.7447
Philippe2019	clancheck_fail	76.2791
Philippe2019	clancheck_fail	81.1321
Philippe2019	clancheck_fail	53.65
Philippe2019	clancheck_fail	74.5833
Philippe2019	clancheck_fail	79.0577
Philippe2019	clancheck_fail	79.913
Philippe2019	clancheck_fail	75.2449
Philippe2019	clancheck_fail	70.6585
Philippe2019	clancheck_fail	72.0545
Philippe2019	clancheck_fail	64.4222
Philippe2019	clancheck_fail	52.3043
Philippe2019	clancheck_fail	74.7021
Philippe2019	clancheck_fail	80.7059
Philippe2019	clancheck_fail	68.2745
Philippe2019	clancheck_fail	73.82
Philippe2019	clancheck_fail	67.5435
Philippe2019	clancheck_fail	74.3542
Philippe2019	clancheck_fail	70.3721
Philippe2019	clancheck_fail	74.5306
Philippe2019	clancheck_fail	84.44
Philippe2019	clancheck_fail	82.3462
Philippe2019	clancheck_fail	79.8085
Philippe2019	clancheck_fail	82.6444
Philippe2019	clancheck_fail	75.9796
Philippe2019	clancheck_fail	81.9574
Philippe2019	clancheck_fail	75.4762
Philippe2019	clancheck_fail	81.7647
Philippe2019	clancheck_fail	66.7708
Philippe2019	clancheck_fail	78.8958
Philippe2019	clancheck_fail	83.3846
Philippe2019	clancheck_fail	86.6818
Philippe2019	clancheck_fail	84.9111
Philippe2019	clancheck_fail	70.122
Philippe2019	clancheck_fail	74.1429
Philippe2019	clancheck_fail	78.2449
Philippe2019	clancheck_fail	77.4878
Philippe2019	clancheck_fail	81.32
Philippe2019	clancheck_fail	79.2766
Philippe2019	clancheck_fail	70.1277
Philippe2019	clancheck_fail	82.4
Philippe2019	clancheck_fail	81.2449
Philippe2019	clancheck_fail	72.5769
Philippe2019	clancheck_fail	68.6939
Philippe2019	clancheck_fail	68.6809
Philippe2019	clancheck_fail	68.1818
Philippe2019	clancheck_fail	81.3333
Philippe2019	clancheck_fail	76.54
Philippe2019	clancheck_fail	65.4878
Philippe2019	clancheck_fail	74.2273
Philippe2019	clancheck_fail	77.0192
Philippe2019	clancheck_fail	79.9245
Philippe2019	clancheck_fail	75.3171
Philippe2019	clancheck_fail	76.6042
Philippe2019	clancheck_fail	74.9796
Philippe2019	clancheck_fail	72.2609
Philippe2019	clancheck_fail	73.4038
Philippe2019	clancheck_fail	76.1304
Philippe2019	clancheck_fail	71.1961
Philippe2019	clancheck_fail	73.9091
Philippe2019	clancheck_fail	70.1915
Philippe2019	clancheck_fail	65.0833
Philippe2019	clancheck_fail	71.6047
Philippe2019	clancheck_fail	66.85
Philippe2019	clancheck_fail	71.0612
Philippe2019	clancheck_fail	72.2292
Philippe2019	clancheck_fail	83.3333
Philippe2019	clancheck_fail	79.6538
Philippe2019	clancheck_fail	67.7
Philippe2019	clancheck_fail	75.8636
Philippe2019	clancheck_fail	62.3556
Philippe2019	clancheck_fail	70.44
Philippe2019	clancheck_fail	78.4423
Philippe2019	clancheck_fail	73.7955
Philippe2019	clancheck_fail	75.0952
Philippe2019	clancheck_fail	81.9216
Philippe2019	clancheck_fail	81.5833
Philippe2019	clancheck_fail	74.3654
Philippe2019	clancheck_fail	78.2308
Philippe2019	clancheck_fail	80.6939
Philippe2019	clancheck_fail	80.7547
Philippe2019	clancheck_fail	79.3077
Philippe2019	clancheck_fail	85.8298
Philippe2019	clancheck_fail	62.913
Philippe2019	clancheck_fail	69.3913
Philippe2019	clancheck_fail	79.6087
Philippe2019	clancheck_fail	63.4082
Philippe2019	clancheck_fail	70.375
Philippe2019	clancheck_fail	75.4186
Philippe2019	clancheck_fail	74.6458
Philippe2019	clancheck_fail	69.5455
Philippe2019	clancheck_fail	67.6
Philippe2019	clancheck_fail	76.5192
Philippe2019	clancheck_fail	68.0889
Philippe2019	clancheck_fail	80.7292
Philippe2019	clancheck_fail	80.2692
Philippe2019	clancheck_fail	86.0196
Philippe2019	clancheck_fail	72.5366
Philippe2019	clancheck_fail	68.878
Philippe2019	clancheck_fail	71.3333
Philippe2019	clancheck_fail	80.9796
Philippe2019	clancheck_fail	79.5
Philippe2019	clancheck_fail	83.3019
Philippe2019	clancheck_fail	79.4694
Philippe2019	clancheck_fail	79.6383
Philippe2019	clancheck_fail	82.2326
Philippe2019	clancheck_fail	81.04
Philippe2019	clancheck_fail	59.5814
Philippe2019	clancheck_fail	63.58
Philippe2019	clancheck_fail	72.2391
Philippe2019	clancheck_fail	74.102
Philippe2019	clancheck_fail	71.7872
Philippe2019	clancheck_fail	72.9167
Philippe2019	clancheck_fail	82.4783
Philippe2019	clancheck_fail	79.2558
Philippe2019	clancheck_fail	78.383
Philippe2019	clancheck_fail	77.1522
Philippe2019	clancheck_fail	75.9348
Philippe2019	clancheck_fail	82.9535
Philippe2019	clancheck_fail	80.04
Philippe2019	clancheck_fail	68.18
Philippe2019	clancheck_fail	73.8462
Philippe2019	clancheck_fail	73.6875
Philippe2019	clancheck_fail	78.4706
Philippe2019	clancheck_fail	84.9362
Philippe2019	clancheck_fail	75.1489
Philippe2019	clancheck_fail	74.0816
Philippe2019	clancheck_fail	85
Philippe2019	clancheck_fail	85
Philippe2019	clancheck_fail	80.4043
Philippe2019	clancheck_fail	75.8222
Philippe2019	clancheck_fail	69.3256
Philippe2019	clancheck_fail	65.6078
Philippe2019	clancheck_fail	80.907
Philippe2019	clancheck_fail	75.7647
Philippe2019	clancheck_fail	78.9773
Philippe2019	clancheck_fail	74.74
Philippe2019	clancheck_fail	79.8085
Philippe2019	clancheck_fail	71.65
Philippe2019	clancheck_fail	75.18
Philippe2019	clancheck_fail	79.5094
Philippe2019	clancheck_fail	74.5283
Philippe2019	clancheck_fail	80
Philippe2019	clancheck_fail	73.66
Philippe2019	clancheck_fail	67.4118
Philippe2019	clancheck_fail	71.7551
Philippe2019	clancheck_fail	78.66
Philippe2019	clancheck_fail	75.6923
Philippe2019	clancheck_fail	80.0638
Philippe2019	clancheck_fail	69.4583
Philippe2019	clancheck_fail	81.186
Philippe2019	clancheck_fail	77.925
Philippe2019	clancheck_fail	77.4902
Philippe2019	clancheck_fail	71.6739
Philippe2019	clancheck_fail	71.6735
Philippe2019	clancheck_fail	72.8125
Philippe2019	clancheck_fail	70.6863
Philippe2019	clancheck_fail	77.3261
Philippe2019	clancheck_fail	75.4583
Philippe2019	clancheck_fail	83.1176
Philippe2019	clancheck_fail	65.0714
Philippe2019	clancheck_fail	74.75
Philippe2019	clancheck_fail	71.4694
Philippe2019	clancheck_fail	75.5227
Philippe2019	clancheck_fail	73.5625
Philippe2019	clancheck_fail	68.1489
Philippe2019	clancheck_fail	84.1887
Philippe2019	clancheck_fail	73.0189
Philippe2019	clancheck_fail	60.4889
Philippe2019	clancheck_fail	73.5
Philippe2019	clancheck_fail	63.6667
Philippe2019	clancheck_fail	81.1957
Philippe2019	clancheck_fail	71.9767
Philippe2019	clancheck_fail	71.2692
Philippe2019	clancheck_fail	86.5
Philippe2019	clancheck_fail	62.4524
Philippe2019	clancheck_fail	78.381
Philippe2019	clancheck_fail	74.6
Philippe2019	clancheck_fail	86.4
Philippe2019	clancheck_fail	77.4773
Philippe2019	clancheck_fail	72.5116
Philippe2019	clancheck_fail	64.9574
Philippe2019	clancheck_fail	67.3111
Philippe2019	clancheck_fail	81.2
Philippe2019	clancheck_fail	74.8085
Philippe2019	clancheck_fail	78.617
Philippe2019	clancheck_fail	74.1042
Philippe2019	clancheck_fail	78.8444
Philippe2019	clancheck_fail	68.5435
Philippe2019	clancheck_fail	65.5532
Philippe2019	clancheck_fail	78.2453
Philippe2019	clancheck_fail	78.3
Philippe2019	clancheck_fail	61.1136
Philippe2019	clancheck_fail	80.9423
Philippe2019	clancheck_fail	69.0213
Philippe2019	clancheck_fail	69.8367
Philippe2019	clancheck_fail	81.28
Philippe2019	clancheck_fail	73.5952
Philippe2019	clancheck_fail	77.7826
Philippe2019	clancheck_fail	60.2391
Philippe2019	clancheck_fail	71.6596
Philippe2019	clancheck_fail	75.88
Philippe2019	clancheck_fail	76.6038
Philippe2019	clancheck_fail	82.6279
Philippe2019	clancheck_fail	78.6596
Philippe2019	clancheck_fail	83.6346
Philippe2019	clancheck_fail	73.1765
Philippe2019	clancheck_fail	65.7143
Philippe2019	clancheck_fail	84.4186
Philippe2019	clancheck_fail	79.2093
Philippe2019	clancheck_fail	68.7843
Philippe2019	clancheck_fail	76.6154
Philippe2019	clancheck_fail	75
Philippe2019	clancheck_fail	79.2609
Philippe2019	clancheck_fail	80.5094
Philippe2019	clancheck_fail	53.3721
Philippe2019	clancheck_fail	79.9512
Philippe2019	clancheck_fail	81.5385
Philippe2019	clancheck_fail	63.0444
Philippe2019	clancheck_fail	70.44
Philippe2019	clancheck_fail	73.5306
Philippe2019	clancheck_fail	85.6863
Philippe2019	clancheck_fail	81.5349
Philippe2019	clancheck_fail	69.5
Philippe2019	clancheck_fail	79.8235
Philippe2019	clancheck_fail	68.587
Philippe2019	clancheck_fail	73.9111
Philippe2019	clancheck_fail	75.3333
Philippe2019	clancheck_fail	73.9231
Philippe2019	clancheck_fail	74.2083
Philippe2019	clancheck_fail	70.9388
Philippe2019	clancheck_fail	59.1905
Philippe2019	clancheck_fail	76.6296
Philippe2019	clancheck_fail	63.525
Philippe2019	clancheck_fail	59.5366
Philippe2019	clancheck_fail	66.3556
Philippe2019	clancheck_fail	68.6875
Philippe2019	clancheck_fail	79.8163
Philippe2019	clancheck_fail	74.898
Philippe2019	clancheck_fail	84.7805
Philippe2019	clancheck_fail	81.0612
Philippe2019	clancheck_fail	78.9796
Philippe2019	clancheck_fail	81.2449
Philippe2019	clancheck_fail	73.2857
Philippe2019	clancheck_fail	59.1818
Philippe2019	clancheck_fail	73.566
Philippe2019	clancheck_fail	68.7708
Philippe2019	clancheck_fail	71.9773
Philippe2019	clancheck_fail	70.4773
Philippe2019	clancheck_fail	76.913
Philippe2019	clancheck_fail	74.8542
Philippe2019	clancheck_fail	60.04
Philippe2019	clancheck_fail	82.9608
Philippe2019	clancheck_fail	70.68
Philippe2019	clancheck_fail	76.2093
Philippe2019	clancheck_fail	76.9783
Philippe2019	clancheck_fail	76
Philippe2019	clancheck_fail	75.6531
Philippe2019	clancheck_fail	76.9623
Philippe2019	clancheck_fail	80.4783
Philippe2019	clancheck_fail	74.2075
Philippe2019	clancheck_fail	74.434
Philippe2019	clancheck_fail	85.2609
Philippe2019	clancheck_fail	67.62
Philippe2019	clancheck_fail	72.5952
Philippe2019	clancheck_fail	71.7447
Philippe2019	clancheck_fail	74.8261
Philippe2019	clancheck_fail	64.75
Philippe2019	clancheck_fail	80.5111
Philippe2019	clancheck_fail	80.1429
Philippe2019	clancheck_fail	78.381
Philippe2019	clancheck_fail	58.3409
Philippe2019	clancheck_fail	69.814
Philippe2019	clancheck_fail	72.9574
Philippe2019	clancheck_fail	77.8333
Philippe2019	clancheck_fail	78.7174
Philippe2019	clancheck_fail	72.7234
Philippe2019	clancheck_fail	57
Philippe2019	clancheck_fail	86.1333
Philippe2019	clancheck_fail	76.907
Philippe2019	clancheck_fail	72.8049
Philippe2019	clancheck_fail	80.8824
Philippe2019	clancheck_fail	65.7234
Philippe2019	clancheck_fail	80.0208
Philippe2019	clancheck_fail	79.6889
Philippe2019	clancheck_fail	64.0465
Philippe2019	clancheck_fail	64.8261
Philippe2019	clancheck_fail	76.7826
Philippe2019	clancheck_fail	77.087
Philippe2019	clancheck_fail	65.4634
Philippe2019	clancheck_fail	80.54
Philippe2019	clancheck_fail	78.8293
Philippe2019	clancheck_fail	76.0577
Philippe2019	clancheck_fail	66.8824
Philippe2019	clancheck_fail	73.0714
Philippe2019	clancheck_fail	80.0417
Philippe2019	clancheck_fail	73.4118
Philippe2019	clancheck_fail	78.617
Philippe2019	clancheck_fail	82.0238
Philippe2019	clancheck_fail	85.3265
Philippe2019	clancheck_fail	73.9778
Philippe2019	clancheck_fail	74.6
Philippe2019	clancheck_fail	80.32
Philippe2019	clancheck_fail	76.1346
Philippe2019	clancheck_fail	72.0732
Philippe2019	clancheck_fail	73.0196
Philippe2019	clancheck_fail	84.9524
Philippe2019	clancheck_fail	76.8889
Philippe2019	clancheck_fail	81.439
Philippe2019	clancheck_fail	72.2708
Philippe2019	clancheck_fail	77.2708
Philippe2019	clancheck_fail	67.6809
Philippe2019	clancheck_fail	63.9111
Philippe2019	clancheck_fail	64.9524
Philippe2019	clancheck_fail	65.2553
Philippe2019	clancheck_fail	77.475
Philippe2019	clancheck_fail	69.439
Philippe2019	clancheck_fail	82.7111
Philippe2019	clancheck_fail	69.8261
Philippe2019	clancheck_fail	69.975
Philippe2019	clancheck_fail	76.0784
Philippe2019	clancheck_fail	84.02
Philippe2019	clancheck_fail	74.34
Philippe2019	clancheck_fail	72.66
Philippe2019	clancheck_fail	80.58
Philippe2019	clancheck_fail	77.6304
Philippe2019	clancheck_fail	81.4423
Philippe2019	clancheck_fail	83.1569
Philippe2019	clancheck_fail	82.8125
Philippe2019	clancheck_fail	72.8511
Philippe2019	clancheck_fail	76.617
Philippe2019	clancheck_fail	69.525
Philippe2019	clancheck_fail	72.1702
Philippe2019	clancheck_fail	74.5098
Philippe2019	clancheck_fail	68.4634
Philippe2019	clancheck_fail	72.8654
Philippe2019	clancheck_fail	61.325
Philippe2019	clancheck_fail	57.5238
Philippe2019	clancheck_fail	77.1875
Philippe2019	clancheck_fail	72.2745
Philippe2019	clancheck_fail	67.9057
Philippe2019	clancheck_fail	72.2326
Philippe2019	clancheck_fail	66.0698
Philippe2019	clancheck_fail	78.25
Philippe2019	clancheck_fail	80.6364
Philippe2019	clancheck_fail	80.3077
Philippe2019	clancheck_fail	71.4889
Philippe2019	clancheck_fail	70.75
Philippe2019	clancheck_fail	75.0588
Philippe2019	clancheck_fail	76.18
Philippe2019	clancheck_fail	72.5455
Philippe2019	clancheck_fail	77.18
Philippe2019	clancheck_fail	74.6818
Philippe2019	clancheck_fail	80.5283
Philippe2019	clancheck_fail	67.2143
Philippe2019	clancheck_fail	82.1395
Philippe2019	clancheck_fail	83.9348
Philippe2019	clancheck_fail	81.2609
Philippe2019	clancheck_fail	76.9388
Philippe2019	clancheck_fail	79.6667
Philippe2019	clancheck_fail	74.6444
Philippe2019	clancheck_fail	81.3396
Philippe2019	clancheck_fail	72.5227
Philippe2019	clancheck_fail	82.8293
Philippe2019	clancheck_fail	84.8958
Philippe2019	clancheck_fail	78.9773
Philippe2019	clancheck_fail	77.6154
Philippe2019	clancheck_fail	78.6222
Philippe2019	clancheck_fail	76.2889
Philippe2019	clancheck_fail	63.2553
Philippe2019	clancheck_fail	85.5926
Philippe2019	clancheck_fail	78.8696
Philippe2019	clancheck_fail	79.3617
Philippe2019	clancheck_fail	83.7872
Philippe2019	clancheck_fail	68.3191
Philippe2019	clancheck_fail	57.3171
Philippe2019	clancheck_fail	70.5
Philippe2019	clancheck_fail	73.82
Philippe2019	clancheck_fail	77.9268
Philippe2019	clancheck_fail	73.7647
Philippe2019	clancheck_fail	75.6327
Philippe2019	clancheck_fail	84.2653
Philippe2019	clancheck_fail	77.7358
Philippe2019	clancheck_fail	70.8667
Philippe2019	clancheck_fail	83.4038
Philippe2019	clancheck_fail	56.9024
Philippe2019	clancheck_fail	69.1064
Philippe2019	clancheck_fail	65.1304
Philippe2019	clancheck_fail	70.8
Philippe2019	clancheck_fail	72.2157
Philippe2019	clancheck_fail	70.0227
Philippe2019	clancheck_fail	78.3774
Philippe2019	clancheck_fail	82.5625
Philippe2019	clancheck_fail	76.1321
Philippe2019	clancheck_fail	72.5
Philippe2019	clancheck_fail	81.25
Philippe2019	clancheck_fail	85.7045
Philippe2019	clancheck_fail	73.2927
Philippe2019	clancheck_fail	68.76
Philippe2019	clancheck_fail	80.7826
Philippe2019	clancheck_fail	72.9767
Philippe2019	clancheck_fail	67.48
Philippe2019	clancheck_fail	76.2157
Philippe2019	clancheck_fail	82.8431
Philippe2019	clancheck_fail	71.087
Philippe2019	clancheck_fail	76.5208
Philippe2019	clancheck_fail	76.1778
Philippe2019	clancheck_fail	78.22
Philippe2019	clancheck_fail	70.2051
Philippe2019	clancheck_fail	71.8113
Philippe2019	clancheck_fail	76.2
Philippe2019	clancheck_fail	76.2727
Philippe2019	clancheck_fail	72.2889
Philippe2019	clancheck_fail	73.0408
Philippe2019	clancheck_fail	81.6591
Philippe2019	clancheck_fail	75.1915
Philippe2019	clancheck_fail	67.9302
Philippe2019	clancheck_fail	87.2245
Philippe2019	clancheck_fail	72.4634
Philippe2019	clancheck_fail	71.3137
Philippe2019	clancheck_fail	71.375
Philippe2019	clancheck_fail	63.9302
Philippe2019	clancheck_fail	71.55
Philippe2019	clancheck_fail	77.4286
Philippe2019	clancheck_fail	72.2558
Philippe2019	clancheck_fail	64.7692
Philippe2019	clancheck_fail	83.9592
Philippe2019	clancheck_fail	74.6863
Philippe2019	clancheck_fail	73.0435
Philippe2019	clancheck_fail	74.5909
Philippe2019	clancheck_fail	68.16
Philippe2019	clancheck_fail	78.5918
Philippe2019	clancheck_fail	79.6923
Philippe2019	clancheck_fail	69.2245
Philippe2019	clancheck_fail	81.5
Philippe2019	clancheck_fail	74.1463
Philippe2019	clancheck_fail	71.8298
Philippe2019	clancheck_fail	77.3922
Philippe2019	clancheck_fail	75.4528
Philippe2019	clancheck_fail	74.9804
Philippe2019	clancheck_fail	65.4348
Philippe2019	clancheck_fail	71.1633
Philippe2019	clancheck_fail	67.4222
Philippe2019	clancheck_fail	74.9
Philippe2019	clancheck_fail	75.8571
Philippe2019	clancheck_fail	81.0377
Philippe2019	clancheck_fail	80.7045
Philippe2019	clancheck_fail	70.1224
Philippe2019	clancheck_fail	64.1463
Philippe2019	clancheck_fail	70.8667
Philippe2019	clancheck_fail	62.8372
Philippe2019	clancheck_fail	67.9756
Philippe2019	clancheck_fail	68.4773
Philippe2019	clancheck_fail	76.1778
Philippe2019	clancheck_fail	85.6591
Philippe2019	clancheck_fail	64.3864
Philippe2019	clancheck_fail	63.6739
Philippe2019	clancheck_fail	69.5814
Philippe2019	clancheck_fail	61.8298
Philippe2019	clancheck_fail	73.4565
Philippe2019	clancheck_fail	79.1373
Philippe2019	clancheck_fail	72.4038
Philippe2019	clancheck_fail	73.5417
Philippe2019	clancheck_fail	78.1277
Philippe2019	clancheck_fail	81.6327
Philippe2019	clancheck_fail	86.5532
Philippe2019	clancheck_fail	83.3333
Philippe2019	clancheck_fail	61.6429
Philippe2019	clancheck_fail	75.8
Philippe2019	clancheck_fail	66.383
Philippe2019	clancheck_fail	66.2927
Philippe2019	clancheck_fail	69.6078
Philippe2019	clancheck_fail	70.6429
Philippe2019	clancheck_fail	70.5455
Philippe2019	clancheck_fail	80.9556
Philippe2019	clancheck_fail	79.86
Philippe2019	clancheck_fail	65.3023
Philippe2019	clancheck_fail	78.9778
Philippe2019	clancheck_fail	71.1429
Philippe2019	clancheck_fail	72.84
Philippe2019	clancheck_fail	73.4318
Philippe2019	clancheck_fail	78.6939
Philippe2019	clancheck_fail	76.8
Philippe2019	clancheck_fail	75.14
Philippe2019	clancheck_fail	72.2667
Philippe2019	clancheck_fail	72.7826
Philippe2019	clancheck_fail	63.2857
Philippe2019	clancheck_fail	71.9149
Philippe2019	clancheck_fail	66.7317
Philippe2019	clancheck_fail	72.5952
Philippe2019	clancheck_fail	82.3585
Philippe2019	clancheck_fail	80.1739
Philippe2019	clancheck_fail	86.9348
Philippe2019	clancheck_fail	82.14
Philippe2019	clancheck_fail	83.375
Philippe2019	clancheck_fail	79.3585
Philippe2019	clancheck_fail	71.475
Philippe2019	clancheck_fail	81.2115
Philippe2019	clancheck_fail	64.4762
Philippe2019	clancheck_fail	80.6905
Philippe2019	clancheck_fail	80.6981
Philippe2019	clancheck_fail	84.1731
Philippe2019	clancheck_fail	78.68
Philippe2019	clancheck_fail	79.22
Philippe2019	clancheck_fail	67.74
Philippe2019	clancheck_fail	80.4082
Philippe2019	clancheck_fail	75.2778
Philippe2019	clancheck_fail	67.8125
Philippe2019	clancheck_fail	75.0488
Philippe2019	clancheck_fail	77.5
Philippe2019	clancheck_fail	78.878
Philippe2019	clancheck_fail	80.451
Philippe2019	clancheck_fail	71.6087
Philippe2019	clancheck_fail	76.119
Philippe2019	clancheck_fail	71.7925
Philippe2019	clancheck_fail	75.0455
Philippe2019	clancheck_fail	70.2
Philippe2019	clancheck_fail	66.68
Philippe2019	clancheck_fail	80.78
Philippe2019	clancheck_fail	69.5625
Philippe2019	clancheck_fail	85.08
Philippe2019	clancheck_fail	75.0851
Philippe2019	clancheck_fail	68.6087
Philippe2019	clancheck_fail	62.9024
Philippe2019	clancheck_fail	79.087
Philippe2019	clancheck_fail	71.9167
Philippe2019	clancheck_fail	76.2093
Philippe2019	clancheck_fail	63.0222
Philippe2019	clancheck_fail	67.25
Philippe2019	clancheck_fail	75.4444
Philippe2019	clancheck_fail	73.5417
Philippe2019	clancheck_fail	78.0204
Philippe2019	clancheck_fail	77.2653
Philippe2019	clancheck_fail	75.8491
Philippe2019	clancheck_fail	75.7045
Philippe2019	clancheck_fail	84.102
Philippe2019	clancheck_fail	64.1628
Philippe2019	clancheck_fail	69.7619
Philippe2019	clancheck_fail	78.9778
Philippe2019	clancheck_fail	71.8478
Philippe2019	clancheck_fail	78.82
Philippe2019	clancheck_fail	83.0385
Philippe2019	clancheck_fail	70.76
Philippe2019	clancheck_fail	81.9778
Philippe2019	clancheck_fail	77.4681
Philippe2019	clancheck_fail	78.4762
Philippe2019	clancheck_fail	79.4043
Philippe2019	clancheck_fail	68.5435
Philippe2019	clancheck_fail	70.2653
Philippe2019	clancheck_fail	71.5116
Philippe2019	clancheck_fail	73.5849
Philippe2019	clancheck_fail	73.9783
Philippe2019	clancheck_fail	82.4583
Philippe2019	clancheck_fail	71.1064
Philippe2019	clancheck_fail	78.2037
Philippe2019	clancheck_fail	59.3478
Philippe2019	clancheck_fail	50.4048
Philippe2019	clancheck_fail	72.96
Philippe2019	clancheck_fail	76.551
Philippe2019	clancheck_fail	71.8431
Philippe2019	clancheck_fail	72.8333
Philippe2019	clancheck_fail	70.9111
Philippe2019	clancheck_fail	85.0962
Philippe2019	clancheck_fail	75.1961
Philippe2019	clancheck_fail	71.7083
Philippe2019	clancheck_fail	81.1522
Philippe2019	clancheck_fail	66.2857
Philippe2019	clancheck_fail	69.8864
Philippe2019	clancheck_fail	68.0238
Philippe2019	clancheck_fail	68.9583
Philippe2019	clancheck_fail	63.7317
Philippe2019	clancheck_fail	73.075
Philippe2019	clancheck_fail	82.234
Philippe2019	clancheck_fail	78.7381
Philippe2019	clancheck_fail	71.1458
Philippe2019	clancheck_fail	76.2292
Philippe2019	clancheck_fail	77.32
Philippe2019	clancheck_fail	80.0682
Philippe2019	clancheck_fail	81.3636
Philippe2019	clancheck_fail	71.4444
Philippe2019	clancheck_fail	73.1136
Philippe2019	clancheck_fail	82.3333
Philippe2019	clancheck_fail	75.5333
Philippe2019	clancheck_fail	72.9
Philippe2019	clancheck_fail	78.2
Philippe2019	clancheck_fail	70.725
Philippe2019	clancheck_fail	67.0465
Philippe2019	clancheck_fail	75.7442
Philippe2019	clancheck_fail	87.5098
Philippe2019	clancheck_fail	70.3617
Philippe2019	clancheck_fail	68.4082
Philippe2019	clancheck_fail	82.2549
Philippe2019	clancheck_fail	61.02
Philippe2019	clancheck_fail	83.7308
Philippe2019	clancheck_fail	72.0714
Philippe2019	clancheck_fail	79.6522
Philippe2019	clancheck_fail	65.3659
Philippe2019	clancheck_fail	69.3333
Philippe2019	clancheck_fail	76.3125
Philippe2019	clancheck_fail	70.18
Philippe2019	clancheck_fail	76.6042
Philippe2019	clancheck_fail	69.8537
Philippe2019	clancheck_fail	77.2292
Philippe2019	clancheck_fail	80.6957
Philippe2019	clancheck_fail	78.65
Philippe2019	clancheck_fail	81.6182
Philippe2019	clancheck_fail	72.0208
Philippe2019	clancheck_fail	71.5625
Philippe2019	clancheck_fail	78.1739
Philippe2019	clancheck_fail	81.82
Philippe2019	clancheck_fail	73.8696
Philippe2019	clancheck_fail	67.7451
Philippe2019	clancheck_fail	86.7255
Philippe2019	clancheck_fail	80.9302
Philippe2019	clancheck_fail	72.1364
Philippe2019	clancheck_fail	76.1429
Philippe2019	clancheck_fail	83.1296
Philippe2019	clancheck_fail	64.9318
Philippe2019	clancheck_fail	72.8776
Philippe2019	clancheck_fail	71.3462
Philippe2019	clancheck_fail	69.0612
Philippe2019	clancheck_fail	76.8444
Philippe2019	clancheck_fail	78.2955
Philippe2019	clancheck_fail	61.2381
Philippe2019	clancheck_fail	80
Philippe2019	clancheck_fail	69.4681
Philippe2019	clancheck_fail	77.7551
Philippe2019	clancheck_fail	78.1915
Philippe2019	clancheck_fail	84.2093
Philippe2019	clancheck_fail	76.9302
Philippe2019	clancheck_fail	79.6042
Philippe2019	clancheck_fail	71.1087
Philippe2019	clancheck_fail	67.0556
Philippe2019	clancheck_fail	75.5
Philippe2019	clancheck_fail	72.119
Philippe2019	clancheck_fail	71.2791
Philippe2019	clancheck_fail	74.2979
Philippe2019	clancheck_fail	79.1633
Philippe2019	clancheck_fail	84.9792
Philippe2019	clancheck_fail	71.9
Philippe2019	clancheck_fail	79.7556
Philippe2019	clancheck_fail	72.4
Philippe2019	clancheck_fail	81.6038
Philippe2019	clancheck_fail	75.0714
Philippe2019	clancheck_fail	81.7273
Philippe2019	clancheck_fail	76.5333
Philippe2019	clancheck_fail	82.1154
Philippe2019	clancheck_fail	70.1556
Philippe2019	clancheck_fail	78.2093
Philippe2019	clancheck_fail	84.0652
Philippe2019	clancheck_fail	70.5778
Philippe2019	clancheck_fail	81.1628
Philippe2019	clancheck_fail	71.1364
Philippe2019	clancheck_fail	80.12
Philippe2019	clancheck_fail	72.6852
Philippe2019	clancheck_fail	69.0213
Philippe2019	clancheck_fail	72.5238
Philippe2019	clancheck_fail	70.234
Philippe2019	clancheck_fail	71.4348
Philippe2019	clancheck_fail	74.6444
Philippe2019	clancheck_fail	64.5686
Philippe2019	clancheck_fail	69.4468
Philippe2019	clancheck_fail	76.12
Philippe2019	clancheck_fail	87.375
Philippe2019	clancheck_fail	67.0208
Philippe2019	clancheck_fail	77.8431
Philippe2019	clancheck_fail	74.8936
Philippe2019	clancheck_fail	78.6981
Philippe2019	clancheck_fail	77.6222
Philippe2019	clancheck_fail	76.2037
Philippe2019	clancheck_fail	75.0196
Philippe2019	clancheck_fail	81.5472
Philippe2019	clancheck_fail	65.2708
Philippe2019	clancheck_fail	74.3415
Philippe2019	clancheck_fail	71.3953
Philippe2019	clancheck_fail	71.2708
Philippe2019	clancheck_fail	81.5
Philippe2019	clancheck_fail	68.3409
Philippe2019	clancheck_fail	75.6731
Philippe2019	clancheck_fail	81.0417
Philippe2019	clancheck_fail	78.6735
Philippe2019	clancheck_fail	69.5349
Philippe2019	clancheck_fail	67.8085
Philippe2019	clancheck_fail	76.7273
Philippe2019	clancheck_fail	76.4667
Philippe2019	clancheck_fail	80.3488
Philippe2019	clancheck_fail	72.14
Philippe2019	clancheck_fail	75.449
Philippe2019	clancheck_fail	68.1224
Philippe2019	clancheck_fail	77.4444
Philippe2019	clancheck_fail	76.6939
Philippe2019	clancheck_fail	84.5833
Philippe2019	clancheck_fail	72.0652
Philippe2019	clancheck_fail	79.9362
Philippe2019	clancheck_fail	69.383
Philippe2019	clancheck_fail	73.5098
Philippe2019	clancheck_fail	81
Philippe2019	clancheck_fail	69.16
Philippe2019	clancheck_fail	74.1961
Philippe2019	clancheck_fail	76.1064
Philippe2019	clancheck_fail	78.6327
Philippe2019	clancheck_fail	72.9545
Philippe2019	clancheck_fail	73.6383
Philippe2019	clancheck_fail	77.0952
Philippe2019	clancheck_fail	66.0455
Philippe2019	clancheck_fail	68.8367
Philippe2019	clancheck_fail	80.48
Philippe2019	clancheck_fail	75.9375
Philippe2019	clancheck_fail	69.4894
Philippe2019	clancheck_fail	85.5682
Philippe2019	clancheck_fail	64.8261
Philippe2019	clancheck_fail	66.36
Philippe2019	clancheck_fail	60.907
Philippe2019	clancheck_fail	71.6735
Philippe2019	clancheck_fail	62.5098
Philippe2019	clancheck_fail	53.7857
Philippe2019	clancheck_fail	65.1429
Philippe2019	clancheck_fail	73.7442
Philippe2019	clancheck_fail	78.05
Philippe2019	clancheck_fail	79.3396
Philippe2019	clancheck_fail	76.9583
Philippe2019	clancheck_fail	73.8
Philippe2019	clancheck_fail	75.0889
Philippe2019	clancheck_fail	79.5952
Philippe2019	clancheck_fail	84.6087
Philippe2019	clancheck_fail	71.413
Philippe2019	clancheck_fail	82.9623
Philippe2019	clancheck_fail	76.7674
Philippe2019	clancheck_fail	65.2609
Philippe2019	clancheck_fail	77.1698
Philippe2019	clancheck_fail	81.4906
Philippe2019	clancheck_fail	72.4091
Philippe2019	clancheck_fail	74.913
Philippe2019	clancheck_fail	71.0426
Philippe2019	clancheck_fail	80.1463
Philippe2019	clancheck_fail	76.3208
Philippe2019	clancheck_fail	56.1707
Philippe2019	clancheck_fail	85.3519
Philippe2019	clancheck_fail	72.42
Philippe2019	clancheck_fail	64.3913
Philippe2019	clancheck_fail	73.4222
Philippe2019	clancheck_fail	64.6222
Philippe2019	clancheck_fail	66.8125
Philippe2019	clancheck_fail	79.9762
Philippe2019	clancheck_fail	75.617
Philippe2019	clancheck_fail	68.8667
Philippe2019	clancheck_fail	81.56
Philippe2019	clancheck_fail	73.4694
Philippe2019	clancheck_fail	74.5122
Philippe2019	clancheck_fail	81.7885
Philippe2019	clancheck_fail	78.1951
Philippe2019	clancheck_fail	83.5918
Philippe2019	clancheck_fail	63.4762
Philippe2019	clancheck_fail	76.2128
Philippe2019	clancheck_fail	68.5111
Philippe2019	clancheck_fail	79.3043
Philippe2019	clancheck_fail	72.7436
Philippe2019	clancheck_fail	60.52
Philippe2019	clancheck_fail	62.34
Philippe2019	clancheck_fail	72.9375
Philippe2019	clancheck_fail	66.9773
Philippe2019	clancheck_fail	75.2174
Philippe2019	clancheck_fail	74.8261
Philippe2019	clancheck_fail	85.02
Philippe2019	clancheck_fail	82.6735
Philippe2019	clancheck_fail	75.8864
Philippe2019	clancheck_fail	70.6122
Philippe2019	clancheck_fail	86.5094
Philippe2019	clancheck_fail	79.5652
Philippe2019	clancheck_fail	60.6304
Philippe2019	clancheck_fail	75.6078
Philippe2019	clancheck_fail	67.234
Philippe2019	clancheck_fail	56.8537
Philippe2019	clancheck_fail	74.6923
Philippe2019	clancheck_fail	71.8333
Philippe2019	clancheck_fail	62.5122
Philippe2019	clancheck_fail	81.9608
Philippe2019	clancheck_fail	89.7547
Philippe2019	clancheck_fail	81.1224
Philippe2019	clancheck_fail	78.5
Philippe2019	clancheck_fail	81.2381
Philippe2019	clancheck_fail	71.7674
Philippe2019	clancheck_fail	70.2174
Philippe2019	clancheck_fail	72.7308
Philippe2019	clancheck_fail	65.3571
Philippe2019	clancheck_fail	78.44
Philippe2019	clancheck_fail	64.3778
Philippe2019	clancheck_fail	82.2857
Philippe2019	clancheck_fail	79.8542
Philippe2019	clancheck_fail	72.5106
Philippe2019	clancheck_fail	73.5532
Philippe2019	clancheck_fail	79.9512
Philippe2019	clancheck_fail	73.6863
Philippe2019	clancheck_fail	71.3095
Philippe2019	clancheck_fail	85.8302
Philippe2019	clancheck_fail	69.0667
Philippe2019	clancheck_fail	74.6
Philippe2019	clancheck_fail	77.56
Philippe2019	clancheck_fail	74.0816
Philippe2019	clancheck_fail	74.8261
Philippe2019	clancheck_fail	77.6222
Philippe2019	clancheck_fail	71.1429
Philippe2019	clancheck_fail	78.0889
Philippe2019	clancheck_fail	68.5319
Philippe2019	clancheck_fail	65.82
Philippe2019	clancheck_fail	85.4043
Philippe2019	clancheck_fail	67.8222
Philippe2019	clancheck_fail	76.8163
Philippe2019	clancheck_fail	67.4222
Philippe2019	clancheck_fail	74.8039
Philippe2019	clancheck_fail	79.1154
Philippe2019	clancheck_fail	69.3091
Philippe2019	clancheck_fail	72.8696
Philippe2019	clancheck_fail	75.9787
Philippe2019	clancheck_fail	81.4118
Philippe2019	clancheck_fail	69.4419
Philippe2019	clancheck_fail	70.3556
Philippe2019	clancheck_fail	74.9592
Philippe2019	clancheck_fail	67.7333
Philippe2019	clancheck_fail	72.1628
Philippe2019	clancheck_fail	76.8511
Philippe2019	clancheck_fail	71.619
Philippe2019	clancheck_fail	58.3158
Philippe2019	clancheck_fail	65.3778
Philippe2019	clancheck_fail	69.2391
Philippe2019	clancheck_fail	61.1951
Philippe2019	clancheck_fail	80.7959
Philippe2019	clancheck_fail	69.2619
Philippe2019	clancheck_fail	70.0444
Philippe2019	clancheck_fail	83.6604
Philippe2019	clancheck_fail	72.5227
Philippe2019	clancheck_fail	84.4468
Philippe2019	clancheck_fail	78.0185
Philippe2019	clancheck_fail	76.7736
Philippe2019	clancheck_fail	62.5476
Philippe2019	clancheck_fail	72.4894
Philippe2019	clancheck_fail	76.6596
Philippe2019	clancheck_fail	87.2692
