Rouse2016	clancheck_pass	135
Rouse2016	clancheck_pass	108
Rouse2016	clancheck_pass	192
Rouse2016	clancheck_pass	167
Rouse2016	clancheck_pass	115
Rouse2016	clancheck_pass	387
Rouse2016	clancheck_pass	188
Rouse2016	clancheck_pass	221
Rouse2016	clancheck_pass	149
Rouse2016	clancheck_pass	239
Rouse2016	clancheck_pass	145
Rouse2016	clancheck_pass	118
Rouse2016	clancheck_pass	175
Rouse2016	clancheck_pass	367
Rouse2016	clancheck_pass	227
Rouse2016	clancheck_pass	265
Rouse2016	clancheck_pass	98
Rouse2016	clancheck_pass	156
Rouse2016	clancheck_pass	195
Rouse2016	clancheck_pass	261
Rouse2016	clancheck_pass	146
Rouse2016	clancheck_pass	211
Rouse2016	clancheck_pass	185
Rouse2016	clancheck_pass	153
Rouse2016	clancheck_pass	214
Rouse2016	clancheck_pass	232
Rouse2016	clancheck_pass	153
Rouse2016	clancheck_pass	171
Rouse2016	clancheck_pass	291
Rouse2016	clancheck_pass	216
Rouse2016	clancheck_pass	318
Rouse2016	clancheck_pass	153
Rouse2016	clancheck_pass	386
Rouse2016	clancheck_pass	105
Rouse2016	clancheck_pass	245
Rouse2016	clancheck_pass	312
Rouse2016	clancheck_pass	268
Rouse2016	clancheck_pass	194
Rouse2016	clancheck_pass	161
Rouse2016	clancheck_pass	181
Rouse2016	clancheck_pass	220
Rouse2016	clancheck_pass	165
Rouse2016	clancheck_pass	95
Rouse2016	clancheck_pass	196
Rouse2016	clancheck_pass	234
Rouse2016	clancheck_pass	212
Rouse2016	clancheck_pass	252
Rouse2016	clancheck_pass	369
Rouse2016	clancheck_pass	174
Rouse2016	clancheck_pass	135
Rouse2016	clancheck_pass	317
Rouse2016	clancheck_pass	117
Rouse2016	clancheck_pass	149
Rouse2016	clancheck_pass	147
Rouse2016	clancheck_pass	175
Rouse2016	clancheck_pass	449
Rouse2016	clancheck_pass	100
Rouse2016	clancheck_pass	152
Rouse2016	clancheck_pass	389
Rouse2016	clancheck_pass	140
Rouse2016	clancheck_pass	230
Rouse2016	clancheck_pass	171
Rouse2016	clancheck_pass	412
Rouse2016	clancheck_pass	215
Rouse2016	clancheck_pass	189
Rouse2016	clancheck_pass	391
Rouse2016	clancheck_pass	171
Rouse2016	clancheck_pass	222
Rouse2016	clancheck_pass	163
Rouse2016	clancheck_pass	233
Rouse2016	clancheck_fail	262
Rouse2016	clancheck_fail	391
Rouse2016	clancheck_fail	250
Rouse2016	clancheck_fail	313
Rouse2016	clancheck_fail	95
Rouse2016	clancheck_fail	204
Rouse2016	clancheck_fail	356
Rouse2016	clancheck_fail	122
Rouse2016	clancheck_fail	166
Rouse2016	clancheck_fail	212
Rouse2016	clancheck_fail	176
Rouse2016	clancheck_fail	175
Rouse2016	clancheck_fail	260
Rouse2016	clancheck_fail	122
Rouse2016	clancheck_fail	96
Rouse2016	clancheck_fail	197
Rouse2016	clancheck_fail	124
Rouse2016	clancheck_fail	324
Rouse2016	clancheck_fail	191
Rouse2016	clancheck_fail	153
Rouse2016	clancheck_fail	180
Rouse2016	clancheck_fail	175
Rouse2016	clancheck_fail	64
Rouse2016	clancheck_fail	200
Rouse2016	clancheck_fail	201
Rouse2016	clancheck_fail	204
Rouse2016	clancheck_fail	122
Rouse2016	clancheck_fail	240
Rouse2016	clancheck_fail	371
Rouse2016	clancheck_fail	162
Rouse2016	clancheck_fail	139
Rouse2016	clancheck_fail	230
Rouse2016	clancheck_fail	226
Rouse2016	clancheck_fail	210
Rouse2016	clancheck_fail	39
Rouse2016	clancheck_fail	185
Rouse2016	clancheck_fail	221
Rouse2016	clancheck_fail	200
Rouse2016	clancheck_fail	210
Rouse2016	clancheck_fail	80
Rouse2016	clancheck_fail	305
Rouse2016	clancheck_fail	122
Rouse2016	clancheck_fail	150
Rouse2016	clancheck_fail	128
Rouse2016	clancheck_fail	275
Rouse2016	clancheck_fail	198
Rouse2016	clancheck_fail	140
Rouse2016	clancheck_fail	265
Rouse2016	clancheck_fail	141
Rouse2016	clancheck_fail	170
Rouse2016	clancheck_fail	195
Rouse2016	clancheck_fail	285
Rouse2016	clancheck_fail	120
Rouse2016	clancheck_fail	136
Rouse2016	clancheck_fail	186
Rouse2016	clancheck_fail	140
Rouse2016	clancheck_fail	169
Rouse2016	clancheck_fail	133
Rouse2016	clancheck_fail	169
Rouse2016	clancheck_fail	160
Rouse2016	clancheck_fail	253
Rouse2016	clancheck_fail	66
Rouse2016	clancheck_fail	184
Rouse2016	clancheck_fail	169
Rouse2016	clancheck_fail	152
Rouse2016	clancheck_fail	177
Rouse2016	clancheck_fail	140
Rouse2016	clancheck_fail	105
Rouse2016	clancheck_fail	170
Rouse2016	clancheck_fail	32
Rouse2016	clancheck_fail	208
Rouse2016	clancheck_fail	152
Rouse2016	clancheck_fail	147
Rouse2016	clancheck_fail	294
Rouse2016	clancheck_fail	129
Rouse2016	clancheck_fail	239
Rouse2016	clancheck_fail	177
Rouse2016	clancheck_fail	113
Rouse2016	clancheck_fail	131
Rouse2016	clancheck_fail	47
Rouse2016	clancheck_fail	6
Rouse2016	clancheck_fail	412
Rouse2016	clancheck_fail	73
Rouse2016	clancheck_fail	154
Rouse2016	clancheck_fail	183
Rouse2016	clancheck_fail	227
Rouse2016	clancheck_fail	218
Rouse2016	clancheck_fail	155
Rouse2016	clancheck_fail	197
Rouse2016	clancheck_fail	221
Rouse2016	clancheck_fail	212
Rouse2016	clancheck_fail	202
Rouse2016	clancheck_fail	175
Rouse2016	clancheck_fail	154
Rouse2016	clancheck_fail	90
Rouse2016	clancheck_fail	148
Rouse2016	clancheck_fail	165
Rouse2016	clancheck_fail	204
Rouse2016	clancheck_fail	95
Rouse2016	clancheck_fail	202
Rouse2016	clancheck_fail	102
Rouse2016	clancheck_fail	208
Rouse2016	clancheck_fail	152
Rouse2016	clancheck_fail	171
Rouse2016	clancheck_fail	119
Rouse2016	clancheck_fail	173
Rouse2016	clancheck_fail	254
Rouse2016	clancheck_fail	233
Rouse2016	clancheck_fail	386
Rouse2016	clancheck_fail	269
Rouse2016	clancheck_fail	96
Rouse2016	clancheck_fail	111
Rouse2016	clancheck_fail	197
Rouse2016	clancheck_fail	160
Rouse2016	clancheck_fail	211
Rouse2016	clancheck_fail	242
Rouse2016	clancheck_fail	77
Rouse2016	clancheck_fail	219
Rouse2016	clancheck_fail	217
Rouse2016	clancheck_fail	169
Rouse2016	clancheck_fail	82
Rouse2016	clancheck_fail	152
Rouse2016	clancheck_fail	192
Rouse2016	clancheck_fail	33
Rouse2016	clancheck_fail	215
Rouse2016	clancheck_fail	159
Rouse2016	clancheck_fail	214
Rouse2016	clancheck_fail	275
Rouse2016	clancheck_fail	178
Rouse2016	clancheck_fail	191
Rouse2016	clancheck_fail	150
Rouse2016	clancheck_fail	250
Rouse2016	clancheck_fail	184
Rouse2016	clancheck_fail	260
Rouse2016	clancheck_fail	151
Rouse2016	clancheck_fail	121
Rouse2016	clancheck_fail	101
Rouse2016	clancheck_fail	274
Rouse2016	clancheck_fail	178
Rouse2016	clancheck_fail	237
Rouse2016	clancheck_fail	94
Rouse2016	clancheck_fail	112
Rouse2016	clancheck_fail	161
Rouse2016	clancheck_fail	196
Rouse2016	clancheck_fail	166
Rouse2016	clancheck_fail	169
Rouse2016	clancheck_fail	61
Rouse2016	clancheck_fail	116
Rouse2016	clancheck_fail	170
Rouse2016	clancheck_fail	91
Rouse2016	clancheck_fail	192
Rouse2016	clancheck_fail	104
Rouse2016	clancheck_fail	203
Rouse2016	clancheck_fail	241
Rouse2016	clancheck_fail	178
Rouse2016	clancheck_fail	78
Rouse2016	clancheck_fail	183
Rouse2016	clancheck_fail	169
Rouse2016	clancheck_fail	107
Rouse2016	clancheck_fail	116
Rouse2016	clancheck_fail	110
Rouse2016	clancheck_fail	184
Rouse2016	clancheck_fail	126
Rouse2016	clancheck_fail	93
Rouse2016	clancheck_fail	239
Rouse2016	clancheck_fail	157
Rouse2016	clancheck_fail	204
Rouse2016	clancheck_fail	174
Rouse2016	clancheck_fail	248
Rouse2016	clancheck_fail	146
Rouse2016	clancheck_fail	213
Rouse2016	clancheck_fail	175
Rouse2016	clancheck_fail	268
Rouse2016	clancheck_fail	144
Rouse2016	clancheck_fail	175
Rouse2016	clancheck_fail	110
Rouse2016	clancheck_fail	194
Rouse2016	clancheck_fail	209
Rouse2016	clancheck_fail	248
Rouse2016	clancheck_fail	203
Rouse2016	clancheck_fail	228
Rouse2016	clancheck_fail	230
Rouse2016	clancheck_fail	167
Rouse2016	clancheck_fail	165
Rouse2016	clancheck_fail	98
Rouse2016	clancheck_fail	89
Rouse2016	clancheck_fail	148
Rouse2016	clancheck_fail	117
Rouse2016	clancheck_fail	227
Rouse2016	clancheck_fail	218
Rouse2016	clancheck_fail	256
Rouse2016	clancheck_fail	185
Rouse2016	clancheck_fail	192
Rouse2016	clancheck_fail	179
Rouse2016	clancheck_fail	189
Rouse2016	clancheck_fail	187
Rouse2016	clancheck_fail	205
Rouse2016	clancheck_fail	447
Rouse2016	clancheck_fail	185
Rouse2016	clancheck_fail	188
Rouse2016	clancheck_fail	163
Rouse2016	clancheck_fail	176
Rouse2016	clancheck_fail	169
Rouse2016	clancheck_fail	131
Rouse2016	clancheck_fail	187
Rouse2016	clancheck_fail	200
Rouse2016	clancheck_fail	202
Rouse2016	clancheck_fail	148
Rouse2016	clancheck_fail	180
Rouse2016	clancheck_fail	75
Rouse2016	clancheck_fail	171
Rouse2016	clancheck_fail	110
Rouse2016	clancheck_fail	184
Rouse2016	clancheck_fail	88
Rouse2016	clancheck_fail	245
Rouse2016	clancheck_fail	284
Rouse2016	clancheck_fail	190
Rouse2016	clancheck_fail	196
Rouse2016	clancheck_fail	256
Rouse2016	clancheck_fail	163
Rouse2016	clancheck_fail	92
Rouse2016	clancheck_fail	62
Rouse2016	clancheck_fail	76
Rouse2016	clancheck_fail	224
Rouse2016	clancheck_fail	98
Rouse2016	clancheck_fail	298
Rouse2016	clancheck_fail	207
Rouse2016	clancheck_fail	132
Rouse2016	clancheck_fail	170
Rouse2016	clancheck_fail	208
Rouse2016	clancheck_fail	356
Rouse2016	clancheck_fail	179
Rouse2016	clancheck_fail	236
Rouse2016	clancheck_fail	153
Rouse2016	clancheck_fail	183
Rouse2016	clancheck_fail	138
Rouse2016	clancheck_fail	247
Rouse2016	clancheck_fail	152
Rouse2016	clancheck_fail	124
Rouse2016	clancheck_fail	320
Rouse2016	clancheck_fail	117
Rouse2016	clancheck_fail	194
Rouse2016	clancheck_fail	113
Rouse2016	clancheck_fail	94
Rouse2016	clancheck_fail	165
Rouse2016	clancheck_fail	180
Rouse2016	clancheck_fail	222
Rouse2016	clancheck_fail	118
Rouse2016	clancheck_fail	150
Rouse2016	clancheck_fail	262
Rouse2016	clancheck_fail	177
Rouse2016	clancheck_fail	163
Rouse2016	clancheck_fail	118
Rouse2016	clancheck_fail	149
Rouse2016	clancheck_fail	145
Rouse2016	clancheck_fail	133
Rouse2016	clancheck_fail	172
Rouse2016	clancheck_fail	151
Rouse2016	clancheck_fail	321
Rouse2016	clancheck_fail	377
Rouse2016	clancheck_fail	170
Rouse2016	clancheck_fail	200
Rouse2016	clancheck_fail	139
Rouse2016	clancheck_fail	210
Rouse2016	clancheck_fail	236
Rouse2016	clancheck_fail	159
Rouse2016	clancheck_fail	170
Rouse2016	clancheck_fail	210
Rouse2016	clancheck_fail	196
Rouse2016	clancheck_fail	164
Rouse2016	clancheck_fail	152
Rouse2016	clancheck_fail	73
Rouse2016	clancheck_fail	219
Rouse2016	clancheck_fail	209
Rouse2016	clancheck_fail	225
Rouse2016	clancheck_fail	201
Rouse2016	clancheck_fail	167
Rouse2016	clancheck_fail	108
Rouse2016	clancheck_fail	125
Rouse2016	clancheck_fail	155
Rouse2016	clancheck_fail	129
Rouse2016	clancheck_fail	184
Rouse2016	clancheck_fail	174
Rouse2016	clancheck_fail	163
Rouse2016	clancheck_fail	81
Rouse2016	clancheck_fail	227
Rouse2016	clancheck_fail	279
Rouse2016	clancheck_fail	85
Rouse2016	clancheck_fail	117
Rouse2016	clancheck_fail	189
Rouse2016	clancheck_fail	59
Rouse2016	clancheck_fail	212
Rouse2016	clancheck_fail	165
Rouse2016	clancheck_fail	146
Rouse2016	clancheck_fail	70
Rouse2016	clancheck_fail	159
Rouse2016	clancheck_fail	158
Rouse2016	clancheck_fail	248
Rouse2016	clancheck_fail	137
Rouse2016	clancheck_fail	120
Rouse2016	clancheck_fail	218
Rouse2016	clancheck_fail	170
Rouse2016	clancheck_fail	153
Rouse2016	clancheck_fail	166
Rouse2016	clancheck_fail	103
Rouse2016	clancheck_fail	184
Rouse2016	clancheck_fail	239
Rouse2016	clancheck_fail	223
Rouse2016	clancheck_fail	187
Rouse2016	clancheck_fail	248
Rouse2016	clancheck_fail	146
Rouse2016	clancheck_fail	222
Rouse2016	clancheck_fail	155
Rouse2016	clancheck_fail	284
Rouse2016	clancheck_fail	53
Rouse2016	clancheck_fail	96
Rouse2016	clancheck_fail	225
Rouse2016	clancheck_fail	160
Rouse2016	clancheck_fail	125
Rouse2016	clancheck_fail	144
Rouse2016	clancheck_fail	174
Rouse2016	clancheck_fail	154
Rouse2016	clancheck_fail	171
Rouse2016	clancheck_fail	128
Rouse2016	clancheck_fail	212
Rouse2016	clancheck_fail	107
Rouse2016	clancheck_fail	102
Rouse2016	clancheck_fail	244
Rouse2016	clancheck_fail	129
Rouse2016	clancheck_fail	95
Rouse2016	clancheck_fail	190
Rouse2016	clancheck_fail	175
Rouse2016	clancheck_fail	157
Rouse2016	clancheck_fail	134
Rouse2016	clancheck_fail	169
Rouse2016	clancheck_fail	135
Rouse2016	clancheck_fail	176
Rouse2016	clancheck_fail	231
Rouse2016	clancheck_fail	185
Rouse2016	clancheck_fail	165
Rouse2016	clancheck_fail	208
Rouse2016	clancheck_fail	151
Rouse2016	clancheck_fail	212
Rouse2016	clancheck_fail	269
Rouse2016	clancheck_fail	166
Rouse2016	clancheck_fail	317
Rouse2016	clancheck_fail	232
Rouse2016	clancheck_fail	140
Rouse2016	clancheck_fail	152
Rouse2016	clancheck_fail	249
Rouse2016	clancheck_fail	123
Rouse2016	clancheck_fail	87
Rouse2016	clancheck_fail	252
Rouse2016	clancheck_fail	225
Rouse2016	clancheck_fail	131
Rouse2016	clancheck_fail	136
Rouse2016	clancheck_fail	186
Rouse2016	clancheck_fail	147
Rouse2016	clancheck_fail	88
Rouse2016	clancheck_fail	180
Rouse2016	clancheck_fail	51
Rouse2016	clancheck_fail	143
Rouse2016	clancheck_fail	96
Rouse2016	clancheck_fail	163
Rouse2016	clancheck_fail	144
Rouse2016	clancheck_fail	71
Rouse2016	clancheck_fail	84
Rouse2016	clancheck_fail	96
Rouse2016	clancheck_fail	186
Rouse2016	clancheck_fail	56
Rouse2016	clancheck_fail	202
Rouse2016	clancheck_fail	163
Rouse2016	clancheck_fail	147
Rouse2016	clancheck_fail	61
Rouse2016	clancheck_fail	253
Rouse2016	clancheck_fail	63
Rouse2016	clancheck_fail	146
Rouse2016	clancheck_fail	257
Rouse2016	clancheck_fail	202
Rouse2016	clancheck_fail	225
Rouse2016	clancheck_fail	253
Rouse2016	clancheck_fail	175
Rouse2016	clancheck_fail	139
Rouse2016	clancheck_fail	201
Rouse2016	clancheck_fail	160
Rouse2016	clancheck_fail	147
Rouse2016	clancheck_fail	119
Rouse2016	clancheck_fail	170
Rouse2016	clancheck_fail	159
Rouse2016	clancheck_fail	184
Rouse2016	clancheck_fail	295
Rouse2016	clancheck_fail	95
Rouse2016	clancheck_fail	406
Rouse2016	clancheck_fail	246
Rouse2016	clancheck_fail	189
Rouse2016	clancheck_fail	315
Rouse2016	clancheck_fail	199
Rouse2016	clancheck_fail	153
Rouse2016	clancheck_fail	77
Rouse2016	clancheck_fail	231
Rouse2016	clancheck_fail	255
Rouse2016	clancheck_fail	44
Rouse2016	clancheck_fail	263
Rouse2016	clancheck_fail	150
Rouse2016	clancheck_fail	195
Rouse2016	clancheck_fail	144
Rouse2016	clancheck_fail	255
Rouse2016	clancheck_fail	145
Rouse2016	clancheck_fail	231
Rouse2016	clancheck_fail	203
Rouse2016	clancheck_fail	347
Rouse2016	clancheck_fail	146
Rouse2016	clancheck_fail	164
Rouse2016	clancheck_fail	198
Rouse2016	clancheck_fail	134
Rouse2016	clancheck_fail	172
Rouse2016	clancheck_fail	52
Rouse2016	clancheck_fail	78
Rouse2016	clancheck_fail	147
Rouse2016	clancheck_fail	214
Rouse2016	clancheck_fail	54
Rouse2016	clancheck_fail	161
Rouse2016	clancheck_fail	410
Rouse2016	clancheck_fail	166
Rouse2016	clancheck_fail	160
Rouse2016	clancheck_fail	292
Rouse2016	clancheck_fail	240
Rouse2016	clancheck_fail	169
Rouse2016	clancheck_fail	132
Rouse2016	clancheck_fail	215
Rouse2016	clancheck_fail	207
Rouse2016	clancheck_fail	194
Rouse2016	clancheck_fail	141
Rouse2016	clancheck_fail	186
Rouse2016	clancheck_fail	181
Rouse2016	clancheck_fail	205
Rouse2016	clancheck_fail	147
Rouse2016	clancheck_fail	64
Rouse2016	clancheck_fail	174
Rouse2016	clancheck_fail	216
Rouse2016	clancheck_fail	187
Rouse2016	clancheck_fail	464
Rouse2016	clancheck_fail	149
Rouse2016	clancheck_fail	181
Rouse2016	clancheck_fail	238
Rouse2016	clancheck_fail	349
Rouse2016	clancheck_fail	221
Rouse2016	clancheck_fail	124
Rouse2016	clancheck_fail	169
Rouse2016	clancheck_fail	151
Rouse2016	clancheck_fail	339
Rouse2016	clancheck_fail	52
Rouse2016	clancheck_fail	198
Rouse2016	clancheck_fail	218
Rouse2016	clancheck_fail	122
Rouse2016	clancheck_fail	78
Rouse2016	clancheck_fail	65
Rouse2016	clancheck_fail	198
Rouse2016	clancheck_fail	156
Rouse2016	clancheck_fail	166
Rouse2016	clancheck_fail	202
Rouse2016	clancheck_fail	141
Rouse2016	clancheck_fail	145
Rouse2016	clancheck_fail	461
Rouse2016	clancheck_fail	227
Rouse2016	clancheck_fail	170
Rouse2016	clancheck_fail	221
Rouse2016	clancheck_fail	156
Rouse2016	clancheck_fail	177
Rouse2016	clancheck_fail	153
Rouse2016	clancheck_fail	172
Rouse2016	clancheck_fail	192
Rouse2016	clancheck_fail	161
Rouse2016	clancheck_fail	133
Rouse2016	clancheck_fail	166
Rouse2016	clancheck_fail	267
Rouse2016	clancheck_fail	152
Rouse2016	clancheck_fail	307
Rouse2016	clancheck_fail	227
Rouse2016	clancheck_fail	269
Rouse2016	clancheck_fail	64
Rouse2016	clancheck_fail	163
Rouse2016	clancheck_fail	205
Rouse2016	clancheck_fail	338
Rouse2016	clancheck_fail	214
Rouse2016	clancheck_fail	150
Rouse2016	clancheck_fail	48
Rouse2016	clancheck_fail	274
Rouse2016	clancheck_fail	118
Rouse2016	clancheck_fail	152
Rouse2016	clancheck_fail	206
Rouse2016	clancheck_fail	164
Rouse2016	clancheck_fail	322
Rouse2016	clancheck_fail	220
Rouse2016	clancheck_fail	291
Rouse2016	clancheck_fail	313
Rouse2016	clancheck_fail	205
Rouse2016	clancheck_fail	360
Rouse2016	clancheck_fail	93
Rouse2016	clancheck_fail	184
Rouse2016	clancheck_fail	124
Rouse2016	clancheck_fail	200
Rouse2016	clancheck_fail	269
Rouse2016	clancheck_fail	194
Rouse2016	clancheck_fail	159
Rouse2016	clancheck_fail	189
Rouse2016	clancheck_fail	153
Rouse2016	clancheck_fail	115
Rouse2016	clancheck_fail	77
Rouse2016	clancheck_fail	243
Rouse2016	clancheck_fail	138
Rouse2016	clancheck_fail	150
Rouse2016	clancheck_fail	263
Rouse2016	clancheck_fail	193
Rouse2016	clancheck_fail	145
Rouse2016	clancheck_fail	237
Rouse2016	clancheck_fail	133
Rouse2016	clancheck_fail	192
Rouse2016	clancheck_fail	156
Rouse2016	clancheck_fail	84
Rouse2016	clancheck_fail	134
Rouse2016	clancheck_fail	128
Rouse2016	clancheck_fail	32
Rouse2016	clancheck_fail	129
Rouse2016	clancheck_fail	202
Rouse2016	clancheck_fail	102
Rouse2016	clancheck_fail	204
Rouse2016	clancheck_fail	220
Rouse2016	clancheck_fail	130
Rouse2016	clancheck_fail	322
Rouse2016	clancheck_fail	207
Rouse2016	clancheck_fail	185
Rouse2016	clancheck_fail	186
Rouse2016	clancheck_fail	186
Rouse2016	clancheck_fail	291
Rouse2016	clancheck_fail	147
Rouse2016	clancheck_fail	247
Rouse2016	clancheck_fail	115
Rouse2016	clancheck_fail	250
Rouse2016	clancheck_fail	331
Rouse2016	clancheck_fail	149
Rouse2016	clancheck_fail	43
Rouse2016	clancheck_fail	228
Rouse2016	clancheck_fail	179
Rouse2016	clancheck_fail	64
Rouse2016	clancheck_fail	425
Rouse2016	clancheck_fail	119
Rouse2016	clancheck_fail	218
Rouse2016	clancheck_fail	149
Rouse2016	clancheck_fail	151
Rouse2016	clancheck_fail	195
Rouse2016	clancheck_fail	295
Rouse2016	clancheck_fail	126
Rouse2016	clancheck_fail	174
Rouse2016	clancheck_fail	168
Rouse2016	clancheck_fail	193
Rouse2016	clancheck_fail	324
Rouse2016	clancheck_fail	167
Rouse2016	clancheck_fail	167
Rouse2016	clancheck_fail	190
Rouse2016	clancheck_fail	209
Rouse2016	clancheck_fail	147
Rouse2016	clancheck_fail	251
Rouse2016	clancheck_fail	132
Rouse2016	clancheck_fail	86
Rouse2016	clancheck_fail	188
Rouse2016	clancheck_fail	131
Rouse2016	clancheck_fail	303
Rouse2016	clancheck_fail	144
Rouse2016	clancheck_fail	113
Rouse2016	clancheck_fail	23
Rouse2016	clancheck_fail	181
Rouse2016	clancheck_fail	205
Rouse2016	clancheck_fail	246
Rouse2016	clancheck_fail	298
Rouse2016	clancheck_fail	86
Rouse2016	clancheck_fail	107
Rouse2016	clancheck_fail	67
Rouse2016	clancheck_fail	180
Rouse2016	clancheck_fail	63
Rouse2016	clancheck_fail	260
Rouse2016	clancheck_fail	139
Rouse2016	clancheck_fail	190
Rouse2016	clancheck_fail	112
Rouse2016	clancheck_fail	243
Rouse2016	clancheck_fail	187
Rouse2016	clancheck_fail	174
Rouse2016	clancheck_fail	139
Rouse2016	clancheck_fail	161
Rouse2016	clancheck_fail	78
Rouse2016	clancheck_fail	157
Rouse2016	clancheck_fail	157
Rouse2016	clancheck_fail	173
Rouse2016	clancheck_fail	94
Rouse2016	clancheck_fail	225
Rouse2016	clancheck_fail	365
Rouse2016	clancheck_fail	171
Rouse2016	clancheck_fail	251
Rouse2016	clancheck_fail	193
Rouse2016	clancheck_fail	151
Rouse2016	clancheck_fail	123
Rouse2016	clancheck_fail	248
Rouse2016	clancheck_fail	188
Rouse2016	clancheck_fail	86
Rouse2016	clancheck_fail	74
Rouse2016	clancheck_fail	77
Rouse2016	clancheck_fail	111
Rouse2016	clancheck_fail	116
Rouse2016	clancheck_fail	95
Rouse2016	clancheck_fail	347
Rouse2016	clancheck_fail	109
Rouse2016	clancheck_fail	242
Rouse2016	clancheck_fail	115
Rouse2016	clancheck_fail	50
Rouse2016	clancheck_fail	110
Rouse2016	clancheck_fail	80
Rouse2016	clancheck_fail	211
Rouse2016	clancheck_fail	188
Rouse2016	clancheck_fail	129
Rouse2016	clancheck_fail	76
Rouse2016	clancheck_fail	311
Rouse2016	clancheck_fail	178
Rouse2016	clancheck_fail	52
Rouse2016	clancheck_fail	122
Rouse2016	clancheck_fail	357
Rouse2016	clancheck_fail	177
Rouse2016	clancheck_fail	230
Rouse2016	clancheck_fail	137
Rouse2016	clancheck_fail	89
Rouse2016	clancheck_fail	193
Rouse2016	clancheck_fail	241
Rouse2016	clancheck_fail	261
Rouse2016	clancheck_fail	115
Rouse2016	clancheck_fail	272
Rouse2016	clancheck_fail	282
Rouse2016	clancheck_fail	153
Rouse2016	clancheck_fail	17
Rouse2016	clancheck_fail	184
Rouse2016	clancheck_fail	151
Rouse2016	clancheck_fail	454
Rouse2016	clancheck_fail	101
Rouse2016	clancheck_fail	74
Rouse2016	clancheck_fail	183
Rouse2016	clancheck_fail	157
Rouse2016	clancheck_fail	170
Rouse2016	clancheck_fail	268
Rouse2016	clancheck_fail	379
Rouse2016	clancheck_fail	162
Rouse2016	clancheck_fail	161
Rouse2016	clancheck_fail	167
Rouse2016	clancheck_fail	122
Rouse2016	clancheck_fail	94
Rouse2016	clancheck_fail	256
Rouse2016	clancheck_fail	168
Rouse2016	clancheck_fail	147
Rouse2016	clancheck_fail	237
Rouse2016	clancheck_fail	254
Rouse2016	clancheck_fail	193
Rouse2016	clancheck_fail	232
Rouse2016	clancheck_fail	46
Rouse2016	clancheck_fail	265
Rouse2016	clancheck_fail	189
Rouse2016	clancheck_fail	170
Rouse2016	clancheck_fail	149
Rouse2016	clancheck_fail	96
Rouse2016	clancheck_fail	171
Rouse2016	clancheck_fail	145
Rouse2016	clancheck_fail	208
Rouse2016	clancheck_fail	136
Rouse2016	clancheck_fail	168
Rouse2016	clancheck_fail	205
Rouse2016	clancheck_fail	80
Rouse2016	clancheck_fail	166
Rouse2016	clancheck_fail	106
Rouse2016	clancheck_fail	88
Rouse2016	clancheck_fail	109
Rouse2016	clancheck_fail	202
Rouse2016	clancheck_fail	200
Rouse2016	clancheck_fail	69
Rouse2016	clancheck_fail	120
Rouse2016	clancheck_fail	141
Rouse2016	clancheck_fail	207
Rouse2016	clancheck_fail	134
Rouse2016	clancheck_fail	155
Rouse2016	clancheck_fail	60
Rouse2016	clancheck_fail	213
Rouse2016	clancheck_fail	301
Rouse2016	clancheck_fail	193
Rouse2016	clancheck_fail	184
Rouse2016	clancheck_fail	176
Rouse2016	clancheck_fail	52
Rouse2016	clancheck_fail	312
Rouse2016	clancheck_fail	186
Rouse2016	clancheck_fail	98
Rouse2016	clancheck_fail	102
Rouse2016	clancheck_fail	219
Rouse2016	clancheck_fail	218
Rouse2016	clancheck_fail	158
Rouse2016	clancheck_fail	186
Rouse2016	clancheck_fail	155
Rouse2016	clancheck_fail	209
Rouse2016	clancheck_fail	168
Rouse2016	clancheck_fail	212
Rouse2016	clancheck_fail	185
Rouse2016	clancheck_fail	207
Rouse2016	clancheck_fail	202
Rouse2016	clancheck_fail	280
Rouse2016	clancheck_fail	227
Rouse2016	clancheck_fail	220
Rouse2016	clancheck_fail	120
Rouse2016	clancheck_fail	278
Rouse2016	clancheck_fail	186
Rouse2016	clancheck_fail	259
Rouse2016	clancheck_fail	331
Rouse2016	clancheck_fail	269
Rouse2016	clancheck_fail	61
Rouse2016	clancheck_fail	281
Rouse2016	clancheck_fail	109
Rouse2016	clancheck_fail	305
Rouse2016	clancheck_fail	214
Rouse2016	clancheck_fail	77
Rouse2016	clancheck_fail	463
Rouse2016	clancheck_fail	113
Rouse2016	clancheck_fail	76
Rouse2016	clancheck_fail	237
Rouse2016	clancheck_fail	239
Rouse2016	clancheck_fail	236
Rouse2016	clancheck_fail	151
Rouse2016	clancheck_fail	64
Rouse2016	clancheck_fail	148
Rouse2016	clancheck_fail	234
Rouse2016	clancheck_fail	368
Rouse2016	clancheck_fail	125
Rouse2016	clancheck_fail	154
Rouse2016	clancheck_fail	126
Rouse2016	clancheck_fail	114
Rouse2016	clancheck_fail	260
Rouse2016	clancheck_fail	83
Rouse2016	clancheck_fail	73
Rouse2016	clancheck_fail	148
Rouse2016	clancheck_fail	104
Rouse2016	clancheck_fail	218
Rouse2016	clancheck_fail	382
Rouse2016	clancheck_fail	136
Rouse2016	clancheck_fail	26
Rouse2016	clancheck_fail	89
Rouse2016	clancheck_fail	215
Rouse2016	clancheck_fail	250
Rouse2016	clancheck_fail	128
Rouse2016	clancheck_fail	99
Rouse2016	clancheck_fail	97
Rouse2016	clancheck_fail	236
Rouse2016	clancheck_fail	228
Rouse2016	clancheck_fail	196
Rouse2016	clancheck_fail	247
Rouse2016	clancheck_fail	146
Rouse2016	clancheck_fail	121
Rouse2016	clancheck_fail	419
Rouse2016	clancheck_fail	147
Rouse2016	clancheck_fail	122
Rouse2016	clancheck_fail	118
Rouse2016	clancheck_fail	238
Rouse2016	clancheck_fail	156
Rouse2016	clancheck_fail	165
Rouse2016	clancheck_fail	182
Rouse2016	clancheck_fail	231
Rouse2016	clancheck_fail	254
Rouse2016	clancheck_fail	127
Rouse2016	clancheck_fail	241
Rouse2016	clancheck_fail	230
Rouse2016	clancheck_fail	212
Rouse2016	clancheck_fail	211
Rouse2016	clancheck_fail	204
Rouse2016	clancheck_fail	153
Rouse2016	clancheck_fail	173
Rouse2016	clancheck_fail	202
Rouse2016	clancheck_fail	210
Rouse2016	clancheck_fail	155
Rouse2016	clancheck_fail	57
Rouse2016	clancheck_fail	73
Rouse2016	clancheck_fail	74
Rouse2016	clancheck_fail	493
Rouse2016	clancheck_fail	234
Rouse2016	clancheck_fail	180
Rouse2016	clancheck_fail	184
Rouse2016	clancheck_fail	255
Rouse2016	clancheck_fail	351
Rouse2016	clancheck_fail	128
Rouse2016	clancheck_fail	153
Rouse2016	clancheck_fail	351
Rouse2016	clancheck_fail	163
Rouse2016	clancheck_fail	202
Rouse2016	clancheck_fail	112
Rouse2016	clancheck_fail	208
Rouse2016	clancheck_fail	279
Rouse2016	clancheck_fail	128
Rouse2016	clancheck_fail	129
Rouse2016	clancheck_fail	392
Rouse2016	clancheck_fail	163
Rouse2016	clancheck_fail	149
Rouse2016	clancheck_fail	219
Rouse2016	clancheck_fail	274
Rouse2016	clancheck_fail	135
Rouse2016	clancheck_fail	144
Rouse2016	clancheck_fail	227
Rouse2016	clancheck_fail	262
Rouse2016	clancheck_fail	121
Rouse2016	clancheck_fail	206
Rouse2016	clancheck_fail	62
Rouse2016	clancheck_fail	323
Rouse2016	clancheck_fail	212
Rouse2016	clancheck_fail	205
Rouse2016	clancheck_fail	205
Rouse2016	clancheck_fail	288
Rouse2016	clancheck_fail	179
Rouse2016	clancheck_fail	166
Rouse2016	clancheck_fail	120
Rouse2016	clancheck_fail	233
Rouse2016	clancheck_fail	178
Rouse2016	clancheck_fail	250
Rouse2016	clancheck_fail	210
Rouse2016	clancheck_fail	42
Rouse2016	clancheck_fail	271
Rouse2016	clancheck_fail	87
Rouse2016	clancheck_fail	366
Rouse2016	clancheck_fail	205
Rouse2016	clancheck_fail	80
Rouse2016	clancheck_fail	116
Rouse2016	clancheck_fail	92
Rouse2016	clancheck_fail	192
Rouse2016	clancheck_fail	119
Rouse2016	clancheck_fail	186
Rouse2016	clancheck_fail	197
Rouse2016	clancheck_fail	130
Rouse2016	clancheck_fail	335
Rouse2016	clancheck_fail	163
Rouse2016	clancheck_fail	59
Rouse2016	clancheck_fail	81
Rouse2016	clancheck_fail	253
Rouse2016	clancheck_fail	160
Rouse2016	clancheck_fail	179
Rouse2016	clancheck_fail	168
Rouse2016	clancheck_fail	172
Rouse2016	clancheck_fail	227
Rouse2016	clancheck_fail	184
Rouse2016	clancheck_fail	154
Rouse2016	clancheck_fail	100
Rouse2016	clancheck_fail	148
Rouse2016	clancheck_fail	79
Rouse2016	clancheck_fail	110
Rouse2016	clancheck_fail	160
Rouse2016	clancheck_fail	195
Rouse2016	clancheck_fail	176
Rouse2016	clancheck_fail	226
Rouse2016	clancheck_fail	100
Rouse2016	clancheck_fail	122
Rouse2016	clancheck_fail	306
Rouse2016	clancheck_fail	126
Rouse2016	clancheck_fail	176
Rouse2016	clancheck_fail	187
Rouse2016	clancheck_fail	177
Rouse2016	clancheck_fail	139
Rouse2016	clancheck_fail	155
Rouse2016	clancheck_fail	106
Rouse2016	clancheck_fail	297
Rouse2016	clancheck_fail	157
Rouse2016	clancheck_fail	238
Rouse2016	clancheck_fail	116
Rouse2016	clancheck_fail	335
Rouse2016	clancheck_fail	285
Rouse2016	clancheck_fail	178
Rouse2016	clancheck_fail	177
Rouse2016	clancheck_fail	231
Rouse2016	clancheck_fail	130
Rouse2016	clancheck_fail	286
Rouse2016	clancheck_fail	203
Rouse2016	clancheck_fail	255
Rouse2016	clancheck_fail	212
Rouse2016	clancheck_fail	8
Rouse2016	clancheck_fail	129
Rouse2016	clancheck_fail	229
Rouse2016	clancheck_fail	183
Rouse2016	clancheck_fail	109
Rouse2016	clancheck_fail	250
Rouse2016	clancheck_fail	191
Rouse2016	clancheck_fail	149
Rouse2016	clancheck_fail	58
Rouse2016	clancheck_fail	178
Rouse2016	clancheck_fail	173
Rouse2016	clancheck_fail	134
Rouse2016	clancheck_fail	207
Rouse2016	clancheck_fail	146
Rouse2016	clancheck_fail	155
Rouse2016	clancheck_fail	160
Rouse2016	clancheck_fail	201
Rouse2016	clancheck_fail	136
Rouse2016	clancheck_fail	204
Rouse2016	clancheck_fail	289
Rouse2016	clancheck_fail	107
Rouse2016	clancheck_fail	192
Rouse2016	clancheck_fail	74
Rouse2016	clancheck_fail	213
Rouse2016	clancheck_fail	315
Rouse2016	clancheck_fail	178
Rouse2016	clancheck_fail	203
Rouse2016	clancheck_fail	198
Rouse2016	clancheck_fail	344
Rouse2016	clancheck_fail	208
Rouse2016	clancheck_fail	339
Rouse2016	clancheck_fail	145
Rouse2016	clancheck_fail	111
Rouse2016	clancheck_fail	130
Rouse2016	clancheck_fail	258
Rouse2016	clancheck_fail	201
Rouse2016	clancheck_fail	177
Rouse2016	clancheck_fail	175
Rouse2016	clancheck_fail	168
Rouse2016	clancheck_fail	154
Rouse2016	clancheck_fail	29
Rouse2016	clancheck_fail	165
Rouse2016	clancheck_fail	188
Rouse2016	clancheck_fail	268
Rouse2016	clancheck_fail	172
Rouse2016	clancheck_fail	134
Rouse2016	clancheck_fail	258
Rouse2016	clancheck_fail	153
Rouse2016	clancheck_fail	187
Rouse2016	clancheck_fail	269
Rouse2016	clancheck_fail	271
Rouse2016	clancheck_fail	114
Rouse2016	clancheck_fail	139
Rouse2016	clancheck_fail	125
Rouse2016	clancheck_fail	92
Rouse2016	clancheck_fail	123
Rouse2016	clancheck_fail	71
Rouse2016	clancheck_fail	123
Rouse2016	clancheck_fail	237
Rouse2016	clancheck_fail	252
Rouse2016	clancheck_fail	391
Rouse2016	clancheck_fail	106
Rouse2016	clancheck_fail	159
Rouse2016	clancheck_fail	192
Rouse2016	clancheck_fail	141
Rouse2016	clancheck_fail	327
Rouse2016	clancheck_fail	113
Rouse2016	clancheck_fail	234
Rouse2016	clancheck_fail	127
Rouse2016	clancheck_fail	219
Rouse2016	clancheck_fail	258
Rouse2016	clancheck_fail	275
Rouse2016	clancheck_fail	178
Rouse2016	clancheck_fail	129
Rouse2016	clancheck_fail	178
Rouse2016	clancheck_fail	183
Rouse2016	clancheck_fail	206
Rouse2016	clancheck_fail	181
Rouse2016	clancheck_fail	204
Rouse2016	clancheck_fail	167
Rouse2016	clancheck_fail	80
Rouse2016	clancheck_fail	203
Rouse2016	clancheck_fail	263
Rouse2016	clancheck_fail	243
Rouse2016	clancheck_fail	164
Rouse2016	clancheck_fail	148
Rouse2016	clancheck_fail	204
Rouse2016	clancheck_fail	244
Rouse2016	clancheck_fail	138
Rouse2016	clancheck_fail	263
Rouse2016	clancheck_fail	238
Rouse2016	clancheck_fail	162
Rouse2016	clancheck_fail	232
Rouse2016	clancheck_fail	179
Rouse2016	clancheck_fail	129
Rouse2016	clancheck_fail	175
Rouse2016	clancheck_fail	86
Rouse2016	clancheck_fail	111
Rouse2016	clancheck_fail	88
Rouse2016	clancheck_fail	176
Rouse2016	clancheck_fail	166
Rouse2016	clancheck_fail	226
Rouse2016	clancheck_fail	224
Rouse2016	clancheck_fail	221
Rouse2016	clancheck_fail	135
Rouse2016	clancheck_fail	66
Rouse2016	clancheck_fail	154
Rouse2016	clancheck_fail	52
Rouse2016	clancheck_fail	253
Rouse2016	clancheck_fail	186
Rouse2016	clancheck_fail	242
Rouse2016	clancheck_fail	238
Rouse2016	clancheck_fail	86
Rouse2016	clancheck_fail	109
Rouse2016	clancheck_fail	167
Rouse2016	clancheck_fail	142
Rouse2016	clancheck_fail	133
Rouse2016	clancheck_fail	173
Rouse2016	clancheck_fail	112
Rouse2016	clancheck_fail	181
Rouse2016	clancheck_fail	247
Rouse2016	clancheck_fail	229
Rouse2016	clancheck_fail	209
Rouse2016	clancheck_fail	221
Rouse2016	clancheck_fail	162
Rouse2016	clancheck_fail	62
Rouse2016	clancheck_fail	109
Rouse2016	clancheck_fail	207
Rouse2016	clancheck_fail	207
Rouse2016	clancheck_fail	195
Rouse2016	clancheck_fail	196
Rouse2016	clancheck_fail	48
Rouse2016	clancheck_fail	199
Rouse2016	clancheck_fail	191
Rouse2016	clancheck_fail	294
Rouse2016	clancheck_fail	312
Rouse2016	clancheck_fail	178
Rouse2016	clancheck_fail	138
Rouse2016	clancheck_fail	375
Rouse2016	clancheck_fail	164
Rouse2016	clancheck_fail	160
Rouse2016	clancheck_fail	40
Rouse2016	clancheck_fail	215
Rouse2016	clancheck_fail	314
Rouse2016	clancheck_fail	243
Rouse2016	clancheck_fail	101
Rouse2016	clancheck_fail	323
Rouse2016	clancheck_fail	191
Rouse2016	clancheck_fail	142
Rouse2016	clancheck_fail	240
Rouse2016	clancheck_fail	270
Rouse2016	clancheck_fail	131
Rouse2016	clancheck_fail	109
Rouse2016	clancheck_fail	161
Rouse2016	clancheck_fail	160
Rouse2016	clancheck_fail	94
Rouse2016	clancheck_fail	194
Rouse2016	clancheck_fail	68
Rouse2016	clancheck_fail	241
Rouse2016	clancheck_fail	150
Rouse2016	clancheck_fail	187
Rouse2016	clancheck_fail	248
Rouse2016	clancheck_fail	297
Rouse2016	clancheck_fail	319
Rouse2016	clancheck_fail	72
Rouse2016	clancheck_fail	67
Rouse2016	clancheck_fail	185
Rouse2016	clancheck_fail	158
Rouse2016	clancheck_fail	206
Rouse2016	clancheck_fail	114
Rouse2016	clancheck_fail	254
Rouse2016	clancheck_fail	191
Rouse2016	clancheck_fail	190
Rouse2016	clancheck_fail	237
Rouse2016	clancheck_fail	144
Rouse2016	clancheck_fail	120
Rouse2016	clancheck_fail	125
Rouse2016	clancheck_fail	97
Rouse2016	clancheck_fail	133
Rouse2016	clancheck_fail	243
Rouse2016	clancheck_fail	63
Rouse2016	clancheck_fail	338
Rouse2016	clancheck_fail	142
Rouse2016	clancheck_fail	91
Rouse2016	clancheck_fail	186
Rouse2016	clancheck_fail	113
Rouse2016	clancheck_fail	334
Rouse2016	clancheck_fail	171
Rouse2016	clancheck_fail	119
Rouse2016	clancheck_fail	78
Rouse2016	clancheck_fail	385
Rouse2016	clancheck_fail	84
Rouse2016	clancheck_fail	149
Rouse2016	clancheck_fail	148
Rouse2016	clancheck_fail	115
Rouse2016	clancheck_fail	231
Rouse2016	clancheck_fail	61
Rouse2016	clancheck_fail	161
Rouse2016	clancheck_fail	157
Rouse2016	clancheck_fail	157
Rouse2016	clancheck_fail	253
Rouse2016	clancheck_fail	190
Rouse2016	clancheck_fail	291
Rouse2016	clancheck_fail	146
Rouse2016	clancheck_fail	101
Rouse2016	clancheck_fail	197
Rouse2016	clancheck_fail	177
Rouse2016	clancheck_fail	265
Rouse2016	clancheck_fail	228
Rouse2016	clancheck_fail	222
Rouse2016	clancheck_fail	69
Rouse2016	clancheck_fail	276
Rouse2016	clancheck_fail	130
Rouse2016	clancheck_fail	223
Rouse2016	clancheck_fail	434
Rouse2016	clancheck_fail	101
Rouse2016	clancheck_fail	266
Rouse2016	clancheck_fail	353
Rouse2016	clancheck_fail	18
Rouse2016	clancheck_fail	133
Rouse2016	clancheck_fail	279
Rouse2016	clancheck_fail	206
Rouse2016	clancheck_fail	205
Rouse2016	clancheck_fail	108
Rouse2016	clancheck_fail	129
Rouse2016	clancheck_fail	278
Rouse2016	clancheck_fail	97
Rouse2016	clancheck_fail	191
Rouse2016	clancheck_fail	361
Rouse2016	clancheck_fail	200
Cannon2016	clancheck_pass	224
Cannon2016	clancheck_pass	167
Cannon2016	clancheck_pass	206
Cannon2016	clancheck_pass	126
Cannon2016	clancheck_pass	204
Cannon2016	clancheck_pass	197
Cannon2016	clancheck_pass	205
Cannon2016	clancheck_pass	138
Cannon2016	clancheck_pass	172
Cannon2016	clancheck_pass	217
Cannon2016	clancheck_pass	179
Cannon2016	clancheck_pass	179
Cannon2016	clancheck_pass	81
Cannon2016	clancheck_pass	145
Cannon2016	clancheck_pass	286
Cannon2016	clancheck_pass	183
Cannon2016	clancheck_fail	207
Cannon2016	clancheck_fail	126
Cannon2016	clancheck_fail	113
Cannon2016	clancheck_fail	155
Cannon2016	clancheck_fail	186
Cannon2016	clancheck_fail	143
Cannon2016	clancheck_fail	187
Cannon2016	clancheck_fail	65
Cannon2016	clancheck_fail	217
Cannon2016	clancheck_fail	190
Cannon2016	clancheck_fail	156
Cannon2016	clancheck_fail	114
Cannon2016	clancheck_fail	122
Cannon2016	clancheck_fail	148
Cannon2016	clancheck_fail	108
Cannon2016	clancheck_fail	133
Cannon2016	clancheck_fail	86
Cannon2016	clancheck_fail	171
Cannon2016	clancheck_fail	104
Cannon2016	clancheck_fail	96
Cannon2016	clancheck_fail	152
Cannon2016	clancheck_fail	125
Cannon2016	clancheck_fail	98
Cannon2016	clancheck_fail	139
Cannon2016	clancheck_fail	130
Cannon2016	clancheck_fail	67
Cannon2016	clancheck_fail	140
Cannon2016	clancheck_fail	111
Cannon2016	clancheck_fail	69
Cannon2016	clancheck_fail	151
Cannon2016	clancheck_fail	160
Cannon2016	clancheck_fail	152
Cannon2016	clancheck_fail	147
Cannon2016	clancheck_fail	134
Cannon2016	clancheck_fail	183
Cannon2016	clancheck_fail	162
Cannon2016	clancheck_fail	169
Cannon2016	clancheck_fail	131
Cannon2016	clancheck_fail	186
Cannon2016	clancheck_fail	95
Cannon2016	clancheck_fail	104
Cannon2016	clancheck_fail	147
Cannon2016	clancheck_fail	70
Cannon2016	clancheck_fail	157
Cannon2016	clancheck_fail	113
Cannon2016	clancheck_fail	166
Cannon2016	clancheck_fail	193
Cannon2016	clancheck_fail	183
Cannon2016	clancheck_fail	143
Cannon2016	clancheck_fail	202
Cannon2016	clancheck_fail	151
Cannon2016	clancheck_fail	260
Cannon2016	clancheck_fail	78
Cannon2016	clancheck_fail	187
Cannon2016	clancheck_fail	114
Cannon2016	clancheck_fail	110
Cannon2016	clancheck_fail	140
Cannon2016	clancheck_fail	64
Cannon2016	clancheck_fail	136
Cannon2016	clancheck_fail	179
Cannon2016	clancheck_fail	126
Cannon2016	clancheck_fail	151
Cannon2016	clancheck_fail	127
Cannon2016	clancheck_fail	120
Cannon2016	clancheck_fail	283
Cannon2016	clancheck_fail	159
Cannon2016	clancheck_fail	159
Cannon2016	clancheck_fail	83
Cannon2016	clancheck_fail	115
Cannon2016	clancheck_fail	179
Cannon2016	clancheck_fail	160
Cannon2016	clancheck_fail	201
Cannon2016	clancheck_fail	87
Cannon2016	clancheck_fail	153
Cannon2016	clancheck_fail	126
Cannon2016	clancheck_fail	121
Cannon2016	clancheck_fail	177
Cannon2016	clancheck_fail	142
Cannon2016	clancheck_fail	53
Cannon2016	clancheck_fail	240
Cannon2016	clancheck_fail	98
Cannon2016	clancheck_fail	64
Cannon2016	clancheck_fail	73
Cannon2016	clancheck_fail	297
Cannon2016	clancheck_fail	132
Cannon2016	clancheck_fail	133
Cannon2016	clancheck_fail	215
Cannon2016	clancheck_fail	114
Cannon2016	clancheck_fail	225
Cannon2016	clancheck_fail	97
Cannon2016	clancheck_fail	117
Cannon2016	clancheck_fail	88
Cannon2016	clancheck_fail	145
Cannon2016	clancheck_fail	88
Cannon2016	clancheck_fail	105
Cannon2016	clancheck_fail	136
Cannon2016	clancheck_fail	125
Cannon2016	clancheck_fail	165
Cannon2016	clancheck_fail	101
Cannon2016	clancheck_fail	229
Cannon2016	clancheck_fail	118
Cannon2016	clancheck_fail	88
Cannon2016	clancheck_fail	225
Cannon2016	clancheck_fail	79
Cannon2016	clancheck_fail	65
Cannon2016	clancheck_fail	135
Cannon2016	clancheck_fail	196
Cannon2016	clancheck_fail	98
Cannon2016	clancheck_fail	108
Cannon2016	clancheck_fail	120
Cannon2016	clancheck_fail	147
Cannon2016	clancheck_fail	206
Cannon2016	clancheck_fail	91
Cannon2016	clancheck_fail	174
Cannon2016	clancheck_fail	202
Cannon2016	clancheck_fail	155
Cannon2016	clancheck_fail	103
Cannon2016	clancheck_fail	107
Cannon2016	clancheck_fail	84
Cannon2016	clancheck_fail	165
Cannon2016	clancheck_fail	206
Cannon2016	clancheck_fail	157
Cannon2016	clancheck_fail	117
Cannon2016	clancheck_fail	150
Cannon2016	clancheck_fail	146
Cannon2016	clancheck_fail	160
Cannon2016	clancheck_fail	191
Cannon2016	clancheck_fail	115
Cannon2016	clancheck_fail	139
Cannon2016	clancheck_fail	112
Cannon2016	clancheck_fail	121
Cannon2016	clancheck_fail	105
Cannon2016	clancheck_fail	115
Cannon2016	clancheck_fail	132
Cannon2016	clancheck_fail	146
Cannon2016	clancheck_fail	152
Cannon2016	clancheck_fail	117
Cannon2016	clancheck_fail	168
Cannon2016	clancheck_fail	170
Cannon2016	clancheck_fail	101
Cannon2016	clancheck_fail	177
Cannon2016	clancheck_fail	116
Cannon2016	clancheck_fail	91
Cannon2016	clancheck_fail	156
Cannon2016	clancheck_fail	178
Cannon2016	clancheck_fail	199
Cannon2016	clancheck_fail	146
Cannon2016	clancheck_fail	173
Cannon2016	clancheck_fail	139
Cannon2016	clancheck_fail	51
Cannon2016	clancheck_fail	219
Cannon2016	clancheck_fail	89
Cannon2016	clancheck_fail	174
Cannon2016	clancheck_fail	211
Cannon2016	clancheck_fail	128
Cannon2016	clancheck_fail	193
Cannon2016	clancheck_fail	237
Cannon2016	clancheck_fail	232
Cannon2016	clancheck_fail	140
Cannon2016	clancheck_fail	116
Cannon2016	clancheck_fail	242
Cannon2016	clancheck_fail	175
Cannon2016	clancheck_fail	183
Cannon2016	clancheck_fail	241
Cannon2016	clancheck_fail	151
Cannon2016	clancheck_fail	179
Cannon2016	clancheck_fail	166
Cannon2016	clancheck_fail	83
Cannon2016	clancheck_fail	167
Cannon2016	clancheck_fail	177
Cannon2016	clancheck_fail	114
Cannon2016	clancheck_fail	83
Cannon2016	clancheck_fail	94
Cannon2016	clancheck_fail	113
Cannon2016	clancheck_fail	95
Cannon2016	clancheck_fail	125
Cannon2016	clancheck_fail	216
Cannon2016	clancheck_fail	97
Cannon2016	clancheck_fail	106
Cannon2016	clancheck_fail	234
Cannon2016	clancheck_fail	92
Cannon2016	clancheck_fail	100
Cannon2016	clancheck_fail	118
Cannon2016	clancheck_fail	175
Cannon2016	clancheck_fail	90
Cannon2016	clancheck_fail	137
Cannon2016	clancheck_fail	81
Cannon2016	clancheck_fail	132
Cannon2016	clancheck_fail	185
Cannon2016	clancheck_fail	67
Cannon2016	clancheck_fail	125
Cannon2016	clancheck_fail	88
Cannon2016	clancheck_fail	145
Cannon2016	clancheck_fail	113
Cannon2016	clancheck_fail	162
Cannon2016	clancheck_fail	101
Philippe2019	clancheck_pass	483
Philippe2019	clancheck_pass	307
Philippe2019	clancheck_pass	394
Philippe2019	clancheck_pass	207
Philippe2019	clancheck_pass	633
Philippe2019	clancheck_pass	136
Philippe2019	clancheck_pass	273
Philippe2019	clancheck_pass	462
Philippe2019	clancheck_pass	334
Philippe2019	clancheck_pass	152
Philippe2019	clancheck_pass	415
Philippe2019	clancheck_pass	522
Philippe2019	clancheck_pass	689
Philippe2019	clancheck_pass	455
Philippe2019	clancheck_pass	592
Philippe2019	clancheck_pass	300
Philippe2019	clancheck_pass	237
Philippe2019	clancheck_pass	449
Philippe2019	clancheck_pass	389
Philippe2019	clancheck_pass	430
Philippe2019	clancheck_pass	166
Philippe2019	clancheck_pass	304
Philippe2019	clancheck_pass	509
Philippe2019	clancheck_pass	244
Philippe2019	clancheck_pass	551
Philippe2019	clancheck_pass	494
Philippe2019	clancheck_pass	396
Philippe2019	clancheck_pass	416
Philippe2019	clancheck_pass	290
Philippe2019	clancheck_pass	311
Philippe2019	clancheck_pass	287
Philippe2019	clancheck_pass	164
Philippe2019	clancheck_pass	138
Philippe2019	clancheck_pass	249
Philippe2019	clancheck_pass	185
Philippe2019	clancheck_pass	283
Philippe2019	clancheck_pass	205
Philippe2019	clancheck_pass	447
Philippe2019	clancheck_pass	386
Philippe2019	clancheck_pass	241
Philippe2019	clancheck_pass	513
Philippe2019	clancheck_pass	175
Philippe2019	clancheck_pass	249
Philippe2019	clancheck_pass	241
Philippe2019	clancheck_pass	269
Philippe2019	clancheck_pass	246
Philippe2019	clancheck_pass	817
Philippe2019	clancheck_pass	190
Philippe2019	clancheck_pass	148
Philippe2019	clancheck_pass	251
Philippe2019	clancheck_pass	425
Philippe2019	clancheck_pass	344
Philippe2019	clancheck_pass	732
Philippe2019	clancheck_pass	273
Philippe2019	clancheck_pass	663
Philippe2019	clancheck_pass	211
Philippe2019	clancheck_pass	296
Philippe2019	clancheck_pass	324
Philippe2019	clancheck_pass	324
Philippe2019	clancheck_pass	383
Philippe2019	clancheck_pass	250
Philippe2019	clancheck_pass	217
Philippe2019	clancheck_pass	250
Philippe2019	clancheck_pass	209
Philippe2019	clancheck_pass	302
Philippe2019	clancheck_fail	627
Philippe2019	clancheck_fail	200
Philippe2019	clancheck_fail	123
Philippe2019	clancheck_fail	405
Philippe2019	clancheck_fail	209
Philippe2019	clancheck_fail	364
Philippe2019	clancheck_fail	234
Philippe2019	clancheck_fail	284
Philippe2019	clancheck_fail	175
Philippe2019	clancheck_fail	103
Philippe2019	clancheck_fail	127
Philippe2019	clancheck_fail	154
Philippe2019	clancheck_fail	208
Philippe2019	clancheck_fail	93
Philippe2019	clancheck_fail	128
Philippe2019	clancheck_fail	131
Philippe2019	clancheck_fail	295
Philippe2019	clancheck_fail	130
Philippe2019	clancheck_fail	103
Philippe2019	clancheck_fail	299
Philippe2019	clancheck_fail	108
Philippe2019	clancheck_fail	211
Philippe2019	clancheck_fail	146
Philippe2019	clancheck_fail	201
Philippe2019	clancheck_fail	300
Philippe2019	clancheck_fail	297
Philippe2019	clancheck_fail	336
Philippe2019	clancheck_fail	90
Philippe2019	clancheck_fail	285
Philippe2019	clancheck_fail	310
Philippe2019	clancheck_fail	347
Philippe2019	clancheck_fail	211
Philippe2019	clancheck_fail	56
Philippe2019	clancheck_fail	551
Philippe2019	clancheck_fail	244
Philippe2019	clancheck_fail	48
Philippe2019	clancheck_fail	108
Philippe2019	clancheck_fail	239
Philippe2019	clancheck_fail	84
Philippe2019	clancheck_fail	132
Philippe2019	clancheck_fail	159
Philippe2019	clancheck_fail	206
Philippe2019	clancheck_fail	134
Philippe2019	clancheck_fail	149
Philippe2019	clancheck_fail	202
Philippe2019	clancheck_fail	268
Philippe2019	clancheck_fail	596
Philippe2019	clancheck_fail	67
Philippe2019	clancheck_fail	176
Philippe2019	clancheck_fail	106
Philippe2019	clancheck_fail	471
Philippe2019	clancheck_fail	545
Philippe2019	clancheck_fail	86
Philippe2019	clancheck_fail	224
Philippe2019	clancheck_fail	344
Philippe2019	clancheck_fail	251
Philippe2019	clancheck_fail	366
Philippe2019	clancheck_fail	251
Philippe2019	clancheck_fail	143
Philippe2019	clancheck_fail	174
Philippe2019	clancheck_fail	182
Philippe2019	clancheck_fail	132
Philippe2019	clancheck_fail	446
Philippe2019	clancheck_fail	268
Philippe2019	clancheck_fail	261
Philippe2019	clancheck_fail	394
Philippe2019	clancheck_fail	57
Philippe2019	clancheck_fail	417
Philippe2019	clancheck_fail	93
Philippe2019	clancheck_fail	79
Philippe2019	clancheck_fail	115
Philippe2019	clancheck_fail	134
Philippe2019	clancheck_fail	129
Philippe2019	clancheck_fail	225
Philippe2019	clancheck_fail	78
Philippe2019	clancheck_fail	222
Philippe2019	clancheck_fail	289
Philippe2019	clancheck_fail	184
Philippe2019	clancheck_fail	321
Philippe2019	clancheck_fail	106
Philippe2019	clancheck_fail	130
Philippe2019	clancheck_fail	220
Philippe2019	clancheck_fail	169
Philippe2019	clancheck_fail	228
Philippe2019	clancheck_fail	270
Philippe2019	clancheck_fail	133
Philippe2019	clancheck_fail	83
Philippe2019	clancheck_fail	158
Philippe2019	clancheck_fail	340
Philippe2019	clancheck_fail	110
Philippe2019	clancheck_fail	227
Philippe2019	clancheck_fail	194
Philippe2019	clancheck_fail	380
Philippe2019	clancheck_fail	233
Philippe2019	clancheck_fail	307
Philippe2019	clancheck_fail	192
Philippe2019	clancheck_fail	484
Philippe2019	clancheck_fail	242
Philippe2019	clancheck_fail	141
Philippe2019	clancheck_fail	130
Philippe2019	clancheck_fail	199
Philippe2019	clancheck_fail	101
Philippe2019	clancheck_fail	265
Philippe2019	clancheck_fail	139
Philippe2019	clancheck_fail	202
Philippe2019	clancheck_fail	198
Philippe2019	clancheck_fail	279
Philippe2019	clancheck_fail	75
Philippe2019	clancheck_fail	350
Philippe2019	clancheck_fail	132
Philippe2019	clancheck_fail	467
Philippe2019	clancheck_fail	216
Philippe2019	clancheck_fail	441
Philippe2019	clancheck_fail	198
Philippe2019	clancheck_fail	124
Philippe2019	clancheck_fail	149
Philippe2019	clancheck_fail	244
Philippe2019	clancheck_fail	135
Philippe2019	clancheck_fail	64
Philippe2019	clancheck_fail	249
Philippe2019	clancheck_fail	330
Philippe2019	clancheck_fail	137
Philippe2019	clancheck_fail	138
Philippe2019	clancheck_fail	285
Philippe2019	clancheck_fail	363
Philippe2019	clancheck_fail	443
Philippe2019	clancheck_fail	368
Philippe2019	clancheck_fail	263
Philippe2019	clancheck_fail	350
Philippe2019	clancheck_fail	67
Philippe2019	clancheck_fail	155
Philippe2019	clancheck_fail	306
Philippe2019	clancheck_fail	73
Philippe2019	clancheck_fail	176
Philippe2019	clancheck_fail	404
Philippe2019	clancheck_fail	114
Philippe2019	clancheck_fail	179
Philippe2019	clancheck_fail	319
Philippe2019	clancheck_fail	104
Philippe2019	clancheck_fail	73
Philippe2019	clancheck_fail	375
Philippe2019	clancheck_fail	141
Philippe2019	clancheck_fail	129
Philippe2019	clancheck_fail	80
Philippe2019	clancheck_fail	471
Philippe2019	clancheck_fail	343
Philippe2019	clancheck_fail	168
Philippe2019	clancheck_fail	157
Philippe2019	clancheck_fail	211
Philippe2019	clancheck_fail	187
Philippe2019	clancheck_fail	365
Philippe2019	clancheck_fail	93
Philippe2019	clancheck_fail	95
Philippe2019	clancheck_fail	228
Philippe2019	clancheck_fail	289
Philippe2019	clancheck_fail	213
Philippe2019	clancheck_fail	103
Philippe2019	clancheck_fail	210
Philippe2019	clancheck_fail	243
Philippe2019	clancheck_fail	88
Philippe2019	clancheck_fail	598
Philippe2019	clancheck_fail	151
Philippe2019	clancheck_fail	156
Philippe2019	clancheck_fail	271
Philippe2019	clancheck_fail	188
Philippe2019	clancheck_fail	181
Philippe2019	clancheck_fail	160
Philippe2019	clancheck_fail	324
Philippe2019	clancheck_fail	190
Philippe2019	clancheck_fail	224
Philippe2019	clancheck_fail	138
Philippe2019	clancheck_fail	48
Philippe2019	clancheck_fail	279
Philippe2019	clancheck_fail	246
Philippe2019	clancheck_fail	110
Philippe2019	clancheck_fail	346
Philippe2019	clancheck_fail	373
Philippe2019	clancheck_fail	96
Philippe2019	clancheck_fail	176
Philippe2019	clancheck_fail	332
Philippe2019	clancheck_fail	156
Philippe2019	clancheck_fail	219
Philippe2019	clancheck_fail	120
Philippe2019	clancheck_fail	475
Philippe2019	clancheck_fail	375
Philippe2019	clancheck_fail	267
Philippe2019	clancheck_fail	342
Philippe2019	clancheck_fail	139
Philippe2019	clancheck_fail	140
Philippe2019	clancheck_fail	237
Philippe2019	clancheck_fail	248
Philippe2019	clancheck_fail	203
Philippe2019	clancheck_fail	431
Philippe2019	clancheck_fail	73
Philippe2019	clancheck_fail	85
Philippe2019	clancheck_fail	61
Philippe2019	clancheck_fail	170
Philippe2019	clancheck_fail	533
Philippe2019	clancheck_fail	235
Philippe2019	clancheck_fail	162
Philippe2019	clancheck_fail	104
Philippe2019	clancheck_fail	480
Philippe2019	clancheck_fail	146
Philippe2019	clancheck_fail	219
Philippe2019	clancheck_fail	589
Philippe2019	clancheck_fail	148
Philippe2019	clancheck_fail	430
Philippe2019	clancheck_fail	183
Philippe2019	clancheck_fail	249
Philippe2019	clancheck_fail	177
Philippe2019	clancheck_fail	232
Philippe2019	clancheck_fail	273
Philippe2019	clancheck_fail	178
Philippe2019	clancheck_fail	73
Philippe2019	clancheck_fail	395
Philippe2019	clancheck_fail	104
Philippe2019	clancheck_fail	128
Philippe2019	clancheck_fail	149
Philippe2019	clancheck_fail	153
Philippe2019	clancheck_fail	101
Philippe2019	clancheck_fail	232
Philippe2019	clancheck_fail	375
Philippe2019	clancheck_fail	109
Philippe2019	clancheck_fail	143
Philippe2019	clancheck_fail	157
Philippe2019	clancheck_fail	257
Philippe2019	clancheck_fail	97
Philippe2019	clancheck_fail	518
Philippe2019	clancheck_fail	332
Philippe2019	clancheck_fail	201
Philippe2019	clancheck_fail	69
Philippe2019	clancheck_fail	220
Philippe2019	clancheck_fail	251
Philippe2019	clancheck_fail	286
Philippe2019	clancheck_fail	70
Philippe2019	clancheck_fail	70
Philippe2019	clancheck_fail	93
Philippe2019	clancheck_fail	286
Philippe2019	clancheck_fail	258
Philippe2019	clancheck_fail	93
Philippe2019	clancheck_fail	170
Philippe2019	clancheck_fail	219
Philippe2019	clancheck_fail	464
Philippe2019	clancheck_fail	516
Philippe2019	clancheck_fail	65
Philippe2019	clancheck_fail	337
Philippe2019	clancheck_fail	274
Philippe2019	clancheck_fail	178
Philippe2019	clancheck_fail	89
Philippe2019	clancheck_fail	278
Philippe2019	clancheck_fail	111
Philippe2019	clancheck_fail	130
Philippe2019	clancheck_fail	358
Philippe2019	clancheck_fail	152
Philippe2019	clancheck_fail	210
Philippe2019	clancheck_fail	238
Philippe2019	clancheck_fail	109
Philippe2019	clancheck_fail	162
Philippe2019	clancheck_fail	173
Philippe2019	clancheck_fail	209
Philippe2019	clancheck_fail	241
Philippe2019	clancheck_fail	227
Philippe2019	clancheck_fail	117
Philippe2019	clancheck_fail	552
Philippe2019	clancheck_fail	101
Philippe2019	clancheck_fail	104
Philippe2019	clancheck_fail	124
Philippe2019	clancheck_fail	201
Philippe2019	clancheck_fail	151
Philippe2019	clancheck_fail	268
Philippe2019	clancheck_fail	223
Philippe2019	clancheck_fail	180
Philippe2019	clancheck_fail	147
Philippe2019	clancheck_fail	52
Philippe2019	clancheck_fail	217
Philippe2019	clancheck_fail	112
Philippe2019	clancheck_fail	203
Philippe2019	clancheck_fail	202
Philippe2019	clancheck_fail	352
Philippe2019	clancheck_fail	208
Philippe2019	clancheck_fail	92
Philippe2019	clancheck_fail	48
Philippe2019	clancheck_fail	283
Philippe2019	clancheck_fail	171
Philippe2019	clancheck_fail	213
Philippe2019	clancheck_fail	278
Philippe2019	clancheck_fail	230
Philippe2019	clancheck_fail	256
Philippe2019	clancheck_fail	90
Philippe2019	clancheck_fail	342
Philippe2019	clancheck_fail	248
Philippe2019	clancheck_fail	587
Philippe2019	clancheck_fail	178
Philippe2019	clancheck_fail	263
Philippe2019	clancheck_fail	137
Philippe2019	clancheck_fail	416
Philippe2019	clancheck_fail	153
Philippe2019	clancheck_fail	188
Philippe2019	clancheck_fail	101
Philippe2019	clancheck_fail	72
Philippe2019	clancheck_fail	445
Philippe2019	clancheck_fail	306
Philippe2019	clancheck_fail	253
Philippe2019	clancheck_fail	94
Philippe2019	clancheck_fail	262
Philippe2019	clancheck_fail	166
Philippe2019	clancheck_fail	151
Philippe2019	clancheck_fail	214
Philippe2019	clancheck_fail	210
Philippe2019	clancheck_fail	107
Philippe2019	clancheck_fail	416
Philippe2019	clancheck_fail	215
Philippe2019	clancheck_fail	268
Philippe2019	clancheck_fail	102
Philippe2019	clancheck_fail	153
Philippe2019	clancheck_fail	217
Philippe2019	clancheck_fail	518
Philippe2019	clancheck_fail	171
Philippe2019	clancheck_fail	93
Philippe2019	clancheck_fail	112
Philippe2019	clancheck_fail	297
Philippe2019	clancheck_fail	255
Philippe2019	clancheck_fail	481
Philippe2019	clancheck_fail	269
Philippe2019	clancheck_fail	71
Philippe2019	clancheck_fail	106
Philippe2019	clancheck_fail	184
Philippe2019	clancheck_fail	173
Philippe2019	clancheck_fail	386
Philippe2019	clancheck_fail	120
Philippe2019	clancheck_fail	228
Philippe2019	clancheck_fail	208
Philippe2019	clancheck_fail	242
Philippe2019	clancheck_fail	61
Philippe2019	clancheck_fail	215
Philippe2019	clancheck_fail	181
Philippe2019	clancheck_fail	596
Philippe2019	clancheck_fail	404
Philippe2019	clancheck_fail	253
Philippe2019	clancheck_fail	291
Philippe2019	clancheck_fail	61
Philippe2019	clancheck_fail	121
Philippe2019	clancheck_fail	264
Philippe2019	clancheck_fail	139
Philippe2019	clancheck_fail	464
Philippe2019	clancheck_fail	312
Philippe2019	clancheck_fail	471
Philippe2019	clancheck_fail	319
Philippe2019	clancheck_fail	290
Philippe2019	clancheck_fail	391
Philippe2019	clancheck_fail	242
Philippe2019	clancheck_fail	422
Philippe2019	clancheck_fail	330
Philippe2019	clancheck_fail	115
Philippe2019	clancheck_fail	434
Philippe2019	clancheck_fail	200
Philippe2019	clancheck_fail	143
Philippe2019	clancheck_fail	107
Philippe2019	clancheck_fail	165
Philippe2019	clancheck_fail	93
Philippe2019	clancheck_fail	73
Philippe2019	clancheck_fail	118
Philippe2019	clancheck_fail	237
Philippe2019	clancheck_fail	175
Philippe2019	clancheck_fail	435
Philippe2019	clancheck_fail	123
Philippe2019	clancheck_fail	482
Philippe2019	clancheck_fail	146
Philippe2019	clancheck_fail	130
Philippe2019	clancheck_fail	208
Philippe2019	clancheck_fail	281
Philippe2019	clancheck_fail	582
Philippe2019	clancheck_fail	332
Philippe2019	clancheck_fail	318
Philippe2019	clancheck_fail	469
Philippe2019	clancheck_fail	613
Philippe2019	clancheck_fail	183
Philippe2019	clancheck_fail	109
Philippe2019	clancheck_fail	83
Philippe2019	clancheck_fail	201
Philippe2019	clancheck_fail	141
Philippe2019	clancheck_fail	113
Philippe2019	clancheck_fail	277
Philippe2019	clancheck_fail	174
Philippe2019	clancheck_fail	116
Philippe2019	clancheck_fail	332
Philippe2019	clancheck_fail	297
Philippe2019	clancheck_fail	156
Philippe2019	clancheck_fail	523
Philippe2019	clancheck_fail	160
Philippe2019	clancheck_fail	60
Philippe2019	clancheck_fail	181
Philippe2019	clancheck_fail	95
Philippe2019	clancheck_fail	263
Philippe2019	clancheck_fail	453
Philippe2019	clancheck_fail	137
Philippe2019	clancheck_fail	148
Philippe2019	clancheck_fail	305
Philippe2019	clancheck_fail	305
Philippe2019	clancheck_fail	571
Philippe2019	clancheck_fail	404
Philippe2019	clancheck_fail	122
Philippe2019	clancheck_fail	263
Philippe2019	clancheck_fail	437
Philippe2019	clancheck_fail	302
Philippe2019	clancheck_fail	112
Philippe2019	clancheck_fail	267
Philippe2019	clancheck_fail	307
Philippe2019	clancheck_fail	242
Philippe2019	clancheck_fail	357
Philippe2019	clancheck_fail	316
Philippe2019	clancheck_fail	166
Philippe2019	clancheck_fail	105
Philippe2019	clancheck_fail	553
Philippe2019	clancheck_fail	226
Philippe2019	clancheck_fail	197
Philippe2019	clancheck_fail	161
Philippe2019	clancheck_fail	430
Philippe2019	clancheck_fail	233
Philippe2019	clancheck_fail	202
Philippe2019	clancheck_fail	500
Philippe2019	clancheck_fail	561
Philippe2019	clancheck_fail	177
Philippe2019	clancheck_fail	285
Philippe2019	clancheck_fail	168
Philippe2019	clancheck_fail	241
Philippe2019	clancheck_fail	101
Philippe2019	clancheck_fail	345
Philippe2019	clancheck_fail	186
Philippe2019	clancheck_fail	326
Philippe2019	clancheck_fail	91
Philippe2019	clancheck_fail	228
Philippe2019	clancheck_fail	209
Philippe2019	clancheck_fail	250
Philippe2019	clancheck_fail	448
Philippe2019	clancheck_fail	100
Philippe2019	clancheck_fail	342
Philippe2019	clancheck_fail	106
Philippe2019	clancheck_fail	40
Philippe2019	clancheck_fail	210
Philippe2019	clancheck_fail	208
Philippe2019	clancheck_fail	266
Philippe2019	clancheck_fail	222
Philippe2019	clancheck_fail	89
Philippe2019	clancheck_fail	482
Philippe2019	clancheck_fail	85
Philippe2019	clancheck_fail	383
Philippe2019	clancheck_fail	185
Philippe2019	clancheck_fail	684
Philippe2019	clancheck_fail	187
Philippe2019	clancheck_fail	89
Philippe2019	clancheck_fail	113
Philippe2019	clancheck_fail	102
Philippe2019	clancheck_fail	268
Philippe2019	clancheck_fail	180
Philippe2019	clancheck_fail	186
Philippe2019	clancheck_fail	113
Philippe2019	clancheck_fail	215
Philippe2019	clancheck_fail	242
Philippe2019	clancheck_fail	114
Philippe2019	clancheck_fail	568
Philippe2019	clancheck_fail	223
Philippe2019	clancheck_fail	127
Philippe2019	clancheck_fail	166
Philippe2019	clancheck_fail	104
Philippe2019	clancheck_fail	92
Philippe2019	clancheck_fail	282
Philippe2019	clancheck_fail	470
Philippe2019	clancheck_fail	75
Philippe2019	clancheck_fail	159
Philippe2019	clancheck_fail	143
Philippe2019	clancheck_fail	201
Philippe2019	clancheck_fail	157
Philippe2019	clancheck_fail	194
Philippe2019	clancheck_fail	444
Philippe2019	clancheck_fail	188
Philippe2019	clancheck_fail	81
Philippe2019	clancheck_fail	279
Philippe2019	clancheck_fail	318
Philippe2019	clancheck_fail	452
Philippe2019	clancheck_fail	72
Philippe2019	clancheck_fail	202
Philippe2019	clancheck_fail	196
Philippe2019	clancheck_fail	153
Philippe2019	clancheck_fail	281
Philippe2019	clancheck_fail	36
Philippe2019	clancheck_fail	183
Philippe2019	clancheck_fail	404
Philippe2019	clancheck_fail	68
Philippe2019	clancheck_fail	199
Philippe2019	clancheck_fail	232
Philippe2019	clancheck_fail	337
Philippe2019	clancheck_fail	138
Philippe2019	clancheck_fail	92
Philippe2019	clancheck_fail	134
Philippe2019	clancheck_fail	242
Philippe2019	clancheck_fail	107
Philippe2019	clancheck_fail	143
Philippe2019	clancheck_fail	61
Philippe2019	clancheck_fail	166
Philippe2019	clancheck_fail	305
Philippe2019	clancheck_fail	85
Philippe2019	clancheck_fail	233
Philippe2019	clancheck_fail	180
Philippe2019	clancheck_fail	100
Philippe2019	clancheck_fail	290
Philippe2019	clancheck_fail	150
Philippe2019	clancheck_fail	304
Philippe2019	clancheck_fail	252
Philippe2019	clancheck_fail	250
Philippe2019	clancheck_fail	548
Philippe2019	clancheck_fail	263
Philippe2019	clancheck_fail	265
Philippe2019	clancheck_fail	128
Philippe2019	clancheck_fail	101
Philippe2019	clancheck_fail	295
Philippe2019	clancheck_fail	352
Philippe2019	clancheck_fail	143
Philippe2019	clancheck_fail	164
Philippe2019	clancheck_fail	102
Philippe2019	clancheck_fail	226
Philippe2019	clancheck_fail	50
Philippe2019	clancheck_fail	220
Philippe2019	clancheck_fail	255
Philippe2019	clancheck_fail	173
Philippe2019	clancheck_fail	336
Philippe2019	clancheck_fail	99
Philippe2019	clancheck_fail	184
Philippe2019	clancheck_fail	187
Philippe2019	clancheck_fail	210
Philippe2019	clancheck_fail	142
Philippe2019	clancheck_fail	139
Philippe2019	clancheck_fail	325
Philippe2019	clancheck_fail	143
Philippe2019	clancheck_fail	206
Philippe2019	clancheck_fail	119
Philippe2019	clancheck_fail	71
Philippe2019	clancheck_fail	226
Philippe2019	clancheck_fail	332
Philippe2019	clancheck_fail	210
Philippe2019	clancheck_fail	454
Philippe2019	clancheck_fail	196
Philippe2019	clancheck_fail	133
Philippe2019	clancheck_fail	230
Philippe2019	clancheck_fail	190
Philippe2019	clancheck_fail	248
Philippe2019	clancheck_fail	254
Philippe2019	clancheck_fail	103
Philippe2019	clancheck_fail	546
Philippe2019	clancheck_fail	146
Philippe2019	clancheck_fail	339
Philippe2019	clancheck_fail	338
Philippe2019	clancheck_fail	220
Philippe2019	clancheck_fail	221
Philippe2019	clancheck_fail	227
Philippe2019	clancheck_fail	73
Philippe2019	clancheck_fail	99
Philippe2019	clancheck_fail	254
Philippe2019	clancheck_fail	268
Philippe2019	clancheck_fail	41
Philippe2019	clancheck_fail	262
Philippe2019	clancheck_fail	150
Philippe2019	clancheck_fail	242
Philippe2019	clancheck_fail	81
Philippe2019	clancheck_fail	253
Philippe2019	clancheck_fail	387
Philippe2019	clancheck_fail	164
Philippe2019	clancheck_fail	144
Philippe2019	clancheck_fail	525
Philippe2019	clancheck_fail	317
Philippe2019	clancheck_fail	482
Philippe2019	clancheck_fail	102
Philippe2019	clancheck_fail	410
Philippe2019	clancheck_fail	260
Philippe2019	clancheck_fail	115
Philippe2019	clancheck_fail	170
Philippe2019	clancheck_fail	335
Philippe2019	clancheck_fail	416
Philippe2019	clancheck_fail	257
Philippe2019	clancheck_fail	301
Philippe2019	clancheck_fail	358
Philippe2019	clancheck_fail	294
Philippe2019	clancheck_fail	99
Philippe2019	clancheck_fail	161
Philippe2019	clancheck_fail	87
Philippe2019	clancheck_fail	183
Philippe2019	clancheck_fail	128
Philippe2019	clancheck_fail	418
Philippe2019	clancheck_fail	206
Philippe2019	clancheck_fail	96
Philippe2019	clancheck_fail	161
Philippe2019	clancheck_fail	244
Philippe2019	clancheck_fail	148
Philippe2019	clancheck_fail	350
Philippe2019	clancheck_fail	308
Philippe2019	clancheck_fail	125
Philippe2019	clancheck_fail	256
Philippe2019	clancheck_fail	147
Philippe2019	clancheck_fail	328
Philippe2019	clancheck_fail	160
Philippe2019	clancheck_fail	368
Philippe2019	clancheck_fail	369
Philippe2019	clancheck_fail	137
Philippe2019	clancheck_fail	314
Philippe2019	clancheck_fail	105
Philippe2019	clancheck_fail	269
Philippe2019	clancheck_fail	76
Philippe2019	clancheck_fail	115
Philippe2019	clancheck_fail	148
Philippe2019	clancheck_fail	158
Philippe2019	clancheck_fail	261
Philippe2019	clancheck_fail	252
Philippe2019	clancheck_fail	106
Philippe2019	clancheck_fail	446
Philippe2019	clancheck_fail	180
Philippe2019	clancheck_fail	214
Philippe2019	clancheck_fail	453
Philippe2019	clancheck_fail	266
Philippe2019	clancheck_fail	178
Philippe2019	clancheck_fail	321
Philippe2019	clancheck_fail	206
Philippe2019	clancheck_fail	127
Philippe2019	clancheck_fail	154
Philippe2019	clancheck_fail	287
Philippe2019	clancheck_fail	131
Philippe2019	clancheck_fail	210
Philippe2019	clancheck_fail	326
Philippe2019	clancheck_fail	466
Philippe2019	clancheck_fail	136
Philippe2019	clancheck_fail	189
Philippe2019	clancheck_fail	258
Philippe2019	clancheck_fail	291
Philippe2019	clancheck_fail	227
Philippe2019	clancheck_fail	184
Philippe2019	clancheck_fail	253
Philippe2019	clancheck_fail	92
Philippe2019	clancheck_fail	250
Philippe2019	clancheck_fail	405
Philippe2019	clancheck_fail	124
Philippe2019	clancheck_fail	130
Philippe2019	clancheck_fail	226
Philippe2019	clancheck_fail	297
Philippe2019	clancheck_fail	179
Philippe2019	clancheck_fail	299
Philippe2019	clancheck_fail	322
Philippe2019	clancheck_fail	67
Philippe2019	clancheck_fail	421
Philippe2019	clancheck_fail	237
Philippe2019	clancheck_fail	231
Philippe2019	clancheck_fail	417
Philippe2019	clancheck_fail	263
Philippe2019	clancheck_fail	266
Philippe2019	clancheck_fail	576
Philippe2019	clancheck_fail	166
Philippe2019	clancheck_fail	175
Philippe2019	clancheck_fail	102
Philippe2019	clancheck_fail	129
Philippe2019	clancheck_fail	103
Philippe2019	clancheck_fail	147
Philippe2019	clancheck_fail	191
Philippe2019	clancheck_fail	135
Philippe2019	clancheck_fail	416
Philippe2019	clancheck_fail	232
Philippe2019	clancheck_fail	157
Philippe2019	clancheck_fail	234
Philippe2019	clancheck_fail	541
Philippe2019	clancheck_fail	408
Philippe2019	clancheck_fail	340
Philippe2019	clancheck_fail	185
Philippe2019	clancheck_fail	269
Philippe2019	clancheck_fail	254
Philippe2019	clancheck_fail	213
Philippe2019	clancheck_fail	331
Philippe2019	clancheck_fail	500
Philippe2019	clancheck_fail	219
Philippe2019	clancheck_fail	382
Philippe2019	clancheck_fail	211
Philippe2019	clancheck_fail	127
Philippe2019	clancheck_fail	59
Philippe2019	clancheck_fail	183
Philippe2019	clancheck_fail	287
Philippe2019	clancheck_fail	154
Philippe2019	clancheck_fail	210
Philippe2019	clancheck_fail	121
Philippe2019	clancheck_fail	305
Philippe2019	clancheck_fail	202
Philippe2019	clancheck_fail	170
Philippe2019	clancheck_fail	295
Philippe2019	clancheck_fail	238
Philippe2019	clancheck_fail	177
Philippe2019	clancheck_fail	110
Philippe2019	clancheck_fail	231
Philippe2019	clancheck_fail	62
Philippe2019	clancheck_fail	409
Philippe2019	clancheck_fail	247
Philippe2019	clancheck_fail	150
Philippe2019	clancheck_fail	459
Philippe2019	clancheck_fail	280
Philippe2019	clancheck_fail	345
Philippe2019	clancheck_fail	442
Philippe2019	clancheck_fail	132
Philippe2019	clancheck_fail	236
Philippe2019	clancheck_fail	450
Philippe2019	clancheck_fail	478
Philippe2019	clancheck_fail	181
Philippe2019	clancheck_fail	120
Philippe2019	clancheck_fail	310
Philippe2019	clancheck_fail	189
Philippe2019	clancheck_fail	316
Philippe2019	clancheck_fail	191
Philippe2019	clancheck_fail	101
Philippe2019	clancheck_fail	131
Philippe2019	clancheck_fail	132
Philippe2019	clancheck_fail	194
Philippe2019	clancheck_fail	268
Philippe2019	clancheck_fail	267
Philippe2019	clancheck_fail	454
Philippe2019	clancheck_fail	192
Philippe2019	clancheck_fail	206
Philippe2019	clancheck_fail	142
Philippe2019	clancheck_fail	181
Philippe2019	clancheck_fail	131
Philippe2019	clancheck_fail	190
Philippe2019	clancheck_fail	113
Philippe2019	clancheck_fail	570
Philippe2019	clancheck_fail	242
Philippe2019	clancheck_fail	71
Philippe2019	clancheck_fail	97
Philippe2019	clancheck_fail	52
Philippe2019	clancheck_fail	235
Philippe2019	clancheck_fail	354
Philippe2019	clancheck_fail	107
Philippe2019	clancheck_fail	202
Philippe2019	clancheck_fail	149
Philippe2019	clancheck_fail	245
Philippe2019	clancheck_fail	550
Philippe2019	clancheck_fail	237
Philippe2019	clancheck_fail	106
Philippe2019	clancheck_fail	96
Philippe2019	clancheck_fail	97
Philippe2019	clancheck_fail	184
Philippe2019	clancheck_fail	130
Philippe2019	clancheck_fail	173
Philippe2019	clancheck_fail	300
Philippe2019	clancheck_fail	199
Philippe2019	clancheck_fail	325
Philippe2019	clancheck_fail	105
Philippe2019	clancheck_fail	395
Philippe2019	clancheck_fail	237
Philippe2019	clancheck_fail	217
Philippe2019	clancheck_fail	473
Philippe2019	clancheck_fail	367
Philippe2019	clancheck_fail	251
Philippe2019	clancheck_fail	342
Philippe2019	clancheck_fail	280
Philippe2019	clancheck_fail	197
Philippe2019	clancheck_fail	170
Philippe2019	clancheck_fail	217
Philippe2019	clancheck_fail	177
Philippe2019	clancheck_fail	138
Philippe2019	clancheck_fail	529
Philippe2019	clancheck_fail	111
Philippe2019	clancheck_fail	448
Philippe2019	clancheck_fail	285
Philippe2019	clancheck_fail	229
Philippe2019	clancheck_fail	172
Philippe2019	clancheck_fail	320
Philippe2019	clancheck_fail	328
Philippe2019	clancheck_fail	237
Philippe2019	clancheck_fail	229
Philippe2019	clancheck_fail	186
Philippe2019	clancheck_fail	334
Philippe2019	clancheck_fail	228
Philippe2019	clancheck_fail	284
Philippe2019	clancheck_fail	156
Philippe2019	clancheck_fail	171
Philippe2019	clancheck_fail	381
Philippe2019	clancheck_fail	295
Philippe2019	clancheck_fail	89
Philippe2019	clancheck_fail	276
Philippe2019	clancheck_fail	222
Philippe2019	clancheck_fail	442
Philippe2019	clancheck_fail	80
Philippe2019	clancheck_fail	157
Philippe2019	clancheck_fail	258
Philippe2019	clancheck_fail	316
Philippe2019	clancheck_fail	62
Philippe2019	clancheck_fail	247
Philippe2019	clancheck_fail	298
Philippe2019	clancheck_fail	147
Philippe2019	clancheck_fail	315
Philippe2019	clancheck_fail	168
Philippe2019	clancheck_fail	123
Philippe2019	clancheck_fail	72
Philippe2019	clancheck_fail	286
Philippe2019	clancheck_fail	445
Philippe2019	clancheck_fail	520
Philippe2019	clancheck_fail	66
Philippe2019	clancheck_fail	142
Philippe2019	clancheck_fail	166
Philippe2019	clancheck_fail	210
Philippe2019	clancheck_fail	186
Philippe2019	clancheck_fail	168
Philippe2019	clancheck_fail	217
Philippe2019	clancheck_fail	441
Philippe2019	clancheck_fail	201
Philippe2019	clancheck_fail	194
Philippe2019	clancheck_fail	157
Philippe2019	clancheck_fail	107
Philippe2019	clancheck_fail	283
Philippe2019	clancheck_fail	78
Philippe2019	clancheck_fail	317
Philippe2019	clancheck_fail	64
Philippe2019	clancheck_fail	357
Philippe2019	clancheck_fail	206
Philippe2019	clancheck_fail	137
Philippe2019	clancheck_fail	85
Philippe2019	clancheck_fail	284
Philippe2019	clancheck_fail	161
Philippe2019	clancheck_fail	194
Philippe2019	clancheck_fail	186
Philippe2019	clancheck_fail	298
Philippe2019	clancheck_fail	432
Philippe2019	clancheck_fail	125
Philippe2019	clancheck_fail	177
Philippe2019	clancheck_fail	45
Philippe2019	clancheck_fail	15
Philippe2019	clancheck_fail	231
Philippe2019	clancheck_fail	230
Philippe2019	clancheck_fail	145
Philippe2019	clancheck_fail	100
Philippe2019	clancheck_fail	102
Philippe2019	clancheck_fail	273
Philippe2019	clancheck_fail	349
Philippe2019	clancheck_fail	274
Philippe2019	clancheck_fail	248
Philippe2019	clancheck_fail	164
Philippe2019	clancheck_fail	318
Philippe2019	clancheck_fail	118
Philippe2019	clancheck_fail	158
Philippe2019	clancheck_fail	117
Philippe2019	clancheck_fail	101
Philippe2019	clancheck_fail	435
Philippe2019	clancheck_fail	280
Philippe2019	clancheck_fail	179
Philippe2019	clancheck_fail	840
Philippe2019	clancheck_fail	270
Philippe2019	clancheck_fail	212
Philippe2019	clancheck_fail	159
Philippe2019	clancheck_fail	166
Philippe2019	clancheck_fail	161
Philippe2019	clancheck_fail	189
Philippe2019	clancheck_fail	111
Philippe2019	clancheck_fail	200
Philippe2019	clancheck_fail	180
Philippe2019	clancheck_fail	204
Philippe2019	clancheck_fail	143
Philippe2019	clancheck_fail	297
Philippe2019	clancheck_fail	570
Philippe2019	clancheck_fail	147
Philippe2019	clancheck_fail	295
Philippe2019	clancheck_fail	256
Philippe2019	clancheck_fail	116
Philippe2019	clancheck_fail	420
Philippe2019	clancheck_fail	59
Philippe2019	clancheck_fail	232
Philippe2019	clancheck_fail	209
Philippe2019	clancheck_fail	262
Philippe2019	clancheck_fail	96
Philippe2019	clancheck_fail	282
Philippe2019	clancheck_fail	306
Philippe2019	clancheck_fail	346
Philippe2019	clancheck_fail	381
Philippe2019	clancheck_fail	226
Philippe2019	clancheck_fail	263
Philippe2019	clancheck_fail	254
Philippe2019	clancheck_fail	188
Philippe2019	clancheck_fail	268
Philippe2019	clancheck_fail	154
Philippe2019	clancheck_fail	208
Philippe2019	clancheck_fail	112
Philippe2019	clancheck_fail	188
Philippe2019	clancheck_fail	298
Philippe2019	clancheck_fail	125
Philippe2019	clancheck_fail	190
Philippe2019	clancheck_fail	230
Philippe2019	clancheck_fail	233
Philippe2019	clancheck_fail	170
Philippe2019	clancheck_fail	181
Philippe2019	clancheck_fail	298
Philippe2019	clancheck_fail	417
Philippe2019	clancheck_fail	250
Philippe2019	clancheck_fail	269
Philippe2019	clancheck_fail	163
Philippe2019	clancheck_fail	426
Philippe2019	clancheck_fail	58
Philippe2019	clancheck_fail	197
Philippe2019	clancheck_fail	287
Philippe2019	clancheck_fail	269
Philippe2019	clancheck_fail	360
Philippe2019	clancheck_fail	155
Philippe2019	clancheck_fail	161
Philippe2019	clancheck_fail	210
Philippe2019	clancheck_fail	125
Philippe2019	clancheck_fail	271
Philippe2019	clancheck_fail	224
Philippe2019	clancheck_fail	102
Philippe2019	clancheck_fail	369
Philippe2019	clancheck_fail	291
Philippe2019	clancheck_fail	216
Philippe2019	clancheck_fail	317
Philippe2019	clancheck_fail	175
Philippe2019	clancheck_fail	232
Philippe2019	clancheck_fail	79
Philippe2019	clancheck_fail	299
Philippe2019	clancheck_fail	105
Philippe2019	clancheck_fail	285
Philippe2019	clancheck_fail	125
Philippe2019	clancheck_fail	96
Philippe2019	clancheck_fail	409
Philippe2019	clancheck_fail	67
Philippe2019	clancheck_fail	357
Philippe2019	clancheck_fail	139
Philippe2019	clancheck_fail	564
Philippe2019	clancheck_fail	280
Philippe2019	clancheck_fail	205
Philippe2019	clancheck_fail	104
Philippe2019	clancheck_fail	86
Philippe2019	clancheck_fail	183
Philippe2019	clancheck_fail	133
Philippe2019	clancheck_fail	248
Philippe2019	clancheck_fail	240
Philippe2019	clancheck_fail	293
Philippe2019	clancheck_fail	593
Philippe2019	clancheck_fail	96
Philippe2019	clancheck_fail	299
Philippe2019	clancheck_fail	64
Philippe2019	clancheck_fail	110
Philippe2019	clancheck_fail	302
Philippe2019	clancheck_fail	322
Philippe2019	clancheck_fail	147
Philippe2019	clancheck_fail	130
Philippe2019	clancheck_fail	166
Philippe2019	clancheck_fail	206
Philippe2019	clancheck_fail	125
Philippe2019	clancheck_fail	266
Philippe2019	clancheck_fail	285
Philippe2019	clancheck_fail	224
Philippe2019	clancheck_fail	178
Philippe2019	clancheck_fail	284
Philippe2019	clancheck_fail	161
Philippe2019	clancheck_fail	98
Philippe2019	clancheck_fail	98
Philippe2019	clancheck_fail	284
Philippe2019	clancheck_fail	145
Philippe2019	clancheck_fail	109
Philippe2019	clancheck_fail	116
Philippe2019	clancheck_fail	148
Philippe2019	clancheck_fail	122
Philippe2019	clancheck_fail	123
Philippe2019	clancheck_fail	730
Philippe2019	clancheck_fail	381
Philippe2019	clancheck_fail	190
Philippe2019	clancheck_fail	314
Philippe2019	clancheck_fail	281
Philippe2019	clancheck_fail	169
Philippe2019	clancheck_fail	356
Philippe2019	clancheck_fail	216
Philippe2019	clancheck_fail	204
Philippe2019	clancheck_fail	148
Philippe2019	clancheck_fail	259
Philippe2019	clancheck_fail	137
Philippe2019	clancheck_fail	264
Philippe2019	clancheck_fail	176
Philippe2019	clancheck_fail	36
Philippe2019	clancheck_fail	253
Philippe2019	clancheck_fail	347
Philippe2019	clancheck_fail	252
Philippe2019	clancheck_fail	148
Philippe2019	clancheck_fail	635
Philippe2019	clancheck_fail	107
Philippe2019	clancheck_fail	88
Philippe2019	clancheck_fail	50
Philippe2019	clancheck_fail	131
Philippe2019	clancheck_fail	210
Philippe2019	clancheck_fail	38
Philippe2019	clancheck_fail	203
Philippe2019	clancheck_fail	132
Philippe2019	clancheck_fail	266
Philippe2019	clancheck_fail	143
Philippe2019	clancheck_fail	251
Philippe2019	clancheck_fail	118
Philippe2019	clancheck_fail	108
Philippe2019	clancheck_fail	164
Philippe2019	clancheck_fail	427
Philippe2019	clancheck_fail	127
Philippe2019	clancheck_fail	177
Philippe2019	clancheck_fail	205
Philippe2019	clancheck_fail	183
Philippe2019	clancheck_fail	209
Philippe2019	clancheck_fail	366
Philippe2019	clancheck_fail	201
Philippe2019	clancheck_fail	161
Philippe2019	clancheck_fail	313
Philippe2019	clancheck_fail	530
Philippe2019	clancheck_fail	277
Philippe2019	clancheck_fail	185
Philippe2019	clancheck_fail	416
Philippe2019	clancheck_fail	114
Philippe2019	clancheck_fail	84
Philippe2019	clancheck_fail	130
Philippe2019	clancheck_fail	115
Philippe2019	clancheck_fail	66
Philippe2019	clancheck_fail	312
Philippe2019	clancheck_fail	381
Philippe2019	clancheck_fail	157
Philippe2019	clancheck_fail	778
Philippe2019	clancheck_fail	319
Philippe2019	clancheck_fail	235
Philippe2019	clancheck_fail	532
Philippe2019	clancheck_fail	327
Philippe2019	clancheck_fail	232
Philippe2019	clancheck_fail	80
Philippe2019	clancheck_fail	361
Philippe2019	clancheck_fail	70
Philippe2019	clancheck_fail	488
Philippe2019	clancheck_fail	59
Philippe2019	clancheck_fail	80
Philippe2019	clancheck_fail	190
Philippe2019	clancheck_fail	204
Philippe2019	clancheck_fail	229
Philippe2019	clancheck_fail	258
Philippe2019	clancheck_fail	164
Philippe2019	clancheck_fail	307
Philippe2019	clancheck_fail	270
Philippe2019	clancheck_fail	235
Philippe2019	clancheck_fail	120
Philippe2019	clancheck_fail	407
Philippe2019	clancheck_fail	104
Philippe2019	clancheck_fail	84
Philippe2019	clancheck_fail	298
Philippe2019	clancheck_fail	212
Philippe2019	clancheck_fail	44
Philippe2019	clancheck_fail	211
Philippe2019	clancheck_fail	279
Philippe2019	clancheck_fail	143
Philippe2019	clancheck_fail	280
Philippe2019	clancheck_fail	611
Philippe2019	clancheck_fail	275
Philippe2019	clancheck_fail	355
Philippe2019	clancheck_fail	262
Philippe2019	clancheck_fail	110
Philippe2019	clancheck_fail	211
Philippe2019	clancheck_fail	270
Philippe2019	clancheck_fail	184
Philippe2019	clancheck_fail	196
Philippe2019	clancheck_fail	167
Philippe2019	clancheck_fail	372
Philippe2019	clancheck_fail	194
Philippe2019	clancheck_fail	157
Philippe2019	clancheck_fail	274
Philippe2019	clancheck_fail	400
Philippe2019	clancheck_fail	141
Philippe2019	clancheck_fail	135
Philippe2019	clancheck_fail	502
Philippe2019	clancheck_fail	149
Philippe2019	clancheck_fail	146
Philippe2019	clancheck_fail	265
Philippe2019	clancheck_fail	221
Philippe2019	clancheck_fail	109
Philippe2019	clancheck_fail	284
Philippe2019	clancheck_fail	172
Philippe2019	clancheck_fail	149
Philippe2019	clancheck_fail	297
Philippe2019	clancheck_fail	168
Philippe2019	clancheck_fail	331
Philippe2019	clancheck_fail	198
Philippe2019	clancheck_fail	166
Philippe2019	clancheck_fail	111
Philippe2019	clancheck_fail	273
Philippe2019	clancheck_fail	221
Philippe2019	clancheck_fail	159
Philippe2019	clancheck_fail	251
Philippe2019	clancheck_fail	274
Philippe2019	clancheck_fail	485
Philippe2019	clancheck_fail	136
Philippe2019	clancheck_fail	308
Philippe2019	clancheck_fail	210
Philippe2019	clancheck_fail	167
Philippe2019	clancheck_fail	206
Philippe2019	clancheck_fail	163
Philippe2019	clancheck_fail	118
Philippe2019	clancheck_fail	41
Philippe2019	clancheck_fail	161
Philippe2019	clancheck_fail	152
Philippe2019	clancheck_fail	142
Philippe2019	clancheck_fail	296
Philippe2019	clancheck_fail	190
Philippe2019	clancheck_fail	228
Philippe2019	clancheck_fail	301
Philippe2019	clancheck_fail	91
Philippe2019	clancheck_fail	332
Philippe2019	clancheck_fail	305
Philippe2019	clancheck_fail	164
Philippe2019	clancheck_fail	250
Philippe2019	clancheck_fail	219
Philippe2019	clancheck_fail	150
Philippe2019	clancheck_fail	301
