Rouse2016	clancheck_pass	0.3896
Rouse2016	clancheck_pass	0.1485
Rouse2016	clancheck_pass	0.3328
Rouse2016	clancheck_pass	0.1292
Rouse2016	clancheck_pass	0.757
Rouse2016	clancheck_pass	0.1303
Rouse2016	clancheck_pass	0.2546
Rouse2016	clancheck_pass	0.5818
Rouse2016	clancheck_pass	0.2024
Rouse2016	clancheck_pass	0.2528
Rouse2016	clancheck_pass	0.1169
Rouse2016	clancheck_pass	0.6526
Rouse2016	clancheck_pass	0.4639
Rouse2016	clancheck_pass	0.0499
Rouse2016	clancheck_pass	0.1431
Rouse2016	clancheck_pass	0.1132
Rouse2016	clancheck_pass	0.1002
Rouse2016	clancheck_pass	0.3666
Rouse2016	clancheck_pass	0.1337
Rouse2016	clancheck_pass	0.0387
Rouse2016	clancheck_pass	0.2225
Rouse2016	clancheck_pass	0.1688
Rouse2016	clancheck_pass	0.4194
Rouse2016	clancheck_pass	0.5112
Rouse2016	clancheck_pass	0.0956
Rouse2016	clancheck_pass	0.5634
Rouse2016	clancheck_pass	0.1401
Rouse2016	clancheck_pass	0.6398
Rouse2016	clancheck_pass	0.2485
Rouse2016	clancheck_pass	0.0964
Rouse2016	clancheck_pass	0.0444
Rouse2016	clancheck_pass	0.1686
Rouse2016	clancheck_pass	0.3077
Rouse2016	clancheck_pass	0.0625
Rouse2016	clancheck_pass	0.0113
Rouse2016	clancheck_pass	0.2657
Rouse2016	clancheck_pass	0.4005
Rouse2016	clancheck_pass	0.245
Rouse2016	clancheck_pass	0.3935
Rouse2016	clancheck_pass	0.1346
Rouse2016	clancheck_pass	0.0706
Rouse2016	clancheck_pass	0.0897
Rouse2016	clancheck_pass	0.6028
Rouse2016	clancheck_pass	0.2301
Rouse2016	clancheck_pass	0.1425
Rouse2016	clancheck_pass	0.0885
Rouse2016	clancheck_pass	0.1401
Rouse2016	clancheck_pass	0.4001
Rouse2016	clancheck_pass	0.1757
Rouse2016	clancheck_pass	0.2617
Rouse2016	clancheck_pass	0.189
Rouse2016	clancheck_pass	0.1782
Rouse2016	clancheck_pass	0.1474
Rouse2016	clancheck_pass	0.3579
Rouse2016	clancheck_pass	0.1156
Rouse2016	clancheck_pass	0.0676
Rouse2016	clancheck_pass	0.5416
Rouse2016	clancheck_pass	0.5405
Rouse2016	clancheck_pass	0.0608
Rouse2016	clancheck_pass	0.0278
Rouse2016	clancheck_pass	0.2232
Rouse2016	clancheck_pass	0.2915
Rouse2016	clancheck_pass	0.0797
Rouse2016	clancheck_pass	0.1769
Rouse2016	clancheck_pass	0.1926
Rouse2016	clancheck_pass	0.1194
Rouse2016	clancheck_pass	0.0665
Rouse2016	clancheck_pass	0.1388
Rouse2016	clancheck_pass	0.1425
Rouse2016	clancheck_pass	0.1018
Rouse2016	clancheck_fail	0.0253
Rouse2016	clancheck_fail	0.3472
Rouse2016	clancheck_fail	0.0046
Rouse2016	clancheck_fail	0.0567
Rouse2016	clancheck_fail	0.6637
Rouse2016	clancheck_fail	0.4946
Rouse2016	clancheck_fail	0.201
Rouse2016	clancheck_fail	0.7859
Rouse2016	clancheck_fail	0.4658
Rouse2016	clancheck_fail	0.26
Rouse2016	clancheck_fail	0.3764
Rouse2016	clancheck_fail	0.6118
Rouse2016	clancheck_fail	0.117
Rouse2016	clancheck_fail	0.5826
Rouse2016	clancheck_fail	0.2126
Rouse2016	clancheck_fail	0.0014
Rouse2016	clancheck_fail	0.7109
Rouse2016	clancheck_fail	0.0175
Rouse2016	clancheck_fail	0.347
Rouse2016	clancheck_fail	0.2128
Rouse2016	clancheck_fail	0.2966
Rouse2016	clancheck_fail	0.5153
Rouse2016	clancheck_fail	0.3339
Rouse2016	clancheck_fail	0.2503
Rouse2016	clancheck_fail	0.094
Rouse2016	clancheck_fail	0.3819
Rouse2016	clancheck_fail	0.3503
Rouse2016	clancheck_fail	0.3289
Rouse2016	clancheck_fail	0.1475
Rouse2016	clancheck_fail	0.0768
Rouse2016	clancheck_fail	0.7754
Rouse2016	clancheck_fail	0.0667
Rouse2016	clancheck_fail	0.1329
Rouse2016	clancheck_fail	0.2692
Rouse2016	clancheck_fail	0.3592
Rouse2016	clancheck_fail	0.219
Rouse2016	clancheck_fail	0.5207
Rouse2016	clancheck_fail	0.2075
Rouse2016	clancheck_fail	0.0409
Rouse2016	clancheck_fail	0.4589
Rouse2016	clancheck_fail	0.1208
Rouse2016	clancheck_fail	0.816
Rouse2016	clancheck_fail	0.1903
Rouse2016	clancheck_fail	0.2634
Rouse2016	clancheck_fail	0.1519
Rouse2016	clancheck_fail	0.2694
Rouse2016	clancheck_fail	0.5151
Rouse2016	clancheck_fail	0.5978
Rouse2016	clancheck_fail	0.3157
Rouse2016	clancheck_fail	0.2977
Rouse2016	clancheck_fail	0.0803
Rouse2016	clancheck_fail	0.5506
Rouse2016	clancheck_fail	0.417
Rouse2016	clancheck_fail	0.0569
Rouse2016	clancheck_fail	0.3722
Rouse2016	clancheck_fail	0.2969
Rouse2016	clancheck_fail	0.275
Rouse2016	clancheck_fail	0.1365
Rouse2016	clancheck_fail	0.1068
Rouse2016	clancheck_fail	0.2146
Rouse2016	clancheck_fail	0.1446
Rouse2016	clancheck_fail	0.6377
Rouse2016	clancheck_fail	0.3446
Rouse2016	clancheck_fail	0.439
Rouse2016	clancheck_fail	0.3116
Rouse2016	clancheck_fail	0.4532
Rouse2016	clancheck_fail	0.2779
Rouse2016	clancheck_fail	0.7518
Rouse2016	clancheck_fail	0.1708
Rouse2016	clancheck_fail	0.2902
Rouse2016	clancheck_fail	0.1941
Rouse2016	clancheck_fail	0.0962
Rouse2016	clancheck_fail	0.3782
Rouse2016	clancheck_fail	0.0031
Rouse2016	clancheck_fail	0.4202
Rouse2016	clancheck_fail	0.0921
Rouse2016	clancheck_fail	0.391
Rouse2016	clancheck_fail	0.1458
Rouse2016	clancheck_fail	0.7127
Rouse2016	clancheck_fail	0.3674
Rouse2016	clancheck_fail	0.7748
Rouse2016	clancheck_fail	0.2998
Rouse2016	clancheck_fail	0.6767
Rouse2016	clancheck_fail	0.6137
Rouse2016	clancheck_fail	0.3771
Rouse2016	clancheck_fail	0.2027
Rouse2016	clancheck_fail	0.0979
Rouse2016	clancheck_fail	0.1569
Rouse2016	clancheck_fail	0.0022
Rouse2016	clancheck_fail	0.3476
Rouse2016	clancheck_fail	0.1344
Rouse2016	clancheck_fail	0.2859
Rouse2016	clancheck_fail	0.2375
Rouse2016	clancheck_fail	0.0783
Rouse2016	clancheck_fail	0.0006
Rouse2016	clancheck_fail	0.3116
Rouse2016	clancheck_fail	0.4501
Rouse2016	clancheck_fail	0.2106
Rouse2016	clancheck_fail	0.1334
Rouse2016	clancheck_fail	0.1639
Rouse2016	clancheck_fail	0.3878
Rouse2016	clancheck_fail	0.4905
Rouse2016	clancheck_fail	0.4092
Rouse2016	clancheck_fail	0.0694
Rouse2016	clancheck_fail	0.2567
Rouse2016	clancheck_fail	0.5453
Rouse2016	clancheck_fail	0.2814
Rouse2016	clancheck_fail	0.4178
Rouse2016	clancheck_fail	0.0433
Rouse2016	clancheck_fail	0.3042
Rouse2016	clancheck_fail	0.1712
Rouse2016	clancheck_fail	0.2273
Rouse2016	clancheck_fail	0.5199
Rouse2016	clancheck_fail	0.4951
Rouse2016	clancheck_fail	0.0716
Rouse2016	clancheck_fail	0.0428
Rouse2016	clancheck_fail	0.5664
Rouse2016	clancheck_fail	0.4824
Rouse2016	clancheck_fail	0.0741
Rouse2016	clancheck_fail	0.3626
Rouse2016	clancheck_fail	0.6909
Rouse2016	clancheck_fail	0.204
Rouse2016	clancheck_fail	0.0568
Rouse2016	clancheck_fail	0.0662
Rouse2016	clancheck_fail	0.2578
Rouse2016	clancheck_fail	0.1569
Rouse2016	clancheck_fail	0.2007
Rouse2016	clancheck_fail	0.2161
Rouse2016	clancheck_fail	0.0237
Rouse2016	clancheck_fail	0.0155
Rouse2016	clancheck_fail	0.7855
Rouse2016	clancheck_fail	0.1102
Rouse2016	clancheck_fail	0.3081
Rouse2016	clancheck_fail	0.265
Rouse2016	clancheck_fail	0.1264
Rouse2016	clancheck_fail	0.2435
Rouse2016	clancheck_fail	0.8356
Rouse2016	clancheck_fail	0.0967
Rouse2016	clancheck_fail	0.073
Rouse2016	clancheck_fail	0.3646
Rouse2016	clancheck_fail	0.5227
Rouse2016	clancheck_fail	0.2134
Rouse2016	clancheck_fail	0.1521
Rouse2016	clancheck_fail	0.0598
Rouse2016	clancheck_fail	0.1422
Rouse2016	clancheck_fail	0.1623
Rouse2016	clancheck_fail	0.5818
Rouse2016	clancheck_fail	0.4956
Rouse2016	clancheck_fail	0.3978
Rouse2016	clancheck_fail	0.3373
Rouse2016	clancheck_fail	0.2894
Rouse2016	clancheck_fail	0.7759
Rouse2016	clancheck_fail	0.4119
Rouse2016	clancheck_fail	0.4187
Rouse2016	clancheck_fail	0.4047
Rouse2016	clancheck_fail	0.2785
Rouse2016	clancheck_fail	0.1304
Rouse2016	clancheck_fail	0.3646
Rouse2016	clancheck_fail	0.8074
Rouse2016	clancheck_fail	0.2971
Rouse2016	clancheck_fail	0.0251
Rouse2016	clancheck_fail	0.1611
Rouse2016	clancheck_fail	0.3345
Rouse2016	clancheck_fail	0.7346
Rouse2016	clancheck_fail	0.3038
Rouse2016	clancheck_fail	0.2161
Rouse2016	clancheck_fail	0.1811
Rouse2016	clancheck_fail	0.7647
Rouse2016	clancheck_fail	0.1838
Rouse2016	clancheck_fail	0.6868
Rouse2016	clancheck_fail	0.5786
Rouse2016	clancheck_fail	0.5381
Rouse2016	clancheck_fail	0.0281
Rouse2016	clancheck_fail	0.0377
Rouse2016	clancheck_fail	0.7758
Rouse2016	clancheck_fail	0.0
Rouse2016	clancheck_fail	0.1241
Rouse2016	clancheck_fail	0.355
Rouse2016	clancheck_fail	0.2063
Rouse2016	clancheck_fail	0.1866
Rouse2016	clancheck_fail	0.095
Rouse2016	clancheck_fail	0.1174
Rouse2016	clancheck_fail	0.5408
Rouse2016	clancheck_fail	0.3146
Rouse2016	clancheck_fail	0.2438
Rouse2016	clancheck_fail	0.0915
Rouse2016	clancheck_fail	0.3321
Rouse2016	clancheck_fail	0.073
Rouse2016	clancheck_fail	0.4486
Rouse2016	clancheck_fail	0.481
Rouse2016	clancheck_fail	0.1573
Rouse2016	clancheck_fail	0.0171
Rouse2016	clancheck_fail	0.082
Rouse2016	clancheck_fail	0.348
Rouse2016	clancheck_fail	0.283
Rouse2016	clancheck_fail	0.1147
Rouse2016	clancheck_fail	0.0851
Rouse2016	clancheck_fail	0.2111
Rouse2016	clancheck_fail	0.384
Rouse2016	clancheck_fail	0.1822
Rouse2016	clancheck_fail	0.2252
Rouse2016	clancheck_fail	0.2682
Rouse2016	clancheck_fail	0.0032
Rouse2016	clancheck_fail	0.6653
Rouse2016	clancheck_fail	0.0861
Rouse2016	clancheck_fail	0.0575
Rouse2016	clancheck_fail	0.1075
Rouse2016	clancheck_fail	0.6303
Rouse2016	clancheck_fail	0.2642
Rouse2016	clancheck_fail	0.499
Rouse2016	clancheck_fail	0.2084
Rouse2016	clancheck_fail	0.2853
Rouse2016	clancheck_fail	0.7058
Rouse2016	clancheck_fail	0.3957
Rouse2016	clancheck_fail	0.4491
Rouse2016	clancheck_fail	0.4207
Rouse2016	clancheck_fail	0.3287
Rouse2016	clancheck_fail	0.678
Rouse2016	clancheck_fail	0.2208
Rouse2016	clancheck_fail	0.217
Rouse2016	clancheck_fail	0.2585
Rouse2016	clancheck_fail	0.0974
Rouse2016	clancheck_fail	0.2925
Rouse2016	clancheck_fail	0.0978
Rouse2016	clancheck_fail	0.8003
Rouse2016	clancheck_fail	0.0659
Rouse2016	clancheck_fail	0.1466
Rouse2016	clancheck_fail	0.3891
Rouse2016	clancheck_fail	0.1227
Rouse2016	clancheck_fail	0.2675
Rouse2016	clancheck_fail	0.1391
Rouse2016	clancheck_fail	0.6531
Rouse2016	clancheck_fail	0.0392
Rouse2016	clancheck_fail	0.6639
Rouse2016	clancheck_fail	0.0729
Rouse2016	clancheck_fail	0.66
Rouse2016	clancheck_fail	0.1128
Rouse2016	clancheck_fail	0.3568
Rouse2016	clancheck_fail	0.3109
Rouse2016	clancheck_fail	0.1139
Rouse2016	clancheck_fail	0.108
Rouse2016	clancheck_fail	0.147
Rouse2016	clancheck_fail	0.3091
Rouse2016	clancheck_fail	0.2622
Rouse2016	clancheck_fail	0.1437
Rouse2016	clancheck_fail	0.2531
Rouse2016	clancheck_fail	0.1948
Rouse2016	clancheck_fail	0.5401
Rouse2016	clancheck_fail	0.5373
Rouse2016	clancheck_fail	0.1213
Rouse2016	clancheck_fail	0.5867
Rouse2016	clancheck_fail	0.2358
Rouse2016	clancheck_fail	0.5411
Rouse2016	clancheck_fail	0.0644
Rouse2016	clancheck_fail	0.1275
Rouse2016	clancheck_fail	0.2671
Rouse2016	clancheck_fail	0.1199
Rouse2016	clancheck_fail	0.2238
Rouse2016	clancheck_fail	0.1495
Rouse2016	clancheck_fail	0.2988
Rouse2016	clancheck_fail	0.6133
Rouse2016	clancheck_fail	0.1137
Rouse2016	clancheck_fail	0.115
Rouse2016	clancheck_fail	0.2538
Rouse2016	clancheck_fail	0.2047
Rouse2016	clancheck_fail	0.6502
Rouse2016	clancheck_fail	0.0811
Rouse2016	clancheck_fail	0.071
Rouse2016	clancheck_fail	0.2892
Rouse2016	clancheck_fail	0.0413
Rouse2016	clancheck_fail	0.1294
Rouse2016	clancheck_fail	0.5421
Rouse2016	clancheck_fail	0.2271
Rouse2016	clancheck_fail	0.1694
Rouse2016	clancheck_fail	0.0062
Rouse2016	clancheck_fail	0.0899
Rouse2016	clancheck_fail	0.4994
Rouse2016	clancheck_fail	0.0499
Rouse2016	clancheck_fail	0.5149
Rouse2016	clancheck_fail	0.4589
Rouse2016	clancheck_fail	0.1559
Rouse2016	clancheck_fail	0.1977
Rouse2016	clancheck_fail	0.2297
Rouse2016	clancheck_fail	0.1537
Rouse2016	clancheck_fail	0.3214
Rouse2016	clancheck_fail	0.6619
Rouse2016	clancheck_fail	0.1631
Rouse2016	clancheck_fail	0.5451
Rouse2016	clancheck_fail	0.0647
Rouse2016	clancheck_fail	0.0561
Rouse2016	clancheck_fail	0.8282
Rouse2016	clancheck_fail	0.3576
Rouse2016	clancheck_fail	0.0326
Rouse2016	clancheck_fail	0.1193
Rouse2016	clancheck_fail	0.1975
Rouse2016	clancheck_fail	0.1223
Rouse2016	clancheck_fail	0.409
Rouse2016	clancheck_fail	0.0996
Rouse2016	clancheck_fail	0.2075
Rouse2016	clancheck_fail	0.0453
Rouse2016	clancheck_fail	0.0106
Rouse2016	clancheck_fail	0.0829
Rouse2016	clancheck_fail	0.0913
Rouse2016	clancheck_fail	0.1929
Rouse2016	clancheck_fail	0.1214
Rouse2016	clancheck_fail	0.2985
Rouse2016	clancheck_fail	0.146
Rouse2016	clancheck_fail	0.0605
Rouse2016	clancheck_fail	0.0435
Rouse2016	clancheck_fail	0.1451
Rouse2016	clancheck_fail	0.7145
Rouse2016	clancheck_fail	0.0964
Rouse2016	clancheck_fail	0.3748
Rouse2016	clancheck_fail	0.1327
Rouse2016	clancheck_fail	0.0406
Rouse2016	clancheck_fail	0.7728
Rouse2016	clancheck_fail	0.0144
Rouse2016	clancheck_fail	0.2936
Rouse2016	clancheck_fail	0.0212
Rouse2016	clancheck_fail	0.1865
Rouse2016	clancheck_fail	0.4275
Rouse2016	clancheck_fail	0.2507
Rouse2016	clancheck_fail	0.2103
Rouse2016	clancheck_fail	0.4311
Rouse2016	clancheck_fail	0.2798
Rouse2016	clancheck_fail	0.5699
Rouse2016	clancheck_fail	0.3267
Rouse2016	clancheck_fail	0.1814
Rouse2016	clancheck_fail	0.3684
Rouse2016	clancheck_fail	0.6011
Rouse2016	clancheck_fail	0.1244
Rouse2016	clancheck_fail	0.5438
Rouse2016	clancheck_fail	0.8383
Rouse2016	clancheck_fail	0.0963
Rouse2016	clancheck_fail	0.095
Rouse2016	clancheck_fail	0.7445
Rouse2016	clancheck_fail	0.0508
Rouse2016	clancheck_fail	0.0359
Rouse2016	clancheck_fail	0.1895
Rouse2016	clancheck_fail	0.0419
Rouse2016	clancheck_fail	0.0913
Rouse2016	clancheck_fail	0.0764
Rouse2016	clancheck_fail	0.0473
Rouse2016	clancheck_fail	0.0944
Rouse2016	clancheck_fail	0.2523
Rouse2016	clancheck_fail	0.3601
Rouse2016	clancheck_fail	0.0454
Rouse2016	clancheck_fail	0.1196
Rouse2016	clancheck_fail	0.0003
Rouse2016	clancheck_fail	0.3858
Rouse2016	clancheck_fail	0.236
Rouse2016	clancheck_fail	0.3049
Rouse2016	clancheck_fail	0.2954
Rouse2016	clancheck_fail	0.1099
Rouse2016	clancheck_fail	0.0489
Rouse2016	clancheck_fail	0.2151
Rouse2016	clancheck_fail	0.1126
Rouse2016	clancheck_fail	0.0001
Rouse2016	clancheck_fail	0.3759
Rouse2016	clancheck_fail	0.1351
Rouse2016	clancheck_fail	0.4322
Rouse2016	clancheck_fail	0.1722
Rouse2016	clancheck_fail	0.2075
Rouse2016	clancheck_fail	0.344
Rouse2016	clancheck_fail	0.0015
Rouse2016	clancheck_fail	0.2727
Rouse2016	clancheck_fail	0.3913
Rouse2016	clancheck_fail	0.5553
Rouse2016	clancheck_fail	0.2724
Rouse2016	clancheck_fail	0.5441
Rouse2016	clancheck_fail	0.4054
Rouse2016	clancheck_fail	0.2595
Rouse2016	clancheck_fail	0.1589
Rouse2016	clancheck_fail	0.4833
Rouse2016	clancheck_fail	0.314
Rouse2016	clancheck_fail	0.1666
Rouse2016	clancheck_fail	0.0356
Rouse2016	clancheck_fail	0.1
Rouse2016	clancheck_fail	0.2717
Rouse2016	clancheck_fail	0.673
Rouse2016	clancheck_fail	0.0759
Rouse2016	clancheck_fail	0.0497
Rouse2016	clancheck_fail	0.0592
Rouse2016	clancheck_fail	0.0509
Rouse2016	clancheck_fail	0.0952
Rouse2016	clancheck_fail	0.4039
Rouse2016	clancheck_fail	0.4265
Rouse2016	clancheck_fail	0.2132
Rouse2016	clancheck_fail	0.1074
Rouse2016	clancheck_fail	0.1488
Rouse2016	clancheck_fail	0.1121
Rouse2016	clancheck_fail	0.5677
Rouse2016	clancheck_fail	0.3346
Rouse2016	clancheck_fail	0.2957
Rouse2016	clancheck_fail	0.1549
Rouse2016	clancheck_fail	0.1361
Rouse2016	clancheck_fail	0.101
Rouse2016	clancheck_fail	0.7065
Rouse2016	clancheck_fail	0.2432
Rouse2016	clancheck_fail	0.2638
Rouse2016	clancheck_fail	0.0695
Rouse2016	clancheck_fail	0.3842
Rouse2016	clancheck_fail	0.0345
Rouse2016	clancheck_fail	0.1838
Rouse2016	clancheck_fail	0.299
Rouse2016	clancheck_fail	0.6032
Rouse2016	clancheck_fail	0.0416
Rouse2016	clancheck_fail	0.0276
Rouse2016	clancheck_fail	0.2929
Rouse2016	clancheck_fail	0.2023
Rouse2016	clancheck_fail	0.0674
Rouse2016	clancheck_fail	0.1875
Rouse2016	clancheck_fail	0.2078
Rouse2016	clancheck_fail	0.1037
Rouse2016	clancheck_fail	0.0282
Rouse2016	clancheck_fail	0.5631
Rouse2016	clancheck_fail	0.4528
Rouse2016	clancheck_fail	0.8411
Rouse2016	clancheck_fail	0.2492
Rouse2016	clancheck_fail	0.0434
Rouse2016	clancheck_fail	0.5964
Rouse2016	clancheck_fail	0.7668
Rouse2016	clancheck_fail	0.1073
Rouse2016	clancheck_fail	0.0663
Rouse2016	clancheck_fail	0.1038
Rouse2016	clancheck_fail	0.1305
Rouse2016	clancheck_fail	0.0779
Rouse2016	clancheck_fail	0.5878
Rouse2016	clancheck_fail	0.6959
Rouse2016	clancheck_fail	0.2118
Rouse2016	clancheck_fail	0.0228
Rouse2016	clancheck_fail	0.0667
Rouse2016	clancheck_fail	0.1117
Rouse2016	clancheck_fail	0.0463
Rouse2016	clancheck_fail	0.2294
Rouse2016	clancheck_fail	0.2586
Rouse2016	clancheck_fail	0.1981
Rouse2016	clancheck_fail	0.4251
Rouse2016	clancheck_fail	0.2004
Rouse2016	clancheck_fail	0.1744
Rouse2016	clancheck_fail	0.0236
Rouse2016	clancheck_fail	0.0853
Rouse2016	clancheck_fail	0.3679
Rouse2016	clancheck_fail	0.2172
Rouse2016	clancheck_fail	0.129
Rouse2016	clancheck_fail	0.0903
Rouse2016	clancheck_fail	0.132
Rouse2016	clancheck_fail	0.2291
Rouse2016	clancheck_fail	0.2348
Rouse2016	clancheck_fail	0.0375
Rouse2016	clancheck_fail	0.3176
Rouse2016	clancheck_fail	0.9313
Rouse2016	clancheck_fail	0.1017
Rouse2016	clancheck_fail	0.2178
Rouse2016	clancheck_fail	0.0399
Rouse2016	clancheck_fail	0.0406
Rouse2016	clancheck_fail	0.0209
Rouse2016	clancheck_fail	0.2287
Rouse2016	clancheck_fail	0.1762
Rouse2016	clancheck_fail	0.21
Rouse2016	clancheck_fail	0.1114
Rouse2016	clancheck_fail	0.2579
Rouse2016	clancheck_fail	0.0651
Rouse2016	clancheck_fail	0.0513
Rouse2016	clancheck_fail	0.1037
Rouse2016	clancheck_fail	0.3298
Rouse2016	clancheck_fail	0.115
Rouse2016	clancheck_fail	0.7532
Rouse2016	clancheck_fail	0.2656
Rouse2016	clancheck_fail	0.1655
Rouse2016	clancheck_fail	0.5706
Rouse2016	clancheck_fail	0.3563
Rouse2016	clancheck_fail	0.3042
Rouse2016	clancheck_fail	0.3941
Rouse2016	clancheck_fail	0.3748
Rouse2016	clancheck_fail	0.2044
Rouse2016	clancheck_fail	0.0123
Rouse2016	clancheck_fail	0.2023
Rouse2016	clancheck_fail	0.2132
Rouse2016	clancheck_fail	0.3702
Rouse2016	clancheck_fail	0.6803
Rouse2016	clancheck_fail	0.0437
Rouse2016	clancheck_fail	0.794
Rouse2016	clancheck_fail	0.2464
Rouse2016	clancheck_fail	0.4073
Rouse2016	clancheck_fail	0.1246
Rouse2016	clancheck_fail	0.0822
Rouse2016	clancheck_fail	0.3929
Rouse2016	clancheck_fail	0.3925
Rouse2016	clancheck_fail	0.2664
Rouse2016	clancheck_fail	0.1756
Rouse2016	clancheck_fail	0.3849
Rouse2016	clancheck_fail	0.2674
Rouse2016	clancheck_fail	0.1617
Rouse2016	clancheck_fail	0.1798
Rouse2016	clancheck_fail	0.147
Rouse2016	clancheck_fail	0.4134
Rouse2016	clancheck_fail	0.0593
Rouse2016	clancheck_fail	0.1002
Rouse2016	clancheck_fail	0.2861
Rouse2016	clancheck_fail	0.2776
Rouse2016	clancheck_fail	0.2053
Rouse2016	clancheck_fail	0.1692
Rouse2016	clancheck_fail	0.2413
Rouse2016	clancheck_fail	0.1181
Rouse2016	clancheck_fail	0.5012
Rouse2016	clancheck_fail	0.0114
Rouse2016	clancheck_fail	0.5265
Rouse2016	clancheck_fail	0.5973
Rouse2016	clancheck_fail	0.1488
Rouse2016	clancheck_fail	0.0037
Rouse2016	clancheck_fail	0.7822
Rouse2016	clancheck_fail	0.3283
Rouse2016	clancheck_fail	0.2927
Rouse2016	clancheck_fail	0.3515
Rouse2016	clancheck_fail	0.1418
Rouse2016	clancheck_fail	0.8642
Rouse2016	clancheck_fail	0.3726
Rouse2016	clancheck_fail	0.6369
Rouse2016	clancheck_fail	0.4553
Rouse2016	clancheck_fail	0.2209
Rouse2016	clancheck_fail	0.1579
Rouse2016	clancheck_fail	0.7023
Rouse2016	clancheck_fail	0.1475
Rouse2016	clancheck_fail	0.1952
Rouse2016	clancheck_fail	0.0145
Rouse2016	clancheck_fail	0.1289
Rouse2016	clancheck_fail	0.0495
Rouse2016	clancheck_fail	0.736
Rouse2016	clancheck_fail	0.3459
Rouse2016	clancheck_fail	0.0932
Rouse2016	clancheck_fail	0.1364
Rouse2016	clancheck_fail	0.0204
Rouse2016	clancheck_fail	0.0933
Rouse2016	clancheck_fail	0.1508
Rouse2016	clancheck_fail	0.1667
Rouse2016	clancheck_fail	0.1704
Rouse2016	clancheck_fail	0.2606
Rouse2016	clancheck_fail	0.0412
Rouse2016	clancheck_fail	0.2185
Rouse2016	clancheck_fail	0.463
Rouse2016	clancheck_fail	0.6995
Rouse2016	clancheck_fail	0.0373
Rouse2016	clancheck_fail	0.7521
Rouse2016	clancheck_fail	0.6731
Rouse2016	clancheck_fail	0.1087
Rouse2016	clancheck_fail	0.0658
Rouse2016	clancheck_fail	0.2
Rouse2016	clancheck_fail	0.3562
Rouse2016	clancheck_fail	0.4259
Rouse2016	clancheck_fail	0.0895
Rouse2016	clancheck_fail	0.3083
Rouse2016	clancheck_fail	0.2697
Rouse2016	clancheck_fail	0.2924
Rouse2016	clancheck_fail	0.2685
Rouse2016	clancheck_fail	0.1167
Rouse2016	clancheck_fail	0.0952
Rouse2016	clancheck_fail	0.1117
Rouse2016	clancheck_fail	0.2056
Rouse2016	clancheck_fail	0.2123
Rouse2016	clancheck_fail	0.3565
Rouse2016	clancheck_fail	0.4473
Rouse2016	clancheck_fail	0.2392
Rouse2016	clancheck_fail	0.3918
Rouse2016	clancheck_fail	0.3051
Rouse2016	clancheck_fail	0.2211
Rouse2016	clancheck_fail	0.0272
Rouse2016	clancheck_fail	0.0271
Rouse2016	clancheck_fail	0.3976
Rouse2016	clancheck_fail	0.4464
Rouse2016	clancheck_fail	0.3025
Rouse2016	clancheck_fail	0.1704
Rouse2016	clancheck_fail	0.2342
Rouse2016	clancheck_fail	0.0389
Rouse2016	clancheck_fail	0.175
Rouse2016	clancheck_fail	0.2219
Rouse2016	clancheck_fail	0.7623
Rouse2016	clancheck_fail	0.129
Rouse2016	clancheck_fail	0.11
Rouse2016	clancheck_fail	0.6462
Rouse2016	clancheck_fail	0.1049
Rouse2016	clancheck_fail	0.2789
Rouse2016	clancheck_fail	0.2298
Rouse2016	clancheck_fail	0.646
Rouse2016	clancheck_fail	0.042
Rouse2016	clancheck_fail	0.0746
Rouse2016	clancheck_fail	0.6479
Rouse2016	clancheck_fail	0.424
Rouse2016	clancheck_fail	0.2735
Rouse2016	clancheck_fail	0.322
Rouse2016	clancheck_fail	0.1944
Rouse2016	clancheck_fail	0.0871
Rouse2016	clancheck_fail	0.0524
Rouse2016	clancheck_fail	0.0016
Rouse2016	clancheck_fail	0.1019
Rouse2016	clancheck_fail	0.2452
Rouse2016	clancheck_fail	0.0589
Rouse2016	clancheck_fail	0.3803
Rouse2016	clancheck_fail	0.4025
Rouse2016	clancheck_fail	0.023
Rouse2016	clancheck_fail	0.7632
Rouse2016	clancheck_fail	0.1512
Rouse2016	clancheck_fail	0.4442
Rouse2016	clancheck_fail	0.7798
Rouse2016	clancheck_fail	0.2209
Rouse2016	clancheck_fail	0.5695
Rouse2016	clancheck_fail	0.3948
Rouse2016	clancheck_fail	0.3024
Rouse2016	clancheck_fail	0.8516
Rouse2016	clancheck_fail	0.0664
Rouse2016	clancheck_fail	0.1547
Rouse2016	clancheck_fail	0.0386
Rouse2016	clancheck_fail	0.2308
Rouse2016	clancheck_fail	0.8603
Rouse2016	clancheck_fail	0.4604
Rouse2016	clancheck_fail	0.7392
Rouse2016	clancheck_fail	0.1496
Rouse2016	clancheck_fail	0.3209
Rouse2016	clancheck_fail	0.6232
Rouse2016	clancheck_fail	0.7832
Rouse2016	clancheck_fail	0.0808
Rouse2016	clancheck_fail	0.1438
Rouse2016	clancheck_fail	0.8079
Rouse2016	clancheck_fail	0.7582
Rouse2016	clancheck_fail	0.0536
Rouse2016	clancheck_fail	0.0915
Rouse2016	clancheck_fail	0.3404
Rouse2016	clancheck_fail	0.3482
Rouse2016	clancheck_fail	0.0257
Rouse2016	clancheck_fail	0.3439
Rouse2016	clancheck_fail	0.0907
Rouse2016	clancheck_fail	0.0819
Rouse2016	clancheck_fail	0.0028
Rouse2016	clancheck_fail	0.1669
Rouse2016	clancheck_fail	0.1407
Rouse2016	clancheck_fail	0.1277
Rouse2016	clancheck_fail	0.7051
Rouse2016	clancheck_fail	0.0608
Rouse2016	clancheck_fail	0.0237
Rouse2016	clancheck_fail	0.1009
Rouse2016	clancheck_fail	0.4143
Rouse2016	clancheck_fail	0.2189
Rouse2016	clancheck_fail	0.6397
Rouse2016	clancheck_fail	0.3621
Rouse2016	clancheck_fail	0.0012
Rouse2016	clancheck_fail	0.1398
Rouse2016	clancheck_fail	0.1293
Rouse2016	clancheck_fail	0.3647
Rouse2016	clancheck_fail	0.1659
Rouse2016	clancheck_fail	0.4659
Rouse2016	clancheck_fail	0.234
Rouse2016	clancheck_fail	0.6107
Rouse2016	clancheck_fail	0.0869
Rouse2016	clancheck_fail	0.0584
Rouse2016	clancheck_fail	0.3042
Rouse2016	clancheck_fail	0.2626
Rouse2016	clancheck_fail	0.1495
Rouse2016	clancheck_fail	0.1551
Rouse2016	clancheck_fail	0.4246
Rouse2016	clancheck_fail	0.7411
Rouse2016	clancheck_fail	0.0528
Rouse2016	clancheck_fail	0.3731
Rouse2016	clancheck_fail	0.1873
Rouse2016	clancheck_fail	0.078
Rouse2016	clancheck_fail	0.4923
Rouse2016	clancheck_fail	0.3157
Rouse2016	clancheck_fail	0.8246
Rouse2016	clancheck_fail	0.0977
Rouse2016	clancheck_fail	0.2096
Rouse2016	clancheck_fail	0.1051
Rouse2016	clancheck_fail	0.5588
Rouse2016	clancheck_fail	0.524
Rouse2016	clancheck_fail	0.5006
Rouse2016	clancheck_fail	0.5783
Rouse2016	clancheck_fail	0.8069
Rouse2016	clancheck_fail	0.2704
Rouse2016	clancheck_fail	0.581
Rouse2016	clancheck_fail	0.0001
Rouse2016	clancheck_fail	0.633
Rouse2016	clancheck_fail	0.5028
Rouse2016	clancheck_fail	0.1378
Rouse2016	clancheck_fail	0.2543
Rouse2016	clancheck_fail	0.2361
Rouse2016	clancheck_fail	0.1078
Rouse2016	clancheck_fail	0.7775
Rouse2016	clancheck_fail	0.1517
Rouse2016	clancheck_fail	0.0031
Rouse2016	clancheck_fail	0.4399
Rouse2016	clancheck_fail	0.8098
Rouse2016	clancheck_fail	0.1147
Rouse2016	clancheck_fail	0.2298
Rouse2016	clancheck_fail	0.0584
Rouse2016	clancheck_fail	0.1248
Rouse2016	clancheck_fail	0.6085
Rouse2016	clancheck_fail	0.4358
Rouse2016	clancheck_fail	0.1236
Rouse2016	clancheck_fail	0.0003
Rouse2016	clancheck_fail	0.0352
Rouse2016	clancheck_fail	0.6741
Rouse2016	clancheck_fail	0.3964
Rouse2016	clancheck_fail	0.1289
Rouse2016	clancheck_fail	0.3357
Rouse2016	clancheck_fail	0.1056
Rouse2016	clancheck_fail	0.1545
Rouse2016	clancheck_fail	0.2154
Rouse2016	clancheck_fail	0.2778
Rouse2016	clancheck_fail	0.1362
Rouse2016	clancheck_fail	0.144
Rouse2016	clancheck_fail	0.0154
Rouse2016	clancheck_fail	0.1169
Rouse2016	clancheck_fail	0.1452
Rouse2016	clancheck_fail	0.0023
Rouse2016	clancheck_fail	0.0394
Rouse2016	clancheck_fail	0.2141
Rouse2016	clancheck_fail	0.1363
Rouse2016	clancheck_fail	0.2422
Rouse2016	clancheck_fail	0.2131
Rouse2016	clancheck_fail	0.3262
Rouse2016	clancheck_fail	0.3007
Rouse2016	clancheck_fail	0.2748
Rouse2016	clancheck_fail	0.4167
Rouse2016	clancheck_fail	0.1281
Rouse2016	clancheck_fail	0.1503
Rouse2016	clancheck_fail	0.8256
Rouse2016	clancheck_fail	0.029
Rouse2016	clancheck_fail	0.253
Rouse2016	clancheck_fail	0.2468
Rouse2016	clancheck_fail	0.2614
Rouse2016	clancheck_fail	0.5025
Rouse2016	clancheck_fail	0.5923
Rouse2016	clancheck_fail	0.068
Rouse2016	clancheck_fail	0.3323
Rouse2016	clancheck_fail	0.1981
Rouse2016	clancheck_fail	0.5507
Rouse2016	clancheck_fail	0.1982
Rouse2016	clancheck_fail	0.0461
Rouse2016	clancheck_fail	0.4797
Rouse2016	clancheck_fail	0.4833
Rouse2016	clancheck_fail	0.2395
Rouse2016	clancheck_fail	0.3841
Rouse2016	clancheck_fail	0.7603
Rouse2016	clancheck_fail	0.3319
Rouse2016	clancheck_fail	0.2215
Rouse2016	clancheck_fail	0.0677
Rouse2016	clancheck_fail	0.042
Rouse2016	clancheck_fail	0.2644
Rouse2016	clancheck_fail	0.043
Rouse2016	clancheck_fail	0.2664
Rouse2016	clancheck_fail	0.0003
Rouse2016	clancheck_fail	0.2695
Rouse2016	clancheck_fail	0.1472
Rouse2016	clancheck_fail	0.1942
Rouse2016	clancheck_fail	0.7463
Rouse2016	clancheck_fail	0.2405
Rouse2016	clancheck_fail	0.2118
Rouse2016	clancheck_fail	0.2429
Rouse2016	clancheck_fail	0.0126
Rouse2016	clancheck_fail	0.1036
Rouse2016	clancheck_fail	0.1181
Rouse2016	clancheck_fail	0.089
Rouse2016	clancheck_fail	0.5125
Rouse2016	clancheck_fail	0.1591
Rouse2016	clancheck_fail	0.7135
Rouse2016	clancheck_fail	0.1389
Rouse2016	clancheck_fail	0.7435
Rouse2016	clancheck_fail	0.1059
Rouse2016	clancheck_fail	0.7474
Rouse2016	clancheck_fail	0.2292
Rouse2016	clancheck_fail	0.0338
Rouse2016	clancheck_fail	0.1222
Rouse2016	clancheck_fail	0.0012
Rouse2016	clancheck_fail	0.2832
Rouse2016	clancheck_fail	0.1013
Rouse2016	clancheck_fail	0.2092
Rouse2016	clancheck_fail	0.2454
Rouse2016	clancheck_fail	0.1924
Rouse2016	clancheck_fail	0.299
Rouse2016	clancheck_fail	0.1294
Rouse2016	clancheck_fail	0.4609
Rouse2016	clancheck_fail	0.3558
Rouse2016	clancheck_fail	0.7915
Rouse2016	clancheck_fail	0.1292
Rouse2016	clancheck_fail	0.0238
Rouse2016	clancheck_fail	0.1624
Rouse2016	clancheck_fail	0.3407
Rouse2016	clancheck_fail	0.3715
Rouse2016	clancheck_fail	0.0001
Rouse2016	clancheck_fail	0.4823
Rouse2016	clancheck_fail	0.1375
Rouse2016	clancheck_fail	0.0192
Rouse2016	clancheck_fail	0.449
Rouse2016	clancheck_fail	0.2566
Rouse2016	clancheck_fail	0.0407
Rouse2016	clancheck_fail	0.0837
Rouse2016	clancheck_fail	0.3379
Rouse2016	clancheck_fail	0.4314
Rouse2016	clancheck_fail	0.579
Rouse2016	clancheck_fail	0.0173
Rouse2016	clancheck_fail	0.4591
Rouse2016	clancheck_fail	0.0355
Rouse2016	clancheck_fail	0.17
Rouse2016	clancheck_fail	0.1724
Rouse2016	clancheck_fail	0.0878
Rouse2016	clancheck_fail	0.6201
Rouse2016	clancheck_fail	0.442
Rouse2016	clancheck_fail	0.7199
Rouse2016	clancheck_fail	0.2651
Rouse2016	clancheck_fail	0.0675
Rouse2016	clancheck_fail	0.6818
Rouse2016	clancheck_fail	0.2012
Rouse2016	clancheck_fail	0.9061
Rouse2016	clancheck_fail	0.0188
Rouse2016	clancheck_fail	0.0414
Rouse2016	clancheck_fail	0.0092
Rouse2016	clancheck_fail	0.0818
Rouse2016	clancheck_fail	0.0892
Rouse2016	clancheck_fail	0.2996
Rouse2016	clancheck_fail	0.2158
Rouse2016	clancheck_fail	0.0679
Rouse2016	clancheck_fail	0.1136
Rouse2016	clancheck_fail	0.0832
Rouse2016	clancheck_fail	0.2278
Rouse2016	clancheck_fail	0.234
Rouse2016	clancheck_fail	0.0942
Rouse2016	clancheck_fail	0.0715
Rouse2016	clancheck_fail	0.2305
Rouse2016	clancheck_fail	0.6879
Rouse2016	clancheck_fail	0.1203
Rouse2016	clancheck_fail	0.7804
Rouse2016	clancheck_fail	0.0691
Rouse2016	clancheck_fail	0.3746
Rouse2016	clancheck_fail	0.1154
Rouse2016	clancheck_fail	0.6421
Rouse2016	clancheck_fail	0.1142
Rouse2016	clancheck_fail	0.4459
Rouse2016	clancheck_fail	0.5099
Rouse2016	clancheck_fail	0.1659
Rouse2016	clancheck_fail	0.1454
Rouse2016	clancheck_fail	0.229
Rouse2016	clancheck_fail	0.2817
Rouse2016	clancheck_fail	0.449
Rouse2016	clancheck_fail	0.713
Rouse2016	clancheck_fail	0.4512
Rouse2016	clancheck_fail	0.0075
Rouse2016	clancheck_fail	0.5014
Rouse2016	clancheck_fail	0.8154
Rouse2016	clancheck_fail	0.5346
Rouse2016	clancheck_fail	0.3926
Rouse2016	clancheck_fail	0.0022
Rouse2016	clancheck_fail	0.218
Rouse2016	clancheck_fail	0.3449
Rouse2016	clancheck_fail	0.2003
Rouse2016	clancheck_fail	0.1034
Rouse2016	clancheck_fail	0.305
Rouse2016	clancheck_fail	0.0825
Rouse2016	clancheck_fail	0.1522
Rouse2016	clancheck_fail	0.3187
Rouse2016	clancheck_fail	0.3612
Rouse2016	clancheck_fail	0.0751
Rouse2016	clancheck_fail	0.0681
Rouse2016	clancheck_fail	0.3015
Rouse2016	clancheck_fail	0.1767
Rouse2016	clancheck_fail	0.2705
Rouse2016	clancheck_fail	0.6326
Rouse2016	clancheck_fail	0.0307
Rouse2016	clancheck_fail	0.2654
Rouse2016	clancheck_fail	0.1288
Rouse2016	clancheck_fail	0.408
Rouse2016	clancheck_fail	0.1636
Rouse2016	clancheck_fail	0.4899
Rouse2016	clancheck_fail	0.2319
Rouse2016	clancheck_fail	0.215
Rouse2016	clancheck_fail	0.4737
Rouse2016	clancheck_fail	0.6858
Rouse2016	clancheck_fail	0.1651
Rouse2016	clancheck_fail	0.0802
Rouse2016	clancheck_fail	0.1784
Rouse2016	clancheck_fail	0.0352
Rouse2016	clancheck_fail	0.2788
Rouse2016	clancheck_fail	0.8757
Rouse2016	clancheck_fail	0.0018
Rouse2016	clancheck_fail	0.146
Rouse2016	clancheck_fail	0.8033
Rouse2016	clancheck_fail	0.5152
Rouse2016	clancheck_fail	0.1833
Rouse2016	clancheck_fail	0.1315
Rouse2016	clancheck_fail	0.7983
Rouse2016	clancheck_fail	0.7234
Rouse2016	clancheck_fail	0.0895
Rouse2016	clancheck_fail	0.1445
Rouse2016	clancheck_fail	0.8433
Rouse2016	clancheck_fail	0.2959
Rouse2016	clancheck_fail	0.1828
Rouse2016	clancheck_fail	0.1738
Rouse2016	clancheck_fail	0.3974
Rouse2016	clancheck_fail	0.1701
Rouse2016	clancheck_fail	0.6174
Rouse2016	clancheck_fail	0.111
Rouse2016	clancheck_fail	0.0433
Rouse2016	clancheck_fail	0.3962
Rouse2016	clancheck_fail	0.9007
Rouse2016	clancheck_fail	0.2777
Rouse2016	clancheck_fail	0.2876
Rouse2016	clancheck_fail	0.1145
Rouse2016	clancheck_fail	0.3528
Rouse2016	clancheck_fail	0.0739
Rouse2016	clancheck_fail	0.1638
Rouse2016	clancheck_fail	0.0044
Rouse2016	clancheck_fail	0.0352
Rouse2016	clancheck_fail	0.0642
Rouse2016	clancheck_fail	0.2814
Rouse2016	clancheck_fail	0.3504
Rouse2016	clancheck_fail	0.3761
Rouse2016	clancheck_fail	0.0857
Rouse2016	clancheck_fail	0.4118
Rouse2016	clancheck_fail	0.7879
Rouse2016	clancheck_fail	0.4175
Rouse2016	clancheck_fail	0.1872
Rouse2016	clancheck_fail	0.7394
Rouse2016	clancheck_fail	0.1336
Rouse2016	clancheck_fail	0.3411
Rouse2016	clancheck_fail	0.2656
Rouse2016	clancheck_fail	0.2699
Rouse2016	clancheck_fail	0.5035
Rouse2016	clancheck_fail	0.1375
Rouse2016	clancheck_fail	0.5037
Rouse2016	clancheck_fail	0.6083
Rouse2016	clancheck_fail	0.4374
Rouse2016	clancheck_fail	0.155
Rouse2016	clancheck_fail	0.3271
Rouse2016	clancheck_fail	0.5533
Rouse2016	clancheck_fail	0.4016
Rouse2016	clancheck_fail	0.3054
Rouse2016	clancheck_fail	0.5174
Rouse2016	clancheck_fail	0.4188
Rouse2016	clancheck_fail	0.3174
Rouse2016	clancheck_fail	0.1506
Rouse2016	clancheck_fail	0.0673
Rouse2016	clancheck_fail	0.3413
Rouse2016	clancheck_fail	0.2377
Rouse2016	clancheck_fail	0.519
Rouse2016	clancheck_fail	0.093
Rouse2016	clancheck_fail	0.0032
Rouse2016	clancheck_fail	0.2434
Rouse2016	clancheck_fail	0.1331
Rouse2016	clancheck_fail	0.0941
Rouse2016	clancheck_fail	0.3304
Rouse2016	clancheck_fail	0.3743
Rouse2016	clancheck_fail	0.0926
Rouse2016	clancheck_fail	0.2904
Rouse2016	clancheck_fail	0.1105
Rouse2016	clancheck_fail	0.6167
Rouse2016	clancheck_fail	0.0428
Rouse2016	clancheck_fail	0.4856
Rouse2016	clancheck_fail	0.0191
Rouse2016	clancheck_fail	0.0083
Rouse2016	clancheck_fail	0.2652
Rouse2016	clancheck_fail	0.2953
Rouse2016	clancheck_fail	0.3167
Rouse2016	clancheck_fail	0.2143
Rouse2016	clancheck_fail	0.1213
Rouse2016	clancheck_fail	0.2188
Rouse2016	clancheck_fail	0.5081
Rouse2016	clancheck_fail	0.3704
Rouse2016	clancheck_fail	0.0163
Rouse2016	clancheck_fail	0.0082
Rouse2016	clancheck_fail	0.2211
Rouse2016	clancheck_fail	0.244
Rouse2016	clancheck_fail	0.6655
Rouse2016	clancheck_fail	0.1021
Rouse2016	clancheck_fail	0.2054
Rouse2016	clancheck_fail	0.106
Rouse2016	clancheck_fail	0.1214
Rouse2016	clancheck_fail	0.4786
Rouse2016	clancheck_fail	0.1401
Rouse2016	clancheck_fail	0.2549
Rouse2016	clancheck_fail	0.1924
Rouse2016	clancheck_fail	0.1158
Rouse2016	clancheck_fail	0.0017
Rouse2016	clancheck_fail	0.2295
Rouse2016	clancheck_fail	0.1455
Rouse2016	clancheck_fail	0.3916
Rouse2016	clancheck_fail	0.091
Rouse2016	clancheck_fail	0.4576
Rouse2016	clancheck_fail	0.0445
Rouse2016	clancheck_fail	0.5327
Rouse2016	clancheck_fail	0.3298
Rouse2016	clancheck_fail	0.6219
Rouse2016	clancheck_fail	0.2184
Rouse2016	clancheck_fail	0.0606
Rouse2016	clancheck_fail	0.5575
Rouse2016	clancheck_fail	0.4408
Rouse2016	clancheck_fail	0.0985
Rouse2016	clancheck_fail	0.1509
Rouse2016	clancheck_fail	0.247
Rouse2016	clancheck_fail	0.3226
Rouse2016	clancheck_fail	0.4136
Rouse2016	clancheck_fail	0.1346
Rouse2016	clancheck_fail	0.2481
Rouse2016	clancheck_fail	0.1615
Rouse2016	clancheck_fail	0.1959
Rouse2016	clancheck_fail	0.1652
Rouse2016	clancheck_fail	0.1957
Rouse2016	clancheck_fail	0.128
Rouse2016	clancheck_fail	0.1324
Rouse2016	clancheck_fail	0.2027
Rouse2016	clancheck_fail	0.3595
Rouse2016	clancheck_fail	0.0886
Rouse2016	clancheck_fail	0.6307
Rouse2016	clancheck_fail	0.6002
Rouse2016	clancheck_fail	0.2703
Rouse2016	clancheck_fail	0.1245
Rouse2016	clancheck_fail	0.1324
Rouse2016	clancheck_fail	0.181
Rouse2016	clancheck_fail	0.1742
Rouse2016	clancheck_fail	0.6089
Rouse2016	clancheck_fail	0.0273
Rouse2016	clancheck_fail	0.4425
Rouse2016	clancheck_fail	0.1073
Rouse2016	clancheck_fail	0.0063
Rouse2016	clancheck_fail	0.0251
Rouse2016	clancheck_fail	0.1535
Rouse2016	clancheck_fail	0.0577
Rouse2016	clancheck_fail	0.0486
Rouse2016	clancheck_fail	0.0545
Rouse2016	clancheck_fail	0.19
Rouse2016	clancheck_fail	0.179
Rouse2016	clancheck_fail	0.2698
Rouse2016	clancheck_fail	0.3591
Rouse2016	clancheck_fail	0.1397
Rouse2016	clancheck_fail	0.2136
Rouse2016	clancheck_fail	0.3229
Rouse2016	clancheck_fail	0.412
Rouse2016	clancheck_fail	0.0794
Rouse2016	clancheck_fail	0.8651
Rouse2016	clancheck_fail	0.7424
Rouse2016	clancheck_fail	0.2239
Rouse2016	clancheck_fail	0.7533
Rouse2016	clancheck_fail	0.3452
Rouse2016	clancheck_fail	0.2408
Rouse2016	clancheck_fail	0.1414
Rouse2016	clancheck_fail	0.0499
Rouse2016	clancheck_fail	0.219
Rouse2016	clancheck_fail	0.2239
Rouse2016	clancheck_fail	0.5545
Rouse2016	clancheck_fail	0.0518
Rouse2016	clancheck_fail	0.3765
Rouse2016	clancheck_fail	0.5129
Rouse2016	clancheck_fail	0.0271
Rouse2016	clancheck_fail	0.2767
Rouse2016	clancheck_fail	0.3705
Rouse2016	clancheck_fail	0.0942
Rouse2016	clancheck_fail	0.3203
Rouse2016	clancheck_fail	0.2852
Rouse2016	clancheck_fail	0.2395
Rouse2016	clancheck_fail	0.4547
Rouse2016	clancheck_fail	0.577
Rouse2016	clancheck_fail	0.1541
Rouse2016	clancheck_fail	0.3841
Rouse2016	clancheck_fail	0.1825
Rouse2016	clancheck_fail	0.1938
Rouse2016	clancheck_fail	0.1042
Rouse2016	clancheck_fail	0.5917
Rouse2016	clancheck_fail	0.3277
Rouse2016	clancheck_fail	0.3177
Rouse2016	clancheck_fail	0.0794
Rouse2016	clancheck_fail	0.1311
Rouse2016	clancheck_fail	0.8431
Rouse2016	clancheck_fail	0.105
Rouse2016	clancheck_fail	0.3744
Rouse2016	clancheck_fail	0.0401
Rouse2016	clancheck_fail	0.1094
Rouse2016	clancheck_fail	0.3714
Rouse2016	clancheck_fail	0.1544
Rouse2016	clancheck_fail	0.3201
Rouse2016	clancheck_fail	0.5459
Rouse2016	clancheck_fail	0.4141
Rouse2016	clancheck_fail	0.1216
Rouse2016	clancheck_fail	0.0837
Rouse2016	clancheck_fail	0.1757
Rouse2016	clancheck_fail	0.0772
Rouse2016	clancheck_fail	0.1732
Rouse2016	clancheck_fail	0.0162
Rouse2016	clancheck_fail	0.0663
Rouse2016	clancheck_fail	0.1663
Rouse2016	clancheck_fail	0.0427
Rouse2016	clancheck_fail	0.1604
Rouse2016	clancheck_fail	0.0419
Rouse2016	clancheck_fail	0.1266
Rouse2016	clancheck_fail	0.0224
Rouse2016	clancheck_fail	0.4046
Rouse2016	clancheck_fail	0.0068
Rouse2016	clancheck_fail	0.3323
Rouse2016	clancheck_fail	0.4303
Rouse2016	clancheck_fail	0.004
Rouse2016	clancheck_fail	0.1053
Rouse2016	clancheck_fail	0.9535
Rouse2016	clancheck_fail	0.2233
Rouse2016	clancheck_fail	0.1313
Rouse2016	clancheck_fail	0.512
Rouse2016	clancheck_fail	0.5539
Rouse2016	clancheck_fail	0.4074
Rouse2016	clancheck_fail	0.0916
Rouse2016	clancheck_fail	0.3471
Rouse2016	clancheck_fail	0.2053
Rouse2016	clancheck_fail	0.0463
Rouse2016	clancheck_fail	0.1283
Rouse2016	clancheck_fail	0.208
Cannon2016	clancheck_pass	0.6428
Cannon2016	clancheck_pass	0.6455
Cannon2016	clancheck_pass	0.6358
Cannon2016	clancheck_pass	0.4753
Cannon2016	clancheck_pass	0.7254
Cannon2016	clancheck_pass	0.4085
Cannon2016	clancheck_pass	0.4918
Cannon2016	clancheck_pass	0.4088
Cannon2016	clancheck_pass	0.4379
Cannon2016	clancheck_pass	0.6825
Cannon2016	clancheck_pass	0.1375
Cannon2016	clancheck_pass	0.6383
Cannon2016	clancheck_pass	0.7815
Cannon2016	clancheck_pass	0.6145
Cannon2016	clancheck_pass	0.3656
Cannon2016	clancheck_pass	0.3315
Cannon2016	clancheck_fail	0.7535
Cannon2016	clancheck_fail	0.2511
Cannon2016	clancheck_fail	0.8758
Cannon2016	clancheck_fail	0.5741
Cannon2016	clancheck_fail	0.4142
Cannon2016	clancheck_fail	0.678
Cannon2016	clancheck_fail	0.539
Cannon2016	clancheck_fail	0.6884
Cannon2016	clancheck_fail	0.3629
Cannon2016	clancheck_fail	0.7074
Cannon2016	clancheck_fail	0.3814
Cannon2016	clancheck_fail	0.2169
Cannon2016	clancheck_fail	0.5713
Cannon2016	clancheck_fail	0.716
Cannon2016	clancheck_fail	0.6668
Cannon2016	clancheck_fail	0.2534
Cannon2016	clancheck_fail	0.5788
Cannon2016	clancheck_fail	0.5512
Cannon2016	clancheck_fail	0.7708
Cannon2016	clancheck_fail	0.5208
Cannon2016	clancheck_fail	0.7296
Cannon2016	clancheck_fail	0.47
Cannon2016	clancheck_fail	0.3244
Cannon2016	clancheck_fail	0.4833
Cannon2016	clancheck_fail	0.2888
Cannon2016	clancheck_fail	0.6501
Cannon2016	clancheck_fail	0.6194
Cannon2016	clancheck_fail	0.5233
Cannon2016	clancheck_fail	0.3823
Cannon2016	clancheck_fail	0.242
Cannon2016	clancheck_fail	0.6422
Cannon2016	clancheck_fail	0.6109
Cannon2016	clancheck_fail	0.6724
Cannon2016	clancheck_fail	0.1506
Cannon2016	clancheck_fail	0.593
Cannon2016	clancheck_fail	0.4318
Cannon2016	clancheck_fail	0.683
Cannon2016	clancheck_fail	0.5795
Cannon2016	clancheck_fail	0.4395
Cannon2016	clancheck_fail	0.3788
Cannon2016	clancheck_fail	0.6688
Cannon2016	clancheck_fail	0.4952
Cannon2016	clancheck_fail	0.4129
Cannon2016	clancheck_fail	0.5799
Cannon2016	clancheck_fail	0.5054
Cannon2016	clancheck_fail	0.357
Cannon2016	clancheck_fail	0.5556
Cannon2016	clancheck_fail	0.5806
Cannon2016	clancheck_fail	0.6326
Cannon2016	clancheck_fail	0.771
Cannon2016	clancheck_fail	0.3572
Cannon2016	clancheck_fail	0.5704
Cannon2016	clancheck_fail	0.2245
Cannon2016	clancheck_fail	0.716
Cannon2016	clancheck_fail	0.5078
Cannon2016	clancheck_fail	0.3974
Cannon2016	clancheck_fail	0.5281
Cannon2016	clancheck_fail	0.6512
Cannon2016	clancheck_fail	0.852
Cannon2016	clancheck_fail	0.3881
Cannon2016	clancheck_fail	0.5793
Cannon2016	clancheck_fail	0.4743
Cannon2016	clancheck_fail	0.7815
Cannon2016	clancheck_fail	0.1753
Cannon2016	clancheck_fail	0.2073
Cannon2016	clancheck_fail	0.4543
Cannon2016	clancheck_fail	0.5099
Cannon2016	clancheck_fail	0.3973
Cannon2016	clancheck_fail	0.5912
Cannon2016	clancheck_fail	0.4008
Cannon2016	clancheck_fail	0.2031
Cannon2016	clancheck_fail	0.9255
Cannon2016	clancheck_fail	0.9525
Cannon2016	clancheck_fail	0.3944
Cannon2016	clancheck_fail	0.54
Cannon2016	clancheck_fail	0.3846
Cannon2016	clancheck_fail	0.6008
Cannon2016	clancheck_fail	0.6183
Cannon2016	clancheck_fail	0.2846
Cannon2016	clancheck_fail	0.7967
Cannon2016	clancheck_fail	0.6981
Cannon2016	clancheck_fail	0.4028
Cannon2016	clancheck_fail	0.7374
Cannon2016	clancheck_fail	0.5836
Cannon2016	clancheck_fail	0.2938
Cannon2016	clancheck_fail	0.4925
Cannon2016	clancheck_fail	0.3016
Cannon2016	clancheck_fail	0.6338
Cannon2016	clancheck_fail	0.6234
Cannon2016	clancheck_fail	0.4518
Cannon2016	clancheck_fail	0.7714
Cannon2016	clancheck_fail	0.3892
Cannon2016	clancheck_fail	0.7379
Cannon2016	clancheck_fail	0.81
Cannon2016	clancheck_fail	0.2888
Cannon2016	clancheck_fail	0.3422
Cannon2016	clancheck_fail	0.4627
Cannon2016	clancheck_fail	0.3715
Cannon2016	clancheck_fail	0.4042
Cannon2016	clancheck_fail	0.6968
Cannon2016	clancheck_fail	0.2315
Cannon2016	clancheck_fail	0.4808
Cannon2016	clancheck_fail	0.7554
Cannon2016	clancheck_fail	0.0546
Cannon2016	clancheck_fail	0.5651
Cannon2016	clancheck_fail	0.6565
Cannon2016	clancheck_fail	0.5528
Cannon2016	clancheck_fail	0.2482
Cannon2016	clancheck_fail	0.2897
Cannon2016	clancheck_fail	0.0225
Cannon2016	clancheck_fail	0.5009
Cannon2016	clancheck_fail	0.6666
Cannon2016	clancheck_fail	0.5092
Cannon2016	clancheck_fail	0.1936
Cannon2016	clancheck_fail	0.7335
Cannon2016	clancheck_fail	0.3742
Cannon2016	clancheck_fail	0.6053
Cannon2016	clancheck_fail	0.7386
Cannon2016	clancheck_fail	0.3923
Cannon2016	clancheck_fail	0.6356
Cannon2016	clancheck_fail	0.7155
Cannon2016	clancheck_fail	0.2509
Cannon2016	clancheck_fail	0.3393
Cannon2016	clancheck_fail	0.6254
Cannon2016	clancheck_fail	0.3926
Cannon2016	clancheck_fail	0.3494
Cannon2016	clancheck_fail	0.2599
Cannon2016	clancheck_fail	0.1132
Cannon2016	clancheck_fail	0.6244
Cannon2016	clancheck_fail	0.6712
Cannon2016	clancheck_fail	0.7142
Cannon2016	clancheck_fail	0.5304
Cannon2016	clancheck_fail	0.5803
Cannon2016	clancheck_fail	0.5814
Cannon2016	clancheck_fail	0.279
Cannon2016	clancheck_fail	0.3693
Cannon2016	clancheck_fail	0.5213
Cannon2016	clancheck_fail	0.7511
Cannon2016	clancheck_fail	0.1396
Cannon2016	clancheck_fail	0.0443
Cannon2016	clancheck_fail	0.2055
Cannon2016	clancheck_fail	0.6891
Cannon2016	clancheck_fail	0.6924
Cannon2016	clancheck_fail	0.6705
Cannon2016	clancheck_fail	0.4719
Cannon2016	clancheck_fail	0.4185
Cannon2016	clancheck_fail	0.3957
Cannon2016	clancheck_fail	0.3782
Cannon2016	clancheck_fail	0.3339
Cannon2016	clancheck_fail	0.7291
Cannon2016	clancheck_fail	0.6435
Cannon2016	clancheck_fail	0.8187
Cannon2016	clancheck_fail	0.2221
Cannon2016	clancheck_fail	0.4187
Cannon2016	clancheck_fail	0.4453
Cannon2016	clancheck_fail	0.2493
Cannon2016	clancheck_fail	0.6509
Cannon2016	clancheck_fail	0.2214
Cannon2016	clancheck_fail	0.4197
Cannon2016	clancheck_fail	0.2595
Cannon2016	clancheck_fail	0.6021
Cannon2016	clancheck_fail	0.5872
Cannon2016	clancheck_fail	0.7222
Cannon2016	clancheck_fail	0.4183
Cannon2016	clancheck_fail	0.5606
Cannon2016	clancheck_fail	0.681
Cannon2016	clancheck_fail	0.7939
Cannon2016	clancheck_fail	0.5882
Cannon2016	clancheck_fail	0.3501
Cannon2016	clancheck_fail	0.1719
Cannon2016	clancheck_fail	0.6862
Cannon2016	clancheck_fail	0.2903
Cannon2016	clancheck_fail	0.605
Cannon2016	clancheck_fail	0.923
Cannon2016	clancheck_fail	0.7082
Cannon2016	clancheck_fail	0.5267
Cannon2016	clancheck_fail	0.2919
Cannon2016	clancheck_fail	0.552
Cannon2016	clancheck_fail	0.582
Cannon2016	clancheck_fail	0.7064
Cannon2016	clancheck_fail	0.506
Cannon2016	clancheck_fail	0.8558
Cannon2016	clancheck_fail	0.4684
Cannon2016	clancheck_fail	0.2478
Cannon2016	clancheck_fail	0.4223
Cannon2016	clancheck_fail	0.6404
Cannon2016	clancheck_fail	0.7899
Cannon2016	clancheck_fail	0.5296
Cannon2016	clancheck_fail	0.7472
Cannon2016	clancheck_fail	0.6672
Cannon2016	clancheck_fail	0.3312
Cannon2016	clancheck_fail	0.7735
Cannon2016	clancheck_fail	0.3899
Cannon2016	clancheck_fail	0.623
Cannon2016	clancheck_fail	0.5574
Cannon2016	clancheck_fail	0.5613
Philippe2019	clancheck_pass	0.1705
Philippe2019	clancheck_pass	0.0695
Philippe2019	clancheck_pass	0.2021
Philippe2019	clancheck_pass	0.2095
Philippe2019	clancheck_pass	0.2199
Philippe2019	clancheck_pass	0.4052
Philippe2019	clancheck_pass	0.2848
Philippe2019	clancheck_pass	0.0256
Philippe2019	clancheck_pass	0.2077
Philippe2019	clancheck_pass	0.1103
Philippe2019	clancheck_pass	0.3361
Philippe2019	clancheck_pass	0.0527
Philippe2019	clancheck_pass	0.2037
Philippe2019	clancheck_pass	0.2318
Philippe2019	clancheck_pass	0.192
Philippe2019	clancheck_pass	0.1513
Philippe2019	clancheck_pass	0.3909
Philippe2019	clancheck_pass	0.1166
Philippe2019	clancheck_pass	0.189
Philippe2019	clancheck_pass	0.0231
Philippe2019	clancheck_pass	0.1738
Philippe2019	clancheck_pass	0.2597
Philippe2019	clancheck_pass	0.0443
Philippe2019	clancheck_pass	0.2191
Philippe2019	clancheck_pass	0.136
Philippe2019	clancheck_pass	0.0784
Philippe2019	clancheck_pass	0.0233
Philippe2019	clancheck_pass	0.4749
Philippe2019	clancheck_pass	0.0975
Philippe2019	clancheck_pass	0.3085
Philippe2019	clancheck_pass	0.0339
Philippe2019	clancheck_pass	0.0343
Philippe2019	clancheck_pass	0.6122
Philippe2019	clancheck_pass	0.2334
Philippe2019	clancheck_pass	0.3121
Philippe2019	clancheck_pass	0.341
Philippe2019	clancheck_pass	0.6738
Philippe2019	clancheck_pass	0.3381
Philippe2019	clancheck_pass	0.0217
Philippe2019	clancheck_pass	0.1675
Philippe2019	clancheck_pass	0.2155
Philippe2019	clancheck_pass	0.761
Philippe2019	clancheck_pass	0.2541
Philippe2019	clancheck_pass	0.6069
Philippe2019	clancheck_pass	0.0982
Philippe2019	clancheck_pass	0.3832
Philippe2019	clancheck_pass	0.1475
Philippe2019	clancheck_pass	0.6245
Philippe2019	clancheck_pass	0.5453
Philippe2019	clancheck_pass	0.6181
Philippe2019	clancheck_pass	0.0051
Philippe2019	clancheck_pass	0.1031
Philippe2019	clancheck_pass	0.0777
Philippe2019	clancheck_pass	0.1663
Philippe2019	clancheck_pass	0.091
Philippe2019	clancheck_pass	0.4961
Philippe2019	clancheck_pass	0.1659
Philippe2019	clancheck_pass	0.3372
Philippe2019	clancheck_pass	0.0463
Philippe2019	clancheck_pass	0.1404
Philippe2019	clancheck_pass	0.2995
Philippe2019	clancheck_pass	0.4514
Philippe2019	clancheck_pass	0.4142
Philippe2019	clancheck_pass	0.6489
Philippe2019	clancheck_pass	0.3859
Philippe2019	clancheck_fail	0.223
Philippe2019	clancheck_fail	0.0815
Philippe2019	clancheck_fail	0.6704
Philippe2019	clancheck_fail	0.0537
Philippe2019	clancheck_fail	0.267
Philippe2019	clancheck_fail	0.0203
Philippe2019	clancheck_fail	0.0668
Philippe2019	clancheck_fail	0.1209
Philippe2019	clancheck_fail	0.0
Philippe2019	clancheck_fail	0.3651
Philippe2019	clancheck_fail	0.7414
Philippe2019	clancheck_fail	0.441
Philippe2019	clancheck_fail	0.5617
Philippe2019	clancheck_fail	0.5389
Philippe2019	clancheck_fail	0.5736
Philippe2019	clancheck_fail	0.5362
Philippe2019	clancheck_fail	0.0739
Philippe2019	clancheck_fail	0.0857
Philippe2019	clancheck_fail	0.2223
Philippe2019	clancheck_fail	0.1044
Philippe2019	clancheck_fail	0.0333
Philippe2019	clancheck_fail	0.4687
Philippe2019	clancheck_fail	0.4326
Philippe2019	clancheck_fail	0.2733
Philippe2019	clancheck_fail	0.2251
Philippe2019	clancheck_fail	0.038
Philippe2019	clancheck_fail	0.1738
Philippe2019	clancheck_fail	0.4445
Philippe2019	clancheck_fail	0.3822
Philippe2019	clancheck_fail	0.0617
Philippe2019	clancheck_fail	0.2537
Philippe2019	clancheck_fail	0.4245
Philippe2019	clancheck_fail	0.1139
Philippe2019	clancheck_fail	0.0453
Philippe2019	clancheck_fail	0.4503
Philippe2019	clancheck_fail	0.1194
Philippe2019	clancheck_fail	0.2446
Philippe2019	clancheck_fail	0.2053
Philippe2019	clancheck_fail	0.4604
Philippe2019	clancheck_fail	0.0517
Philippe2019	clancheck_fail	0.1892
Philippe2019	clancheck_fail	0.0108
Philippe2019	clancheck_fail	0.5996
Philippe2019	clancheck_fail	0.5022
Philippe2019	clancheck_fail	0.1191
Philippe2019	clancheck_fail	0.1639
Philippe2019	clancheck_fail	0.1527
Philippe2019	clancheck_fail	0.6857
Philippe2019	clancheck_fail	0.209
Philippe2019	clancheck_fail	0.4906
Philippe2019	clancheck_fail	0.1268
Philippe2019	clancheck_fail	0.2425
Philippe2019	clancheck_fail	0.4976
Philippe2019	clancheck_fail	0.1134
Philippe2019	clancheck_fail	0.1854
Philippe2019	clancheck_fail	0.3847
Philippe2019	clancheck_fail	0.194
Philippe2019	clancheck_fail	0.1043
Philippe2019	clancheck_fail	0.3057
Philippe2019	clancheck_fail	0.2035
Philippe2019	clancheck_fail	0.432
Philippe2019	clancheck_fail	0.092
Philippe2019	clancheck_fail	0.203
Philippe2019	clancheck_fail	0.0056
Philippe2019	clancheck_fail	0.3074
Philippe2019	clancheck_fail	0.0749
Philippe2019	clancheck_fail	0.5573
Philippe2019	clancheck_fail	0.203
Philippe2019	clancheck_fail	0.0622
Philippe2019	clancheck_fail	0.1899
Philippe2019	clancheck_fail	0.5519
Philippe2019	clancheck_fail	0.3095
Philippe2019	clancheck_fail	0.2823
Philippe2019	clancheck_fail	0.0617
Philippe2019	clancheck_fail	0.1753
Philippe2019	clancheck_fail	0.0244
Philippe2019	clancheck_fail	0.1938
Philippe2019	clancheck_fail	0.034
Philippe2019	clancheck_fail	0.4451
Philippe2019	clancheck_fail	0.1402
Philippe2019	clancheck_fail	0.0926
Philippe2019	clancheck_fail	0.2327
Philippe2019	clancheck_fail	0.369
Philippe2019	clancheck_fail	0.1917
Philippe2019	clancheck_fail	0.0882
Philippe2019	clancheck_fail	0.0575
Philippe2019	clancheck_fail	0.6346
Philippe2019	clancheck_fail	0.1008
Philippe2019	clancheck_fail	0.0734
Philippe2019	clancheck_fail	0.0732
Philippe2019	clancheck_fail	0.0055
Philippe2019	clancheck_fail	0.3876
Philippe2019	clancheck_fail	0.0284
Philippe2019	clancheck_fail	0.0228
Philippe2019	clancheck_fail	0.3865
Philippe2019	clancheck_fail	0.4632
Philippe2019	clancheck_fail	0.1628
Philippe2019	clancheck_fail	0.0991
Philippe2019	clancheck_fail	0.088
Philippe2019	clancheck_fail	0.5607
Philippe2019	clancheck_fail	0.1601
Philippe2019	clancheck_fail	0.3116
Philippe2019	clancheck_fail	0.2216
Philippe2019	clancheck_fail	0.044
Philippe2019	clancheck_fail	0.0206
Philippe2019	clancheck_fail	0.1081
Philippe2019	clancheck_fail	0.2048
Philippe2019	clancheck_fail	0.4135
Philippe2019	clancheck_fail	0.191
Philippe2019	clancheck_fail	0.335
Philippe2019	clancheck_fail	0.0941
Philippe2019	clancheck_fail	0.2536
Philippe2019	clancheck_fail	0.102
Philippe2019	clancheck_fail	0.2296
Philippe2019	clancheck_fail	0.0282
Philippe2019	clancheck_fail	0.0906
Philippe2019	clancheck_fail	0.0781
Philippe2019	clancheck_fail	0.4253
Philippe2019	clancheck_fail	0.7799
Philippe2019	clancheck_fail	0.3181
Philippe2019	clancheck_fail	0.0488
Philippe2019	clancheck_fail	0.1601
Philippe2019	clancheck_fail	0.0115
Philippe2019	clancheck_fail	0.0245
Philippe2019	clancheck_fail	0.3099
Philippe2019	clancheck_fail	0.122
Philippe2019	clancheck_fail	0.1748
Philippe2019	clancheck_fail	0.0652
Philippe2019	clancheck_fail	0.1539
Philippe2019	clancheck_fail	0.2707
Philippe2019	clancheck_fail	0.3039
Philippe2019	clancheck_fail	0.0571
Philippe2019	clancheck_fail	0.6278
Philippe2019	clancheck_fail	0.1344
Philippe2019	clancheck_fail	0.0327
Philippe2019	clancheck_fail	0.3562
Philippe2019	clancheck_fail	0.5179
Philippe2019	clancheck_fail	0.1727
Philippe2019	clancheck_fail	0.8836
Philippe2019	clancheck_fail	0.6838
Philippe2019	clancheck_fail	0.0624
Philippe2019	clancheck_fail	0.4482
Philippe2019	clancheck_fail	0.7282
Philippe2019	clancheck_fail	0.1284
Philippe2019	clancheck_fail	0.152
Philippe2019	clancheck_fail	0.1474
Philippe2019	clancheck_fail	0.1844
Philippe2019	clancheck_fail	0.3477
Philippe2019	clancheck_fail	0.576
Philippe2019	clancheck_fail	0.5525
Philippe2019	clancheck_fail	0.0869
Philippe2019	clancheck_fail	0.1901
Philippe2019	clancheck_fail	0.7582
Philippe2019	clancheck_fail	0.0419
Philippe2019	clancheck_fail	0.2285
Philippe2019	clancheck_fail	0.1051
Philippe2019	clancheck_fail	0.3257
Philippe2019	clancheck_fail	0.1187
Philippe2019	clancheck_fail	0.029
Philippe2019	clancheck_fail	0.6732
Philippe2019	clancheck_fail	0.043
Philippe2019	clancheck_fail	0.1585
Philippe2019	clancheck_fail	0.1386
Philippe2019	clancheck_fail	0.0757
Philippe2019	clancheck_fail	0.0667
Philippe2019	clancheck_fail	0.0503
Philippe2019	clancheck_fail	0.2366
Philippe2019	clancheck_fail	0.4399
Philippe2019	clancheck_fail	0.5596
Philippe2019	clancheck_fail	0.0447
Philippe2019	clancheck_fail	0.4521
Philippe2019	clancheck_fail	0.6484
Philippe2019	clancheck_fail	0.1815
Philippe2019	clancheck_fail	0.1882
Philippe2019	clancheck_fail	0.4077
Philippe2019	clancheck_fail	0.2713
Philippe2019	clancheck_fail	0.0481
Philippe2019	clancheck_fail	0.2051
Philippe2019	clancheck_fail	0.0398
Philippe2019	clancheck_fail	0.1456
Philippe2019	clancheck_fail	0.597
Philippe2019	clancheck_fail	0.1034
Philippe2019	clancheck_fail	0.3453
Philippe2019	clancheck_fail	0.0848
Philippe2019	clancheck_fail	0.0689
Philippe2019	clancheck_fail	0.1751
Philippe2019	clancheck_fail	0.0672
Philippe2019	clancheck_fail	0.8509
Philippe2019	clancheck_fail	0.1126
Philippe2019	clancheck_fail	0.1077
Philippe2019	clancheck_fail	0.0977
Philippe2019	clancheck_fail	0.2176
Philippe2019	clancheck_fail	0.3976
Philippe2019	clancheck_fail	0.2906
Philippe2019	clancheck_fail	0.4484
Philippe2019	clancheck_fail	0.2301
Philippe2019	clancheck_fail	0.2378
Philippe2019	clancheck_fail	0.2308
Philippe2019	clancheck_fail	0.4014
Philippe2019	clancheck_fail	0.2632
Philippe2019	clancheck_fail	0.4428
Philippe2019	clancheck_fail	0.002
Philippe2019	clancheck_fail	0.0712
Philippe2019	clancheck_fail	0.3525
Philippe2019	clancheck_fail	0.0049
Philippe2019	clancheck_fail	0.041
Philippe2019	clancheck_fail	0.0111
Philippe2019	clancheck_fail	0.2874
Philippe2019	clancheck_fail	0.0124
Philippe2019	clancheck_fail	0.0492
Philippe2019	clancheck_fail	0.2556
Philippe2019	clancheck_fail	0.0129
Philippe2019	clancheck_fail	0.0745
Philippe2019	clancheck_fail	0.422
Philippe2019	clancheck_fail	0.0693
Philippe2019	clancheck_fail	0.4937
Philippe2019	clancheck_fail	0.6106
Philippe2019	clancheck_fail	0.4219
Philippe2019	clancheck_fail	0.657
Philippe2019	clancheck_fail	0.5607
Philippe2019	clancheck_fail	0.1807
Philippe2019	clancheck_fail	0.051
Philippe2019	clancheck_fail	0.2641
Philippe2019	clancheck_fail	0.4715
Philippe2019	clancheck_fail	0.1425
Philippe2019	clancheck_fail	0.6036
Philippe2019	clancheck_fail	0.8231
Philippe2019	clancheck_fail	0.0976
Philippe2019	clancheck_fail	0.3612
Philippe2019	clancheck_fail	0.0374
Philippe2019	clancheck_fail	0.6665
Philippe2019	clancheck_fail	0.317
Philippe2019	clancheck_fail	0.093
Philippe2019	clancheck_fail	0.1002
Philippe2019	clancheck_fail	0.3154
Philippe2019	clancheck_fail	0.0165
Philippe2019	clancheck_fail	0.5167
Philippe2019	clancheck_fail	0.0528
Philippe2019	clancheck_fail	0.0471
Philippe2019	clancheck_fail	0.233
Philippe2019	clancheck_fail	0.0392
Philippe2019	clancheck_fail	0.014
Philippe2019	clancheck_fail	0.2394
Philippe2019	clancheck_fail	0.1485
Philippe2019	clancheck_fail	0.3675
Philippe2019	clancheck_fail	0.0148
Philippe2019	clancheck_fail	0.1368
Philippe2019	clancheck_fail	0.009
Philippe2019	clancheck_fail	0.0
Philippe2019	clancheck_fail	0.1564
Philippe2019	clancheck_fail	0.2378
Philippe2019	clancheck_fail	0.3309
Philippe2019	clancheck_fail	0.071
Philippe2019	clancheck_fail	0.7549
Philippe2019	clancheck_fail	0.0577
Philippe2019	clancheck_fail	0.0223
Philippe2019	clancheck_fail	0.3996
Philippe2019	clancheck_fail	0.2787
Philippe2019	clancheck_fail	0.2132
Philippe2019	clancheck_fail	0.1389
Philippe2019	clancheck_fail	0.4891
Philippe2019	clancheck_fail	0.0097
Philippe2019	clancheck_fail	0.5352
Philippe2019	clancheck_fail	0.0734
Philippe2019	clancheck_fail	0.4424
Philippe2019	clancheck_fail	0.1499
Philippe2019	clancheck_fail	0.637
Philippe2019	clancheck_fail	0.6819
Philippe2019	clancheck_fail	0.1731
Philippe2019	clancheck_fail	0.0348
Philippe2019	clancheck_fail	0.1072
Philippe2019	clancheck_fail	0.2786
Philippe2019	clancheck_fail	0.4608
Philippe2019	clancheck_fail	0.2147
Philippe2019	clancheck_fail	0.3135
Philippe2019	clancheck_fail	0.6188
Philippe2019	clancheck_fail	0.1436
Philippe2019	clancheck_fail	0.0398
Philippe2019	clancheck_fail	0.1032
Philippe2019	clancheck_fail	0.11
Philippe2019	clancheck_fail	0.5835
Philippe2019	clancheck_fail	0.2517
Philippe2019	clancheck_fail	0.0691
Philippe2019	clancheck_fail	0.3442
Philippe2019	clancheck_fail	0.0781
Philippe2019	clancheck_fail	0.0716
Philippe2019	clancheck_fail	0.5378
Philippe2019	clancheck_fail	0.1545
Philippe2019	clancheck_fail	0.5197
Philippe2019	clancheck_fail	0.1314
Philippe2019	clancheck_fail	0.3232
Philippe2019	clancheck_fail	0.0877
Philippe2019	clancheck_fail	0.2703
Philippe2019	clancheck_fail	0.1326
Philippe2019	clancheck_fail	0.1259
Philippe2019	clancheck_fail	0.0343
Philippe2019	clancheck_fail	0.2497
Philippe2019	clancheck_fail	0.0807
Philippe2019	clancheck_fail	0.1334
Philippe2019	clancheck_fail	0.0457
Philippe2019	clancheck_fail	0.3056
Philippe2019	clancheck_fail	0.1018
Philippe2019	clancheck_fail	0.2669
Philippe2019	clancheck_fail	0.7713
Philippe2019	clancheck_fail	0.2225
Philippe2019	clancheck_fail	0.2114
Philippe2019	clancheck_fail	0.069
Philippe2019	clancheck_fail	0.532
Philippe2019	clancheck_fail	0.0879
Philippe2019	clancheck_fail	0.3657
Philippe2019	clancheck_fail	0.0192
Philippe2019	clancheck_fail	0.102
Philippe2019	clancheck_fail	0.0603
Philippe2019	clancheck_fail	0.5726
Philippe2019	clancheck_fail	0.124
Philippe2019	clancheck_fail	0.8022
Philippe2019	clancheck_fail	0.0304
Philippe2019	clancheck_fail	0.0802
Philippe2019	clancheck_fail	0.4066
Philippe2019	clancheck_fail	0.73
Philippe2019	clancheck_fail	0.0802
Philippe2019	clancheck_fail	0.1362
Philippe2019	clancheck_fail	0.0191
Philippe2019	clancheck_fail	0.678
Philippe2019	clancheck_fail	0.5693
Philippe2019	clancheck_fail	0.4037
Philippe2019	clancheck_fail	0.3077
Philippe2019	clancheck_fail	0.6363
Philippe2019	clancheck_fail	0.0419
Philippe2019	clancheck_fail	0.7255
Philippe2019	clancheck_fail	0.0689
Philippe2019	clancheck_fail	0.0646
Philippe2019	clancheck_fail	0.2496
Philippe2019	clancheck_fail	0.1215
Philippe2019	clancheck_fail	0.2436
Philippe2019	clancheck_fail	0.0713
Philippe2019	clancheck_fail	0.1205
Philippe2019	clancheck_fail	0.1146
Philippe2019	clancheck_fail	0.0
Philippe2019	clancheck_fail	0.0502
Philippe2019	clancheck_fail	0.3335
Philippe2019	clancheck_fail	0.234
Philippe2019	clancheck_fail	0.0859
Philippe2019	clancheck_fail	0.4413
Philippe2019	clancheck_fail	0.1407
Philippe2019	clancheck_fail	0.0459
Philippe2019	clancheck_fail	0.4592
Philippe2019	clancheck_fail	0.0406
Philippe2019	clancheck_fail	0.028
Philippe2019	clancheck_fail	0.1451
Philippe2019	clancheck_fail	0.0865
Philippe2019	clancheck_fail	0.0022
Philippe2019	clancheck_fail	0.0714
Philippe2019	clancheck_fail	0.4337
Philippe2019	clancheck_fail	0.0674
Philippe2019	clancheck_fail	0.6848
Philippe2019	clancheck_fail	0.1429
Philippe2019	clancheck_fail	0.3422
Philippe2019	clancheck_fail	0.4077
Philippe2019	clancheck_fail	0.7583
Philippe2019	clancheck_fail	0.8248
Philippe2019	clancheck_fail	0.7141
Philippe2019	clancheck_fail	0.06
Philippe2019	clancheck_fail	0.1415
Philippe2019	clancheck_fail	0.1239
Philippe2019	clancheck_fail	0.6322
Philippe2019	clancheck_fail	0.0284
Philippe2019	clancheck_fail	0.4975
Philippe2019	clancheck_fail	0.1661
Philippe2019	clancheck_fail	0.0239
Philippe2019	clancheck_fail	0.0288
Philippe2019	clancheck_fail	0.3327
Philippe2019	clancheck_fail	0.2128
Philippe2019	clancheck_fail	0.1624
Philippe2019	clancheck_fail	0.0481
Philippe2019	clancheck_fail	0.0493
Philippe2019	clancheck_fail	0.728
Philippe2019	clancheck_fail	0.5837
Philippe2019	clancheck_fail	0.1741
Philippe2019	clancheck_fail	0.0777
Philippe2019	clancheck_fail	0.0847
Philippe2019	clancheck_fail	0.5169
Philippe2019	clancheck_fail	0.186
Philippe2019	clancheck_fail	0.149
Philippe2019	clancheck_fail	0.5732
Philippe2019	clancheck_fail	0.0055
Philippe2019	clancheck_fail	0.279
Philippe2019	clancheck_fail	0.0452
Philippe2019	clancheck_fail	0.3222
Philippe2019	clancheck_fail	0.1167
Philippe2019	clancheck_fail	0.5302
Philippe2019	clancheck_fail	0.1638
Philippe2019	clancheck_fail	0.3713
Philippe2019	clancheck_fail	0.4425
Philippe2019	clancheck_fail	0.0398
Philippe2019	clancheck_fail	0.1946
Philippe2019	clancheck_fail	0.3429
Philippe2019	clancheck_fail	0.0548
Philippe2019	clancheck_fail	0.4606
Philippe2019	clancheck_fail	0.4768
Philippe2019	clancheck_fail	0.0503
Philippe2019	clancheck_fail	0.5963
Philippe2019	clancheck_fail	0.2205
Philippe2019	clancheck_fail	0.0345
Philippe2019	clancheck_fail	0.0102
Philippe2019	clancheck_fail	0.76
Philippe2019	clancheck_fail	0.3646
Philippe2019	clancheck_fail	0.4069
Philippe2019	clancheck_fail	0.221
Philippe2019	clancheck_fail	0.1369
Philippe2019	clancheck_fail	0.2115
Philippe2019	clancheck_fail	0.5594
Philippe2019	clancheck_fail	0.755
Philippe2019	clancheck_fail	0.2159
Philippe2019	clancheck_fail	0.0878
Philippe2019	clancheck_fail	0.0667
Philippe2019	clancheck_fail	0.5821
Philippe2019	clancheck_fail	0.2063
Philippe2019	clancheck_fail	0.2151
Philippe2019	clancheck_fail	0.1523
Philippe2019	clancheck_fail	0.0572
Philippe2019	clancheck_fail	0.0495
Philippe2019	clancheck_fail	0.4657
Philippe2019	clancheck_fail	0.0295
Philippe2019	clancheck_fail	0.567
Philippe2019	clancheck_fail	0.5503
Philippe2019	clancheck_fail	0.2707
Philippe2019	clancheck_fail	0.3303
Philippe2019	clancheck_fail	0.0941
Philippe2019	clancheck_fail	0.123
Philippe2019	clancheck_fail	0.5809
Philippe2019	clancheck_fail	0.1079
Philippe2019	clancheck_fail	0.7032
Philippe2019	clancheck_fail	0.0
Philippe2019	clancheck_fail	0.0762
Philippe2019	clancheck_fail	0.1497
Philippe2019	clancheck_fail	0.0553
Philippe2019	clancheck_fail	0.1464
Philippe2019	clancheck_fail	0.8658
Philippe2019	clancheck_fail	0.0208
Philippe2019	clancheck_fail	0.0058
Philippe2019	clancheck_fail	0.2162
Philippe2019	clancheck_fail	0.2817
Philippe2019	clancheck_fail	0.4015
Philippe2019	clancheck_fail	0.0373
Philippe2019	clancheck_fail	0.3769
Philippe2019	clancheck_fail	0.0643
Philippe2019	clancheck_fail	0.4628
Philippe2019	clancheck_fail	0.0175
Philippe2019	clancheck_fail	0.5415
Philippe2019	clancheck_fail	0.7192
Philippe2019	clancheck_fail	0.4638
Philippe2019	clancheck_fail	0.3163
Philippe2019	clancheck_fail	0.1677
Philippe2019	clancheck_fail	0.0635
Philippe2019	clancheck_fail	0.4668
Philippe2019	clancheck_fail	0.0723
Philippe2019	clancheck_fail	0.4195
Philippe2019	clancheck_fail	0.0977
Philippe2019	clancheck_fail	0.1082
Philippe2019	clancheck_fail	0.032
Philippe2019	clancheck_fail	0.2389
Philippe2019	clancheck_fail	0.2527
Philippe2019	clancheck_fail	0.3603
Philippe2019	clancheck_fail	0.2316
Philippe2019	clancheck_fail	0.8633
Philippe2019	clancheck_fail	0.2128
Philippe2019	clancheck_fail	0.0462
Philippe2019	clancheck_fail	0.3837
Philippe2019	clancheck_fail	0.1281
Philippe2019	clancheck_fail	0.1918
Philippe2019	clancheck_fail	0.2655
Philippe2019	clancheck_fail	0.0006
Philippe2019	clancheck_fail	0.2727
Philippe2019	clancheck_fail	0.1518
Philippe2019	clancheck_fail	0.2096
Philippe2019	clancheck_fail	0.7072
Philippe2019	clancheck_fail	0.2702
Philippe2019	clancheck_fail	0.3426
Philippe2019	clancheck_fail	0.4083
Philippe2019	clancheck_fail	0.4641
Philippe2019	clancheck_fail	0.2165
Philippe2019	clancheck_fail	0.2684
Philippe2019	clancheck_fail	0.5196
Philippe2019	clancheck_fail	0.1496
Philippe2019	clancheck_fail	0.4442
Philippe2019	clancheck_fail	0.265
Philippe2019	clancheck_fail	0.2692
Philippe2019	clancheck_fail	0.5682
Philippe2019	clancheck_fail	0.127
Philippe2019	clancheck_fail	0.0034
Philippe2019	clancheck_fail	0.126
Philippe2019	clancheck_fail	0.6293
Philippe2019	clancheck_fail	0.6097
Philippe2019	clancheck_fail	0.334
Philippe2019	clancheck_fail	0.0375
Philippe2019	clancheck_fail	0.78
Philippe2019	clancheck_fail	0.0122
Philippe2019	clancheck_fail	0.1908
Philippe2019	clancheck_fail	0.7946
Philippe2019	clancheck_fail	0.2155
Philippe2019	clancheck_fail	0.1133
Philippe2019	clancheck_fail	0.0176
Philippe2019	clancheck_fail	0.087
Philippe2019	clancheck_fail	0.7735
Philippe2019	clancheck_fail	0.1618
Philippe2019	clancheck_fail	0.1241
Philippe2019	clancheck_fail	0.019
Philippe2019	clancheck_fail	0.1322
Philippe2019	clancheck_fail	0.1875
Philippe2019	clancheck_fail	0.0503
Philippe2019	clancheck_fail	0.1485
Philippe2019	clancheck_fail	0.1812
Philippe2019	clancheck_fail	0.7007
Philippe2019	clancheck_fail	0.5603
Philippe2019	clancheck_fail	0.007
Philippe2019	clancheck_fail	0.023
Philippe2019	clancheck_fail	0.2623
Philippe2019	clancheck_fail	0.1795
Philippe2019	clancheck_fail	0.5348
Philippe2019	clancheck_fail	0.1878
Philippe2019	clancheck_fail	0.1533
Philippe2019	clancheck_fail	0.2941
Philippe2019	clancheck_fail	0.089
Philippe2019	clancheck_fail	0.3749
Philippe2019	clancheck_fail	0.189
Philippe2019	clancheck_fail	0.1461
Philippe2019	clancheck_fail	0.5467
Philippe2019	clancheck_fail	0.3127
Philippe2019	clancheck_fail	0.1644
Philippe2019	clancheck_fail	0.0929
Philippe2019	clancheck_fail	0.5188
Philippe2019	clancheck_fail	0.0156
Philippe2019	clancheck_fail	0.2241
Philippe2019	clancheck_fail	0.4811
Philippe2019	clancheck_fail	0.2836
Philippe2019	clancheck_fail	0.5402
Philippe2019	clancheck_fail	0.1543
Philippe2019	clancheck_fail	0.2633
Philippe2019	clancheck_fail	0.0194
Philippe2019	clancheck_fail	0.3817
Philippe2019	clancheck_fail	0.2889
Philippe2019	clancheck_fail	0.4228
Philippe2019	clancheck_fail	0.0606
Philippe2019	clancheck_fail	0.3447
Philippe2019	clancheck_fail	0.6132
Philippe2019	clancheck_fail	0.1555
Philippe2019	clancheck_fail	0.3857
Philippe2019	clancheck_fail	0.1409
Philippe2019	clancheck_fail	0.2815
Philippe2019	clancheck_fail	0.1885
Philippe2019	clancheck_fail	0.0544
Philippe2019	clancheck_fail	0.0248
Philippe2019	clancheck_fail	0.4801
Philippe2019	clancheck_fail	0.1109
Philippe2019	clancheck_fail	0.8828
Philippe2019	clancheck_fail	0.4418
Philippe2019	clancheck_fail	0.0796
Philippe2019	clancheck_fail	0.1432
Philippe2019	clancheck_fail	0.109
Philippe2019	clancheck_fail	0.6608
Philippe2019	clancheck_fail	0.5763
Philippe2019	clancheck_fail	0.0671
Philippe2019	clancheck_fail	0.0113
Philippe2019	clancheck_fail	0.1458
Philippe2019	clancheck_fail	0.2252
Philippe2019	clancheck_fail	0.0915
Philippe2019	clancheck_fail	0.5111
Philippe2019	clancheck_fail	0.1532
Philippe2019	clancheck_fail	0.5556
Philippe2019	clancheck_fail	0.1797
Philippe2019	clancheck_fail	0.5956
Philippe2019	clancheck_fail	0.0795
Philippe2019	clancheck_fail	0.1004
Philippe2019	clancheck_fail	0.2555
Philippe2019	clancheck_fail	0.1652
Philippe2019	clancheck_fail	0.7269
Philippe2019	clancheck_fail	0.0105
Philippe2019	clancheck_fail	0.6204
Philippe2019	clancheck_fail	0.1572
Philippe2019	clancheck_fail	0.0001
Philippe2019	clancheck_fail	0.1286
Philippe2019	clancheck_fail	0.2594
Philippe2019	clancheck_fail	0.1731
Philippe2019	clancheck_fail	0.6181
Philippe2019	clancheck_fail	0.0762
Philippe2019	clancheck_fail	0.423
Philippe2019	clancheck_fail	0.4655
Philippe2019	clancheck_fail	0.2391
Philippe2019	clancheck_fail	0.7398
Philippe2019	clancheck_fail	0.6986
Philippe2019	clancheck_fail	0.7977
Philippe2019	clancheck_fail	0.2704
Philippe2019	clancheck_fail	0.084
Philippe2019	clancheck_fail	0.4607
Philippe2019	clancheck_fail	0.15
Philippe2019	clancheck_fail	0.2722
Philippe2019	clancheck_fail	0.5649
Philippe2019	clancheck_fail	0.06
Philippe2019	clancheck_fail	0.0023
Philippe2019	clancheck_fail	0.0884
Philippe2019	clancheck_fail	0.4138
Philippe2019	clancheck_fail	0.1622
Philippe2019	clancheck_fail	0.1438
Philippe2019	clancheck_fail	0.3111
Philippe2019	clancheck_fail	0.0457
Philippe2019	clancheck_fail	0.4963
Philippe2019	clancheck_fail	0.6026
Philippe2019	clancheck_fail	0.0882
Philippe2019	clancheck_fail	0.0538
Philippe2019	clancheck_fail	0.2158
Philippe2019	clancheck_fail	0.0089
Philippe2019	clancheck_fail	0.6554
Philippe2019	clancheck_fail	0.2666
Philippe2019	clancheck_fail	0.0889
Philippe2019	clancheck_fail	0.2436
Philippe2019	clancheck_fail	0.003
Philippe2019	clancheck_fail	0.1338
Philippe2019	clancheck_fail	0.1025
Philippe2019	clancheck_fail	0.1007
Philippe2019	clancheck_fail	0.1002
Philippe2019	clancheck_fail	0.0403
Philippe2019	clancheck_fail	0.2116
Philippe2019	clancheck_fail	0.4807
Philippe2019	clancheck_fail	0.2661
Philippe2019	clancheck_fail	0.4919
Philippe2019	clancheck_fail	0.2794
Philippe2019	clancheck_fail	0.1213
Philippe2019	clancheck_fail	0.416
Philippe2019	clancheck_fail	0.5533
Philippe2019	clancheck_fail	0.1243
Philippe2019	clancheck_fail	0.1389
Philippe2019	clancheck_fail	0.2981
Philippe2019	clancheck_fail	0.8102
Philippe2019	clancheck_fail	0.2149
Philippe2019	clancheck_fail	0.5646
Philippe2019	clancheck_fail	0.0585
Philippe2019	clancheck_fail	0.2503
Philippe2019	clancheck_fail	0.2358
Philippe2019	clancheck_fail	0.1498
Philippe2019	clancheck_fail	0.4516
Philippe2019	clancheck_fail	0.2353
Philippe2019	clancheck_fail	0.4102
Philippe2019	clancheck_fail	0.4042
Philippe2019	clancheck_fail	0.0108
Philippe2019	clancheck_fail	0.4545
Philippe2019	clancheck_fail	0.0715
Philippe2019	clancheck_fail	0.2262
Philippe2019	clancheck_fail	0.1546
Philippe2019	clancheck_fail	0.0228
Philippe2019	clancheck_fail	0.1617
Philippe2019	clancheck_fail	0.324
Philippe2019	clancheck_fail	0.1433
Philippe2019	clancheck_fail	0.1785
Philippe2019	clancheck_fail	0.3554
Philippe2019	clancheck_fail	0.4142
Philippe2019	clancheck_fail	0.0745
Philippe2019	clancheck_fail	0.2602
Philippe2019	clancheck_fail	0.4206
Philippe2019	clancheck_fail	0.1479
Philippe2019	clancheck_fail	0.4116
Philippe2019	clancheck_fail	0.0172
Philippe2019	clancheck_fail	0.312
Philippe2019	clancheck_fail	0.2441
Philippe2019	clancheck_fail	0.2551
Philippe2019	clancheck_fail	0.2675
Philippe2019	clancheck_fail	0.1287
Philippe2019	clancheck_fail	0.0521
Philippe2019	clancheck_fail	0.153
Philippe2019	clancheck_fail	0.1774
Philippe2019	clancheck_fail	0.3031
Philippe2019	clancheck_fail	0.1667
Philippe2019	clancheck_fail	0.2694
Philippe2019	clancheck_fail	0.2852
Philippe2019	clancheck_fail	0.2197
Philippe2019	clancheck_fail	0.3052
Philippe2019	clancheck_fail	0.5226
Philippe2019	clancheck_fail	0.0442
Philippe2019	clancheck_fail	0.8318
Philippe2019	clancheck_fail	0.2193
Philippe2019	clancheck_fail	0.4146
Philippe2019	clancheck_fail	0.4883
Philippe2019	clancheck_fail	0.207
Philippe2019	clancheck_fail	0.6303
Philippe2019	clancheck_fail	0.5843
Philippe2019	clancheck_fail	0.1232
Philippe2019	clancheck_fail	0.1447
Philippe2019	clancheck_fail	0.659
Philippe2019	clancheck_fail	0.1295
Philippe2019	clancheck_fail	0.1179
Philippe2019	clancheck_fail	0.2611
Philippe2019	clancheck_fail	0.4348
Philippe2019	clancheck_fail	0.6124
Philippe2019	clancheck_fail	0.1462
Philippe2019	clancheck_fail	0.1615
Philippe2019	clancheck_fail	0.6462
Philippe2019	clancheck_fail	0.1565
Philippe2019	clancheck_fail	0.0751
Philippe2019	clancheck_fail	0.0532
Philippe2019	clancheck_fail	0.2613
Philippe2019	clancheck_fail	0.1704
Philippe2019	clancheck_fail	0.4211
Philippe2019	clancheck_fail	0.1154
Philippe2019	clancheck_fail	0.0079
Philippe2019	clancheck_fail	0.3065
Philippe2019	clancheck_fail	0.6565
Philippe2019	clancheck_fail	0.04
Philippe2019	clancheck_fail	0.0839
Philippe2019	clancheck_fail	0.1723
Philippe2019	clancheck_fail	0.0228
Philippe2019	clancheck_fail	0.141
Philippe2019	clancheck_fail	0.1142
Philippe2019	clancheck_fail	0.4637
Philippe2019	clancheck_fail	0.0692
Philippe2019	clancheck_fail	0.4425
Philippe2019	clancheck_fail	0.2092
Philippe2019	clancheck_fail	0.4212
Philippe2019	clancheck_fail	0.0864
Philippe2019	clancheck_fail	0.055
Philippe2019	clancheck_fail	0.5113
Philippe2019	clancheck_fail	0.2337
Philippe2019	clancheck_fail	0.1979
Philippe2019	clancheck_fail	0.061
Philippe2019	clancheck_fail	0.3764
Philippe2019	clancheck_fail	0.0831
Philippe2019	clancheck_fail	0.1245
Philippe2019	clancheck_fail	0.463
Philippe2019	clancheck_fail	0.3462
Philippe2019	clancheck_fail	0.652
Philippe2019	clancheck_fail	0.1565
Philippe2019	clancheck_fail	0.0967
Philippe2019	clancheck_fail	0.1192
Philippe2019	clancheck_fail	0.2701
Philippe2019	clancheck_fail	0.0405
Philippe2019	clancheck_fail	0.2277
Philippe2019	clancheck_fail	0.2525
Philippe2019	clancheck_fail	0.3139
Philippe2019	clancheck_fail	0.2287
Philippe2019	clancheck_fail	0.5414
Philippe2019	clancheck_fail	0.3557
Philippe2019	clancheck_fail	0.1548
Philippe2019	clancheck_fail	0.2354
Philippe2019	clancheck_fail	0.4958
Philippe2019	clancheck_fail	0.4055
Philippe2019	clancheck_fail	0.2042
Philippe2019	clancheck_fail	0.2085
Philippe2019	clancheck_fail	0.1135
Philippe2019	clancheck_fail	0.3807
Philippe2019	clancheck_fail	0.1685
Philippe2019	clancheck_fail	0.034
Philippe2019	clancheck_fail	0.167
Philippe2019	clancheck_fail	0.2088
Philippe2019	clancheck_fail	0.1121
Philippe2019	clancheck_fail	0.0737
Philippe2019	clancheck_fail	0.0579
Philippe2019	clancheck_fail	0.1774
Philippe2019	clancheck_fail	0.1955
Philippe2019	clancheck_fail	0.0838
Philippe2019	clancheck_fail	0.409
Philippe2019	clancheck_fail	0.2196
Philippe2019	clancheck_fail	0.0693
Philippe2019	clancheck_fail	0.8639
Philippe2019	clancheck_fail	0.0534
Philippe2019	clancheck_fail	0.0941
Philippe2019	clancheck_fail	0.5427
Philippe2019	clancheck_fail	0.4535
Philippe2019	clancheck_fail	0.1068
Philippe2019	clancheck_fail	0.1076
Philippe2019	clancheck_fail	0.0822
Philippe2019	clancheck_fail	0.5395
Philippe2019	clancheck_fail	0.4754
Philippe2019	clancheck_fail	0.0062
Philippe2019	clancheck_fail	0.1692
Philippe2019	clancheck_fail	0.0805
Philippe2019	clancheck_fail	0.1474
Philippe2019	clancheck_fail	0.1589
Philippe2019	clancheck_fail	0.0075
Philippe2019	clancheck_fail	0.1068
Philippe2019	clancheck_fail	0.6863
Philippe2019	clancheck_fail	0.1758
Philippe2019	clancheck_fail	0.0744
Philippe2019	clancheck_fail	0.1225
Philippe2019	clancheck_fail	0.4359
Philippe2019	clancheck_fail	0.3267
Philippe2019	clancheck_fail	0.0185
Philippe2019	clancheck_fail	0.3549
Philippe2019	clancheck_fail	0.5327
Philippe2019	clancheck_fail	0.0066
Philippe2019	clancheck_fail	0.4348
Philippe2019	clancheck_fail	0.0461
Philippe2019	clancheck_fail	0.5291
Philippe2019	clancheck_fail	0.2358
Philippe2019	clancheck_fail	0.4259
Philippe2019	clancheck_fail	0.8491
Philippe2019	clancheck_fail	0.2821
Philippe2019	clancheck_fail	0.002
Philippe2019	clancheck_fail	0.4123
Philippe2019	clancheck_fail	0.4818
Philippe2019	clancheck_fail	0.1911
Philippe2019	clancheck_fail	0.1106
Philippe2019	clancheck_fail	0.3771
Philippe2019	clancheck_fail	0.1842
Philippe2019	clancheck_fail	0.8061
Philippe2019	clancheck_fail	0.0338
Philippe2019	clancheck_fail	0.0406
Philippe2019	clancheck_fail	0.0512
Philippe2019	clancheck_fail	0.6405
Philippe2019	clancheck_fail	0.0602
Philippe2019	clancheck_fail	0.7665
Philippe2019	clancheck_fail	0.0869
Philippe2019	clancheck_fail	0.4977
Philippe2019	clancheck_fail	0.1565
Philippe2019	clancheck_fail	0.1642
Philippe2019	clancheck_fail	0.053
Philippe2019	clancheck_fail	0.1755
Philippe2019	clancheck_fail	0.4488
Philippe2019	clancheck_fail	0.881
Philippe2019	clancheck_fail	0.1185
Philippe2019	clancheck_fail	0.0615
Philippe2019	clancheck_fail	0.4377
Philippe2019	clancheck_fail	0.0689
Philippe2019	clancheck_fail	0.1822
Philippe2019	clancheck_fail	0.1252
Philippe2019	clancheck_fail	0.4786
Philippe2019	clancheck_fail	0.1039
Philippe2019	clancheck_fail	0.1993
Philippe2019	clancheck_fail	0.2674
Philippe2019	clancheck_fail	0.4707
Philippe2019	clancheck_fail	0.0334
Philippe2019	clancheck_fail	0.1779
Philippe2019	clancheck_fail	0.4196
Philippe2019	clancheck_fail	0.2745
Philippe2019	clancheck_fail	0.2901
Philippe2019	clancheck_fail	0.2583
Philippe2019	clancheck_fail	0.0416
Philippe2019	clancheck_fail	0.3957
Philippe2019	clancheck_fail	0.2155
Philippe2019	clancheck_fail	0.0494
Philippe2019	clancheck_fail	0.5056
Philippe2019	clancheck_fail	0.0902
Philippe2019	clancheck_fail	0.5291
Philippe2019	clancheck_fail	0.378
Philippe2019	clancheck_fail	0.2152
Philippe2019	clancheck_fail	0.3311
Philippe2019	clancheck_fail	0.1328
Philippe2019	clancheck_fail	0.0024
Philippe2019	clancheck_fail	0.0196
Philippe2019	clancheck_fail	0.5588
Philippe2019	clancheck_fail	0.2367
Philippe2019	clancheck_fail	0.3749
Philippe2019	clancheck_fail	0.7434
Philippe2019	clancheck_fail	0.1198
Philippe2019	clancheck_fail	0.0847
Philippe2019	clancheck_fail	0.2321
Philippe2019	clancheck_fail	0.1185
Philippe2019	clancheck_fail	0.289
Philippe2019	clancheck_fail	0.0914
Philippe2019	clancheck_fail	0.0394
Philippe2019	clancheck_fail	0.2062
Philippe2019	clancheck_fail	0.1895
Philippe2019	clancheck_fail	0.0288
Philippe2019	clancheck_fail	0.0825
Philippe2019	clancheck_fail	0.0095
Philippe2019	clancheck_fail	0.0812
Philippe2019	clancheck_fail	0.0795
Philippe2019	clancheck_fail	0.1296
Philippe2019	clancheck_fail	0.0231
Philippe2019	clancheck_fail	0.1032
Philippe2019	clancheck_fail	0.7464
Philippe2019	clancheck_fail	0.0228
Philippe2019	clancheck_fail	0.0929
Philippe2019	clancheck_fail	0.0159
Philippe2019	clancheck_fail	0.2361
Philippe2019	clancheck_fail	0.1472
Philippe2019	clancheck_fail	0.1861
Philippe2019	clancheck_fail	0.1125
Philippe2019	clancheck_fail	0.0076
Philippe2019	clancheck_fail	0.0253
Philippe2019	clancheck_fail	0.4682
Philippe2019	clancheck_fail	0.2858
Philippe2019	clancheck_fail	0.4687
Philippe2019	clancheck_fail	0.0653
Philippe2019	clancheck_fail	0.4019
Philippe2019	clancheck_fail	0.1367
Philippe2019	clancheck_fail	0.3973
Philippe2019	clancheck_fail	0.1058
Philippe2019	clancheck_fail	0.0784
Philippe2019	clancheck_fail	0.0824
Philippe2019	clancheck_fail	0.256
Philippe2019	clancheck_fail	0.1219
Philippe2019	clancheck_fail	0.0433
Philippe2019	clancheck_fail	0.0006
Philippe2019	clancheck_fail	0.2238
Philippe2019	clancheck_fail	0.2039
Philippe2019	clancheck_fail	0.0918
Philippe2019	clancheck_fail	0.3418
Philippe2019	clancheck_fail	0.1015
Philippe2019	clancheck_fail	0.1198
Philippe2019	clancheck_fail	0.613
Philippe2019	clancheck_fail	0.0533
Philippe2019	clancheck_fail	0.4447
Philippe2019	clancheck_fail	0.5793
Philippe2019	clancheck_fail	0.1122
Philippe2019	clancheck_fail	0.0266
Philippe2019	clancheck_fail	0.1088
Philippe2019	clancheck_fail	0.0761
Philippe2019	clancheck_fail	0.0644
Philippe2019	clancheck_fail	0.0011
Philippe2019	clancheck_fail	0.0867
Philippe2019	clancheck_fail	0.0147
Philippe2019	clancheck_fail	0.2509
Philippe2019	clancheck_fail	0.1559
Philippe2019	clancheck_fail	0.2389
Philippe2019	clancheck_fail	0.1694
Philippe2019	clancheck_fail	0.1261
Philippe2019	clancheck_fail	0.0561
Philippe2019	clancheck_fail	0.2659
Philippe2019	clancheck_fail	0.3469
Philippe2019	clancheck_fail	0.7017
Philippe2019	clancheck_fail	0.3437
Philippe2019	clancheck_fail	0.0859
Philippe2019	clancheck_fail	0.265
Philippe2019	clancheck_fail	0.004
Philippe2019	clancheck_fail	0.0869
Philippe2019	clancheck_fail	0.0975
Philippe2019	clancheck_fail	0.0153
Philippe2019	clancheck_fail	0.2485
Philippe2019	clancheck_fail	0.7571
Philippe2019	clancheck_fail	0.0588
Philippe2019	clancheck_fail	0.0746
Philippe2019	clancheck_fail	0.1305
Philippe2019	clancheck_fail	0.0
Philippe2019	clancheck_fail	0.0317
Philippe2019	clancheck_fail	0.3362
Philippe2019	clancheck_fail	0.5616
Philippe2019	clancheck_fail	0.1213
Philippe2019	clancheck_fail	0.1271
Philippe2019	clancheck_fail	0.1258
Philippe2019	clancheck_fail	0.0591
Philippe2019	clancheck_fail	0.0883
Philippe2019	clancheck_fail	0.4183
Philippe2019	clancheck_fail	0.6092
Philippe2019	clancheck_fail	0.1285
Philippe2019	clancheck_fail	0.5617
Philippe2019	clancheck_fail	0.2284
Philippe2019	clancheck_fail	0.2293
Philippe2019	clancheck_fail	0.0778
Philippe2019	clancheck_fail	0.5522
Philippe2019	clancheck_fail	0.0855
Philippe2019	clancheck_fail	0.1164
Philippe2019	clancheck_fail	0.4641
Philippe2019	clancheck_fail	0.8045
Philippe2019	clancheck_fail	0.8712
Philippe2019	clancheck_fail	0.0269
Philippe2019	clancheck_fail	0.2577
Philippe2019	clancheck_fail	0.3417
Philippe2019	clancheck_fail	0.4472
Philippe2019	clancheck_fail	0.3437
Philippe2019	clancheck_fail	0.0686
Philippe2019	clancheck_fail	0.6317
Philippe2019	clancheck_fail	0.1462
Philippe2019	clancheck_fail	0.0679
Philippe2019	clancheck_fail	0.1491
Philippe2019	clancheck_fail	0.095
Philippe2019	clancheck_fail	0.063
Philippe2019	clancheck_fail	0.1615
Philippe2019	clancheck_fail	0.0112
Philippe2019	clancheck_fail	0.225
Philippe2019	clancheck_fail	0.5185
Philippe2019	clancheck_fail	0.051
Philippe2019	clancheck_fail	0.0341
Philippe2019	clancheck_fail	0.5683
Philippe2019	clancheck_fail	0.147
Philippe2019	clancheck_fail	0.009
Philippe2019	clancheck_fail	0.3885
Philippe2019	clancheck_fail	0.1987
Philippe2019	clancheck_fail	0.068
Philippe2019	clancheck_fail	0.109
Philippe2019	clancheck_fail	0.5983
Philippe2019	clancheck_fail	0.0349
Philippe2019	clancheck_fail	0.259
Philippe2019	clancheck_fail	0.2575
Philippe2019	clancheck_fail	0.027
Philippe2019	clancheck_fail	0.0587
Philippe2019	clancheck_fail	0.4482
Philippe2019	clancheck_fail	0.0928
Philippe2019	clancheck_fail	0.385
Philippe2019	clancheck_fail	0.5413
Philippe2019	clancheck_fail	0.4307
Philippe2019	clancheck_fail	0.3571
Philippe2019	clancheck_fail	0.4007
Philippe2019	clancheck_fail	0.3035
Philippe2019	clancheck_fail	0.2782
Philippe2019	clancheck_fail	0.4122
Philippe2019	clancheck_fail	0.1801
Philippe2019	clancheck_fail	0.4939
Philippe2019	clancheck_fail	0.0049
Philippe2019	clancheck_fail	0.4135
Philippe2019	clancheck_fail	0.1836
Philippe2019	clancheck_fail	0.0431
Philippe2019	clancheck_fail	0.0769
Philippe2019	clancheck_fail	0.1447
Philippe2019	clancheck_fail	0.5748
Philippe2019	clancheck_fail	0.4176
Philippe2019	clancheck_fail	0.1297
Philippe2019	clancheck_fail	0.0561
Philippe2019	clancheck_fail	0.4232
Philippe2019	clancheck_fail	0.0467
Philippe2019	clancheck_fail	0.4587
Philippe2019	clancheck_fail	0.2564
Philippe2019	clancheck_fail	0.2426
Philippe2019	clancheck_fail	0.2799
Philippe2019	clancheck_fail	0.6042
Philippe2019	clancheck_fail	0.2369
Philippe2019	clancheck_fail	0.0073
Philippe2019	clancheck_fail	0.0816
Philippe2019	clancheck_fail	0.1428
Philippe2019	clancheck_fail	0.3982
Philippe2019	clancheck_fail	0.2191
Philippe2019	clancheck_fail	0.1051
Philippe2019	clancheck_fail	0.1901
Philippe2019	clancheck_fail	0.2288
Philippe2019	clancheck_fail	0.614
Philippe2019	clancheck_fail	0.0873
Philippe2019	clancheck_fail	0.1263
Philippe2019	clancheck_fail	0.1596
Philippe2019	clancheck_fail	0.7196
Philippe2019	clancheck_fail	0.7611
Philippe2019	clancheck_fail	0.2594
Philippe2019	clancheck_fail	0.1726
Philippe2019	clancheck_fail	0.0498
Philippe2019	clancheck_fail	0.1126
Philippe2019	clancheck_fail	0.3771
Philippe2019	clancheck_fail	0.32
Philippe2019	clancheck_fail	0.0772
Philippe2019	clancheck_fail	0.3763
Philippe2019	clancheck_fail	0.1102
Philippe2019	clancheck_fail	0.1499
Philippe2019	clancheck_fail	0.5991
Philippe2019	clancheck_fail	0.1153
Philippe2019	clancheck_fail	0.0741
Philippe2019	clancheck_fail	0.2931
Philippe2019	clancheck_fail	0.2608
Philippe2019	clancheck_fail	0.2779
Philippe2019	clancheck_fail	0.1979
Philippe2019	clancheck_fail	0.5316
Philippe2019	clancheck_fail	0.5991
Philippe2019	clancheck_fail	0.1572
Philippe2019	clancheck_fail	0.05
Philippe2019	clancheck_fail	0.117
Philippe2019	clancheck_fail	0.2068
Philippe2019	clancheck_fail	0.2981
Philippe2019	clancheck_fail	0.4723
Philippe2019	clancheck_fail	0.3983
Philippe2019	clancheck_fail	0.2831
Philippe2019	clancheck_fail	0.0844
Philippe2019	clancheck_fail	0.4891
Philippe2019	clancheck_fail	0.0358
Philippe2019	clancheck_fail	0.4765
Philippe2019	clancheck_fail	0.2168
Philippe2019	clancheck_fail	0.1412
Philippe2019	clancheck_fail	0.3065
Philippe2019	clancheck_fail	0.3632
Philippe2019	clancheck_fail	0.2053
Philippe2019	clancheck_fail	0.0146
Philippe2019	clancheck_fail	0.2247
Philippe2019	clancheck_fail	0.2967
Philippe2019	clancheck_fail	0.2173
Philippe2019	clancheck_fail	0.2952
Philippe2019	clancheck_fail	0.3357
Philippe2019	clancheck_fail	0.114
Philippe2019	clancheck_fail	0.4192
Philippe2019	clancheck_fail	0.3937
Philippe2019	clancheck_fail	0.0816
Philippe2019	clancheck_fail	0.0861
Philippe2019	clancheck_fail	0.2293
Philippe2019	clancheck_fail	0.0047
Philippe2019	clancheck_fail	0.8616
Philippe2019	clancheck_fail	0.1386
Philippe2019	clancheck_fail	0.0638
Philippe2019	clancheck_fail	0.4644
Philippe2019	clancheck_fail	0.0252
Philippe2019	clancheck_fail	0.2111
Philippe2019	clancheck_fail	0.1342
Philippe2019	clancheck_fail	0.0359
Philippe2019	clancheck_fail	0.4151
Philippe2019	clancheck_fail	0.2892
Philippe2019	clancheck_fail	0.2587
Philippe2019	clancheck_fail	0.266
Philippe2019	clancheck_fail	0.1139
Philippe2019	clancheck_fail	0.0018
Philippe2019	clancheck_fail	0.5928
Philippe2019	clancheck_fail	0.3751
Philippe2019	clancheck_fail	0.0534
Philippe2019	clancheck_fail	0.1579
Philippe2019	clancheck_fail	0.0827
Philippe2019	clancheck_fail	0.2878
Philippe2019	clancheck_fail	0.1962
Philippe2019	clancheck_fail	0.3496
Philippe2019	clancheck_fail	0.0582
Philippe2019	clancheck_fail	0.3762
Philippe2019	clancheck_fail	0.0427
Philippe2019	clancheck_fail	0.0003
Philippe2019	clancheck_fail	0.1241
Philippe2019	clancheck_fail	0.3524
Philippe2019	clancheck_fail	0.4008
Philippe2019	clancheck_fail	0.3254
Philippe2019	clancheck_fail	0.068
