Rouse2016	clancheck_pass	0.6766
Rouse2016	clancheck_pass	0.3782
Rouse2016	clancheck_pass	0.6329
Rouse2016	clancheck_pass	0.3715
Rouse2016	clancheck_pass	0.5673
Rouse2016	clancheck_pass	0.1418
Rouse2016	clancheck_pass	0.5279
Rouse2016	clancheck_pass	0.6185
Rouse2016	clancheck_pass	0.3218
Rouse2016	clancheck_pass	0.3964
Rouse2016	clancheck_pass	0.4017
Rouse2016	clancheck_pass	0.7315
Rouse2016	clancheck_pass	0.6037
Rouse2016	clancheck_pass	0.2932
Rouse2016	clancheck_pass	0.3028
Rouse2016	clancheck_pass	0.2884
Rouse2016	clancheck_pass	0.2305
Rouse2016	clancheck_pass	0.4496
Rouse2016	clancheck_pass	0.2937
Rouse2016	clancheck_pass	0.2764
Rouse2016	clancheck_pass	1.0073
Rouse2016	clancheck_pass	0.4983
Rouse2016	clancheck_pass	0.7194
Rouse2016	clancheck_pass	0.7315
Rouse2016	clancheck_pass	0.3338
Rouse2016	clancheck_pass	0.495
Rouse2016	clancheck_pass	0.449
Rouse2016	clancheck_pass	0.5064
Rouse2016	clancheck_pass	0.231
Rouse2016	clancheck_pass	0.349
Rouse2016	clancheck_pass	0.1166
Rouse2016	clancheck_pass	0.5033
Rouse2016	clancheck_pass	0.2458
Rouse2016	clancheck_pass	0.2759
Rouse2016	clancheck_pass	0.2551
Rouse2016	clancheck_pass	0.1927
Rouse2016	clancheck_pass	0.3396
Rouse2016	clancheck_pass	0.4519
Rouse2016	clancheck_pass	0.4017
Rouse2016	clancheck_pass	0.2656
Rouse2016	clancheck_pass	0.4232
Rouse2016	clancheck_pass	0.3476
Rouse2016	clancheck_pass	0.7308
Rouse2016	clancheck_pass	0.4117
Rouse2016	clancheck_pass	0.2283
Rouse2016	clancheck_pass	0.3172
Rouse2016	clancheck_pass	0.3238
Rouse2016	clancheck_pass	0.3578
Rouse2016	clancheck_pass	0.2395
Rouse2016	clancheck_pass	0.8268
Rouse2016	clancheck_pass	0.3092
Rouse2016	clancheck_pass	0.6984
Rouse2016	clancheck_pass	0.7878
Rouse2016	clancheck_pass	0.5425
Rouse2016	clancheck_pass	0.3084
Rouse2016	clancheck_pass	0.179
Rouse2016	clancheck_pass	0.6392
Rouse2016	clancheck_pass	0.4001
Rouse2016	clancheck_pass	0.154
Rouse2016	clancheck_pass	0.4234
Rouse2016	clancheck_pass	0.2139
Rouse2016	clancheck_pass	0.5387
Rouse2016	clancheck_pass	0.1912
Rouse2016	clancheck_pass	0.6273
Rouse2016	clancheck_pass	0.2673
Rouse2016	clancheck_pass	0.2628
Rouse2016	clancheck_pass	0.2116
Rouse2016	clancheck_pass	0.5123
Rouse2016	clancheck_pass	0.5145
Rouse2016	clancheck_pass	0.3723
Rouse2016	clancheck_fail	0.1829
Rouse2016	clancheck_fail	0.1903
Rouse2016	clancheck_fail	0.1756
Rouse2016	clancheck_fail	0.2069
Rouse2016	clancheck_fail	0.4468
Rouse2016	clancheck_fail	0.5284
Rouse2016	clancheck_fail	0.2674
Rouse2016	clancheck_fail	0.8007
Rouse2016	clancheck_fail	0.6337
Rouse2016	clancheck_fail	0.3299
Rouse2016	clancheck_fail	0.4812
Rouse2016	clancheck_fail	0.5158
Rouse2016	clancheck_fail	0.2034
Rouse2016	clancheck_fail	0.56
Rouse2016	clancheck_fail	0.4068
Rouse2016	clancheck_fail	0.2048
Rouse2016	clancheck_fail	0.2392
Rouse2016	clancheck_fail	0.174
Rouse2016	clancheck_fail	0.3512
Rouse2016	clancheck_fail	0.4708
Rouse2016	clancheck_fail	0.686
Rouse2016	clancheck_fail	0.5894
Rouse2016	clancheck_fail	0.2792
Rouse2016	clancheck_fail	0.3421
Rouse2016	clancheck_fail	0.3035
Rouse2016	clancheck_fail	0.6817
Rouse2016	clancheck_fail	0.3321
Rouse2016	clancheck_fail	0.3125
Rouse2016	clancheck_fail	0.5486
Rouse2016	clancheck_fail	0.2676
Rouse2016	clancheck_fail	0.7251
Rouse2016	clancheck_fail	0.2325
Rouse2016	clancheck_fail	0.1462
Rouse2016	clancheck_fail	0.7817
Rouse2016	clancheck_fail	0.5569
Rouse2016	clancheck_fail	0.3975
Rouse2016	clancheck_fail	0.3306
Rouse2016	clancheck_fail	0.5096
Rouse2016	clancheck_fail	0.3325
Rouse2016	clancheck_fail	1.0325
Rouse2016	clancheck_fail	0.2721
Rouse2016	clancheck_fail	0.5887
Rouse2016	clancheck_fail	0.174
Rouse2016	clancheck_fail	0.3978
Rouse2016	clancheck_fail	0.2586
Rouse2016	clancheck_fail	0.3989
Rouse2016	clancheck_fail	0.693
Rouse2016	clancheck_fail	0.3347
Rouse2016	clancheck_fail	0.7313
Rouse2016	clancheck_fail	0.5579
Rouse2016	clancheck_fail	0.2823
Rouse2016	clancheck_fail	0.2182
Rouse2016	clancheck_fail	0.1845
Rouse2016	clancheck_fail	0.4334
Rouse2016	clancheck_fail	0.5603
Rouse2016	clancheck_fail	0.0978
Rouse2016	clancheck_fail	0.4567
Rouse2016	clancheck_fail	0.5505
Rouse2016	clancheck_fail	0.4879
Rouse2016	clancheck_fail	0.2463
Rouse2016	clancheck_fail	0.2136
Rouse2016	clancheck_fail	0.8204
Rouse2016	clancheck_fail	0.2598
Rouse2016	clancheck_fail	0.4468
Rouse2016	clancheck_fail	0.5362
Rouse2016	clancheck_fail	0.451
Rouse2016	clancheck_fail	0.3512
Rouse2016	clancheck_fail	0.6924
Rouse2016	clancheck_fail	0.2999
Rouse2016	clancheck_fail	1.0163
Rouse2016	clancheck_fail	0.3029
Rouse2016	clancheck_fail	0.3402
Rouse2016	clancheck_fail	0.5182
Rouse2016	clancheck_fail	0.3726
Rouse2016	clancheck_fail	0.823
Rouse2016	clancheck_fail	0.2101
Rouse2016	clancheck_fail	0.4423
Rouse2016	clancheck_fail	0.5502
Rouse2016	clancheck_fail	0.7554
Rouse2016	clancheck_fail	0.7362
Rouse2016	clancheck_fail	3.0512
Rouse2016	clancheck_fail	0.2473
Rouse2016	clancheck_fail	0.7048
Rouse2016	clancheck_fail	0.4666
Rouse2016	clancheck_fail	0.2882
Rouse2016	clancheck_fail	0.4384
Rouse2016	clancheck_fail	0.1504
Rouse2016	clancheck_fail	0.1413
Rouse2016	clancheck_fail	0.279
Rouse2016	clancheck_fail	0.325
Rouse2016	clancheck_fail	0.1681
Rouse2016	clancheck_fail	0.4451
Rouse2016	clancheck_fail	0.396
Rouse2016	clancheck_fail	0.4534
Rouse2016	clancheck_fail	0.4492
Rouse2016	clancheck_fail	0.427
Rouse2016	clancheck_fail	0.3577
Rouse2016	clancheck_fail	0.2785
Rouse2016	clancheck_fail	0.5104
Rouse2016	clancheck_fail	0.2916
Rouse2016	clancheck_fail	0.6445
Rouse2016	clancheck_fail	0.4536
Rouse2016	clancheck_fail	0.3565
Rouse2016	clancheck_fail	0.4142
Rouse2016	clancheck_fail	0.5052
Rouse2016	clancheck_fail	0.4653
Rouse2016	clancheck_fail	0.3264
Rouse2016	clancheck_fail	0.4204
Rouse2016	clancheck_fail	0.2507
Rouse2016	clancheck_fail	0.2574
Rouse2016	clancheck_fail	0.555
Rouse2016	clancheck_fail	0.5704
Rouse2016	clancheck_fail	0.2744
Rouse2016	clancheck_fail	0.445
Rouse2016	clancheck_fail	0.2666
Rouse2016	clancheck_fail	0.3872
Rouse2016	clancheck_fail	0.7356
Rouse2016	clancheck_fail	0.4318
Rouse2016	clancheck_fail	0.4254
Rouse2016	clancheck_fail	0.3564
Rouse2016	clancheck_fail	0.858
Rouse2016	clancheck_fail	0.4793
Rouse2016	clancheck_fail	0.3831
Rouse2016	clancheck_fail	0.9324
Rouse2016	clancheck_fail	0.5811
Rouse2016	clancheck_fail	0.511
Rouse2016	clancheck_fail	0.3464
Rouse2016	clancheck_fail	0.2409
Rouse2016	clancheck_fail	0.2718
Rouse2016	clancheck_fail	0.2654
Rouse2016	clancheck_fail	0.6009
Rouse2016	clancheck_fail	0.3639
Rouse2016	clancheck_fail	0.3121
Rouse2016	clancheck_fail	0.2612
Rouse2016	clancheck_fail	0.4228
Rouse2016	clancheck_fail	0.5491
Rouse2016	clancheck_fail	0.4017
Rouse2016	clancheck_fail	0.2733
Rouse2016	clancheck_fail	0.3574
Rouse2016	clancheck_fail	0.3124
Rouse2016	clancheck_fail	0.5111
Rouse2016	clancheck_fail	0.2046
Rouse2016	clancheck_fail	0.2563
Rouse2016	clancheck_fail	0.4027
Rouse2016	clancheck_fail	0.4427
Rouse2016	clancheck_fail	0.3144
Rouse2016	clancheck_fail	0.7179
Rouse2016	clancheck_fail	0.486
Rouse2016	clancheck_fail	0.2751
Rouse2016	clancheck_fail	0.5565
Rouse2016	clancheck_fail	0.2783
Rouse2016	clancheck_fail	0.6959
Rouse2016	clancheck_fail	0.4964
Rouse2016	clancheck_fail	0.3862
Rouse2016	clancheck_fail	0.3144
Rouse2016	clancheck_fail	0.7391
Rouse2016	clancheck_fail	0.3694
Rouse2016	clancheck_fail	0.3254
Rouse2016	clancheck_fail	0.8014
Rouse2016	clancheck_fail	0.1403
Rouse2016	clancheck_fail	0.3361
Rouse2016	clancheck_fail	0.5243
Rouse2016	clancheck_fail	0.5186
Rouse2016	clancheck_fail	0.9137
Rouse2016	clancheck_fail	0.3261
Rouse2016	clancheck_fail	0.3486
Rouse2016	clancheck_fail	0.5022
Rouse2016	clancheck_fail	0.8766
Rouse2016	clancheck_fail	0.2372
Rouse2016	clancheck_fail	0.316
Rouse2016	clancheck_fail	0.3113
Rouse2016	clancheck_fail	0.5218
Rouse2016	clancheck_fail	0.2999
Rouse2016	clancheck_fail	0.2574
Rouse2016	clancheck_fail	0.5605
Rouse2016	clancheck_fail	0.5064
Rouse2016	clancheck_fail	0.2473
Rouse2016	clancheck_fail	0.3167
Rouse2016	clancheck_fail	0.3693
Rouse2016	clancheck_fail	0.3473
Rouse2016	clancheck_fail	0.2721
Rouse2016	clancheck_fail	0.3253
Rouse2016	clancheck_fail	0.5933
Rouse2016	clancheck_fail	0.2524
Rouse2016	clancheck_fail	0.5326
Rouse2016	clancheck_fail	0.5772
Rouse2016	clancheck_fail	0.4074
Rouse2016	clancheck_fail	0.3972
Rouse2016	clancheck_fail	0.1974
Rouse2016	clancheck_fail	0.3249
Rouse2016	clancheck_fail	0.2546
Rouse2016	clancheck_fail	0.2125
Rouse2016	clancheck_fail	0.2385
Rouse2016	clancheck_fail	0.4167
Rouse2016	clancheck_fail	0.4141
Rouse2016	clancheck_fail	0.2574
Rouse2016	clancheck_fail	0.2462
Rouse2016	clancheck_fail	0.3032
Rouse2016	clancheck_fail	0.2793
Rouse2016	clancheck_fail	0.3722
Rouse2016	clancheck_fail	0.1744
Rouse2016	clancheck_fail	0.2705
Rouse2016	clancheck_fail	0.4385
Rouse2016	clancheck_fail	0.7825
Rouse2016	clancheck_fail	0.232
Rouse2016	clancheck_fail	0.3459
Rouse2016	clancheck_fail	0.2879
Rouse2016	clancheck_fail	0.9716
Rouse2016	clancheck_fail	0.1659
Rouse2016	clancheck_fail	0.6611
Rouse2016	clancheck_fail	0.2026
Rouse2016	clancheck_fail	0.3234
Rouse2016	clancheck_fail	0.4807
Rouse2016	clancheck_fail	0.626
Rouse2016	clancheck_fail	0.7849
Rouse2016	clancheck_fail	0.3469
Rouse2016	clancheck_fail	0.4123
Rouse2016	clancheck_fail	0.5987
Rouse2016	clancheck_fail	0.1344
Rouse2016	clancheck_fail	0.332
Rouse2016	clancheck_fail	0.5321
Rouse2016	clancheck_fail	0.4174
Rouse2016	clancheck_fail	0.7894
Rouse2016	clancheck_fail	0.3011
Rouse2016	clancheck_fail	0.9011
Rouse2016	clancheck_fail	0.1854
Rouse2016	clancheck_fail	0.1728
Rouse2016	clancheck_fail	0.7555
Rouse2016	clancheck_fail	0.3375
Rouse2016	clancheck_fail	0.236
Rouse2016	clancheck_fail	0.2854
Rouse2016	clancheck_fail	0.5249
Rouse2016	clancheck_fail	0.2328
Rouse2016	clancheck_fail	0.4665
Rouse2016	clancheck_fail	0.3262
Rouse2016	clancheck_fail	0.5384
Rouse2016	clancheck_fail	0.2217
Rouse2016	clancheck_fail	0.3069
Rouse2016	clancheck_fail	0.3525
Rouse2016	clancheck_fail	0.2986
Rouse2016	clancheck_fail	0.6405
Rouse2016	clancheck_fail	0.3629
Rouse2016	clancheck_fail	0.3706
Rouse2016	clancheck_fail	0.3253
Rouse2016	clancheck_fail	0.3116
Rouse2016	clancheck_fail	0.4359
Rouse2016	clancheck_fail	0.2789
Rouse2016	clancheck_fail	0.6374
Rouse2016	clancheck_fail	0.6417
Rouse2016	clancheck_fail	0.2207
Rouse2016	clancheck_fail	0.4759
Rouse2016	clancheck_fail	0.3388
Rouse2016	clancheck_fail	0.4355
Rouse2016	clancheck_fail	0.5056
Rouse2016	clancheck_fail	0.349
Rouse2016	clancheck_fail	0.8572
Rouse2016	clancheck_fail	0.4664
Rouse2016	clancheck_fail	0.2393
Rouse2016	clancheck_fail	0.1946
Rouse2016	clancheck_fail	0.3025
Rouse2016	clancheck_fail	0.4973
Rouse2016	clancheck_fail	0.3989
Rouse2016	clancheck_fail	0.2869
Rouse2016	clancheck_fail	0.6205
Rouse2016	clancheck_fail	0.2405
Rouse2016	clancheck_fail	0.7715
Rouse2016	clancheck_fail	0.3396
Rouse2016	clancheck_fail	0.1961
Rouse2016	clancheck_fail	0.3275
Rouse2016	clancheck_fail	0.3117
Rouse2016	clancheck_fail	0.3788
Rouse2016	clancheck_fail	0.8411
Rouse2016	clancheck_fail	0.3315
Rouse2016	clancheck_fail	0.2999
Rouse2016	clancheck_fail	0.2733
Rouse2016	clancheck_fail	0.2343
Rouse2016	clancheck_fail	0.4462
Rouse2016	clancheck_fail	0.4566
Rouse2016	clancheck_fail	0.5925
Rouse2016	clancheck_fail	0.464
Rouse2016	clancheck_fail	0.2761
Rouse2016	clancheck_fail	0.4779
Rouse2016	clancheck_fail	0.4479
Rouse2016	clancheck_fail	0.4963
Rouse2016	clancheck_fail	0.6842
Rouse2016	clancheck_fail	0.5192
Rouse2016	clancheck_fail	0.2947
Rouse2016	clancheck_fail	0.6439
Rouse2016	clancheck_fail	0.2604
Rouse2016	clancheck_fail	0.547
Rouse2016	clancheck_fail	1.0135
Rouse2016	clancheck_fail	0.383
Rouse2016	clancheck_fail	0.4475
Rouse2016	clancheck_fail	0.5523
Rouse2016	clancheck_fail	0.8391
Rouse2016	clancheck_fail	0.3237
Rouse2016	clancheck_fail	0.3152
Rouse2016	clancheck_fail	0.2114
Rouse2016	clancheck_fail	0.3633
Rouse2016	clancheck_fail	0.3714
Rouse2016	clancheck_fail	0.246
Rouse2016	clancheck_fail	0.2863
Rouse2016	clancheck_fail	0.2862
Rouse2016	clancheck_fail	0.4586
Rouse2016	clancheck_fail	0.524
Rouse2016	clancheck_fail	0.3656
Rouse2016	clancheck_fail	0.2782
Rouse2016	clancheck_fail	0.2442
Rouse2016	clancheck_fail	0.498
Rouse2016	clancheck_fail	0.2394
Rouse2016	clancheck_fail	0.5533
Rouse2016	clancheck_fail	0.3236
Rouse2016	clancheck_fail	0.3968
Rouse2016	clancheck_fail	0.1996
Rouse2016	clancheck_fail	0.7055
Rouse2016	clancheck_fail	1.0996
Rouse2016	clancheck_fail	0.2048
Rouse2016	clancheck_fail	0.4951
Rouse2016	clancheck_fail	0.284
Rouse2016	clancheck_fail	0.2875
Rouse2016	clancheck_fail	0.4305
Rouse2016	clancheck_fail	0.2637
Rouse2016	clancheck_fail	0.321
Rouse2016	clancheck_fail	0.3579
Rouse2016	clancheck_fail	0.3993
Rouse2016	clancheck_fail	0.9548
Rouse2016	clancheck_fail	0.5902
Rouse2016	clancheck_fail	0.3272
Rouse2016	clancheck_fail	0.696
Rouse2016	clancheck_fail	0.3008
Rouse2016	clancheck_fail	0.2568
Rouse2016	clancheck_fail	0.5516
Rouse2016	clancheck_fail	0.871
Rouse2016	clancheck_fail	0.6552
Rouse2016	clancheck_fail	0.3373
Rouse2016	clancheck_fail	0.5873
Rouse2016	clancheck_fail	0.2684
Rouse2016	clancheck_fail	0.2922
Rouse2016	clancheck_fail	0.3812
Rouse2016	clancheck_fail	0.4273
Rouse2016	clancheck_fail	0.2559
Rouse2016	clancheck_fail	0.3138
Rouse2016	clancheck_fail	0.2123
Rouse2016	clancheck_fail	0.1862
Rouse2016	clancheck_fail	0.3854
Rouse2016	clancheck_fail	0.2904
Rouse2016	clancheck_fail	0.3464
Rouse2016	clancheck_fail	0.363
Rouse2016	clancheck_fail	0.2748
Rouse2016	clancheck_fail	0.3855
Rouse2016	clancheck_fail	0.5733
Rouse2016	clancheck_fail	0.4977
Rouse2016	clancheck_fail	0.2872
Rouse2016	clancheck_fail	0.2644
Rouse2016	clancheck_fail	0.5029
Rouse2016	clancheck_fail	0.2447
Rouse2016	clancheck_fail	0.2251
Rouse2016	clancheck_fail	0.3096
Rouse2016	clancheck_fail	0.4125
Rouse2016	clancheck_fail	0.2192
Rouse2016	clancheck_fail	0.6297
Rouse2016	clancheck_fail	0.3643
Rouse2016	clancheck_fail	0.7529
Rouse2016	clancheck_fail	0.2427
Rouse2016	clancheck_fail	0.3633
Rouse2016	clancheck_fail	0.3469
Rouse2016	clancheck_fail	0.5965
Rouse2016	clancheck_fail	0.4789
Rouse2016	clancheck_fail	0.231
Rouse2016	clancheck_fail	0.9312
Rouse2016	clancheck_fail	0.5401
Rouse2016	clancheck_fail	0.4436
Rouse2016	clancheck_fail	0.2533
Rouse2016	clancheck_fail	0.5423
Rouse2016	clancheck_fail	0.4051
Rouse2016	clancheck_fail	1.0262
Rouse2016	clancheck_fail	0.3066
Rouse2016	clancheck_fail	0.3134
Rouse2016	clancheck_fail	0.2719
Rouse2016	clancheck_fail	0.6951
Rouse2016	clancheck_fail	0.2043
Rouse2016	clancheck_fail	0.4704
Rouse2016	clancheck_fail	0.3827
Rouse2016	clancheck_fail	0.2706
Rouse2016	clancheck_fail	0.211
Rouse2016	clancheck_fail	0.6893
Rouse2016	clancheck_fail	0.4659
Rouse2016	clancheck_fail	0.2126
Rouse2016	clancheck_fail	0.4054
Rouse2016	clancheck_fail	0.4455
Rouse2016	clancheck_fail	0.2449
Rouse2016	clancheck_fail	0.6743
Rouse2016	clancheck_fail	0.2368
Rouse2016	clancheck_fail	0.3283
Rouse2016	clancheck_fail	0.3277
Rouse2016	clancheck_fail	0.203
Rouse2016	clancheck_fail	0.1975
Rouse2016	clancheck_fail	0.3934
Rouse2016	clancheck_fail	0.6683
Rouse2016	clancheck_fail	0.306
Rouse2016	clancheck_fail	0.2074
Rouse2016	clancheck_fail	0.4993
Rouse2016	clancheck_fail	0.227
Rouse2016	clancheck_fail	0.3591
Rouse2016	clancheck_fail	0.241
Rouse2016	clancheck_fail	0.7279
Rouse2016	clancheck_fail	0.2762
Rouse2016	clancheck_fail	0.2148
Rouse2016	clancheck_fail	0.3288
Rouse2016	clancheck_fail	0.3174
Rouse2016	clancheck_fail	0.1444
Rouse2016	clancheck_fail	0.3304
Rouse2016	clancheck_fail	0.9196
Rouse2016	clancheck_fail	0.224
Rouse2016	clancheck_fail	0.3029
Rouse2016	clancheck_fail	0.8933
Rouse2016	clancheck_fail	0.5344
Rouse2016	clancheck_fail	1.0018
Rouse2016	clancheck_fail	0.4619
Rouse2016	clancheck_fail	0.2242
Rouse2016	clancheck_fail	0.9254
Rouse2016	clancheck_fail	0.5279
Rouse2016	clancheck_fail	0.2084
Rouse2016	clancheck_fail	0.417
Rouse2016	clancheck_fail	0.418
Rouse2016	clancheck_fail	0.4387
Rouse2016	clancheck_fail	0.2362
Rouse2016	clancheck_fail	0.2261
Rouse2016	clancheck_fail	0.8127
Rouse2016	clancheck_fail	0.304
Rouse2016	clancheck_fail	0.155
Rouse2016	clancheck_fail	0.3528
Rouse2016	clancheck_fail	0.4815
Rouse2016	clancheck_fail	0.331
Rouse2016	clancheck_fail	0.2952
Rouse2016	clancheck_fail	0.3851
Rouse2016	clancheck_fail	0.4644
Rouse2016	clancheck_fail	0.9632
Rouse2016	clancheck_fail	0.2507
Rouse2016	clancheck_fail	0.3312
Rouse2016	clancheck_fail	0.2801
Rouse2016	clancheck_fail	0.1384
Rouse2016	clancheck_fail	0.5753
Rouse2016	clancheck_fail	0.3259
Rouse2016	clancheck_fail	0.4222
Rouse2016	clancheck_fail	0.2149
Rouse2016	clancheck_fail	0.3897
Rouse2016	clancheck_fail	0.1147
Rouse2016	clancheck_fail	0.3943
Rouse2016	clancheck_fail	0.3486
Rouse2016	clancheck_fail	0.1665
Rouse2016	clancheck_fail	1.4369
Rouse2016	clancheck_fail	0.299
Rouse2016	clancheck_fail	0.2066
Rouse2016	clancheck_fail	0.3329
Rouse2016	clancheck_fail	0.7405
Rouse2016	clancheck_fail	0.4734
Rouse2016	clancheck_fail	0.2697
Rouse2016	clancheck_fail	0.3862
Rouse2016	clancheck_fail	0.6596
Rouse2016	clancheck_fail	0.3126
Rouse2016	clancheck_fail	0.4395
Rouse2016	clancheck_fail	0.2465
Rouse2016	clancheck_fail	0.1968
Rouse2016	clancheck_fail	0.2382
Rouse2016	clancheck_fail	0.4478
Rouse2016	clancheck_fail	0.2179
Rouse2016	clancheck_fail	0.5061
Rouse2016	clancheck_fail	0.3733
Rouse2016	clancheck_fail	0.4856
Rouse2016	clancheck_fail	0.4295
Rouse2016	clancheck_fail	0.2928
Rouse2016	clancheck_fail	0.2827
Rouse2016	clancheck_fail	0.5502
Rouse2016	clancheck_fail	0.2959
Rouse2016	clancheck_fail	0.2985
Rouse2016	clancheck_fail	0.2159
Rouse2016	clancheck_fail	0.3578
Rouse2016	clancheck_fail	0.4808
Rouse2016	clancheck_fail	0.2768
Rouse2016	clancheck_fail	0.1636
Rouse2016	clancheck_fail	0.2468
Rouse2016	clancheck_fail	0.5561
Rouse2016	clancheck_fail	0.2318
Rouse2016	clancheck_fail	0.3841
Rouse2016	clancheck_fail	0.3133
Rouse2016	clancheck_fail	1.0227
Rouse2016	clancheck_fail	0.5137
Rouse2016	clancheck_fail	0.5172
Rouse2016	clancheck_fail	0.2478
Rouse2016	clancheck_fail	0.2719
Rouse2016	clancheck_fail	0.3257
Rouse2016	clancheck_fail	0.2971
Rouse2016	clancheck_fail	0.1571
Rouse2016	clancheck_fail	0.2299
Rouse2016	clancheck_fail	0.2028
Rouse2016	clancheck_fail	0.6696
Rouse2016	clancheck_fail	0.179
Rouse2016	clancheck_fail	0.4378
Rouse2016	clancheck_fail	0.2843
Rouse2016	clancheck_fail	0.4966
Rouse2016	clancheck_fail	0.3229
Rouse2016	clancheck_fail	0.2668
Rouse2016	clancheck_fail	0.6212
Rouse2016	clancheck_fail	0.294
Rouse2016	clancheck_fail	0.3741
Rouse2016	clancheck_fail	0.2627
Rouse2016	clancheck_fail	0.5996
Rouse2016	clancheck_fail	0.6138
Rouse2016	clancheck_fail	0.3569
Rouse2016	clancheck_fail	0.2258
Rouse2016	clancheck_fail	0.5965
Rouse2016	clancheck_fail	0.3045
Rouse2016	clancheck_fail	0.3872
Rouse2016	clancheck_fail	0.5206
Rouse2016	clancheck_fail	0.2963
Rouse2016	clancheck_fail	1.4642
Rouse2016	clancheck_fail	0.5598
Rouse2016	clancheck_fail	0.655
Rouse2016	clancheck_fail	0.5856
Rouse2016	clancheck_fail	0.2068
Rouse2016	clancheck_fail	0.5819
Rouse2016	clancheck_fail	0.892
Rouse2016	clancheck_fail	0.4815
Rouse2016	clancheck_fail	0.2677
Rouse2016	clancheck_fail	0.2936
Rouse2016	clancheck_fail	0.1883
Rouse2016	clancheck_fail	0.1845
Rouse2016	clancheck_fail	0.7059
Rouse2016	clancheck_fail	0.2488
Rouse2016	clancheck_fail	0.367
Rouse2016	clancheck_fail	0.2959
Rouse2016	clancheck_fail	0.3114
Rouse2016	clancheck_fail	0.2464
Rouse2016	clancheck_fail	0.3883
Rouse2016	clancheck_fail	0.3815
Rouse2016	clancheck_fail	0.2577
Rouse2016	clancheck_fail	0.5399
Rouse2016	clancheck_fail	0.2295
Rouse2016	clancheck_fail	0.0967
Rouse2016	clancheck_fail	0.2346
Rouse2016	clancheck_fail	0.7722
Rouse2016	clancheck_fail	0.2807
Rouse2016	clancheck_fail	0.7303
Rouse2016	clancheck_fail	1.1218
Rouse2016	clancheck_fail	0.3051
Rouse2016	clancheck_fail	0.4344
Rouse2016	clancheck_fail	0.3776
Rouse2016	clancheck_fail	0.0752
Rouse2016	clancheck_fail	0.3272
Rouse2016	clancheck_fail	0.2512
Rouse2016	clancheck_fail	0.2422
Rouse2016	clancheck_fail	0.3119
Rouse2016	clancheck_fail	0.4009
Rouse2016	clancheck_fail	0.2939
Rouse2016	clancheck_fail	0.3436
Rouse2016	clancheck_fail	0.238
Rouse2016	clancheck_fail	0.2954
Rouse2016	clancheck_fail	0.5086
Rouse2016	clancheck_fail	0.3063
Rouse2016	clancheck_fail	0.4945
Rouse2016	clancheck_fail	0.6096
Rouse2016	clancheck_fail	0.2665
Rouse2016	clancheck_fail	0.2787
Rouse2016	clancheck_fail	0.607
Rouse2016	clancheck_fail	0.2877
Rouse2016	clancheck_fail	0.4036
Rouse2016	clancheck_fail	0.2961
Rouse2016	clancheck_fail	0.5625
Rouse2016	clancheck_fail	0.5629
Rouse2016	clancheck_fail	1.0716
Rouse2016	clancheck_fail	0.359
Rouse2016	clancheck_fail	0.2948
Rouse2016	clancheck_fail	0.3665
Rouse2016	clancheck_fail	0.2074
Rouse2016	clancheck_fail	0.2717
Rouse2016	clancheck_fail	0.3604
Rouse2016	clancheck_fail	0.4597
Rouse2016	clancheck_fail	0.5502
Rouse2016	clancheck_fail	0.663
Rouse2016	clancheck_fail	0.3024
Rouse2016	clancheck_fail	0.3367
Rouse2016	clancheck_fail	0.3455
Rouse2016	clancheck_fail	0.6626
Rouse2016	clancheck_fail	0.1996
Rouse2016	clancheck_fail	0.2758
Rouse2016	clancheck_fail	0.3671
Rouse2016	clancheck_fail	0.637
Rouse2016	clancheck_fail	0.2984
Rouse2016	clancheck_fail	0.6437
Rouse2016	clancheck_fail	0.45
Rouse2016	clancheck_fail	0.3272
Rouse2016	clancheck_fail	0.29
Rouse2016	clancheck_fail	0.2263
Rouse2016	clancheck_fail	0.2381
Rouse2016	clancheck_fail	0.2949
Rouse2016	clancheck_fail	0.3145
Rouse2016	clancheck_fail	0.3229
Rouse2016	clancheck_fail	0.2637
Rouse2016	clancheck_fail	0.4395
Rouse2016	clancheck_fail	1.1871
Rouse2016	clancheck_fail	0.198
Rouse2016	clancheck_fail	0.3577
Rouse2016	clancheck_fail	0.9042
Rouse2016	clancheck_fail	0.7806
Rouse2016	clancheck_fail	0.5919
Rouse2016	clancheck_fail	0.5615
Rouse2016	clancheck_fail	0.3556
Rouse2016	clancheck_fail	0.5316
Rouse2016	clancheck_fail	0.2508
Rouse2016	clancheck_fail	0.4085
Rouse2016	clancheck_fail	0.1956
Rouse2016	clancheck_fail	0.3948
Rouse2016	clancheck_fail	0.3161
Rouse2016	clancheck_fail	0.3061
Rouse2016	clancheck_fail	1.2514
Rouse2016	clancheck_fail	0.3952
Rouse2016	clancheck_fail	0.5675
Rouse2016	clancheck_fail	0.8047
Rouse2016	clancheck_fail	0.8959
Rouse2016	clancheck_fail	0.215
Rouse2016	clancheck_fail	0.3356
Rouse2016	clancheck_fail	0.834
Rouse2016	clancheck_fail	0.8137
Rouse2016	clancheck_fail	0.1699
Rouse2016	clancheck_fail	0.3191
Rouse2016	clancheck_fail	0.3226
Rouse2016	clancheck_fail	0.5356
Rouse2016	clancheck_fail	0.388
Rouse2016	clancheck_fail	0.4466
Rouse2016	clancheck_fail	0.2952
Rouse2016	clancheck_fail	0.3412
Rouse2016	clancheck_fail	0.1936
Rouse2016	clancheck_fail	0.1941
Rouse2016	clancheck_fail	0.1977
Rouse2016	clancheck_fail	0.8789
Rouse2016	clancheck_fail	1.2649
Rouse2016	clancheck_fail	0.2495
Rouse2016	clancheck_fail	0.3645
Rouse2016	clancheck_fail	0.2753
Rouse2016	clancheck_fail	1.1267
Rouse2016	clancheck_fail	0.4656
Rouse2016	clancheck_fail	0.4812
Rouse2016	clancheck_fail	0.6088
Rouse2016	clancheck_fail	0.2615
Rouse2016	clancheck_fail	0.2317
Rouse2016	clancheck_fail	0.2478
Rouse2016	clancheck_fail	0.4504
Rouse2016	clancheck_fail	0.278
Rouse2016	clancheck_fail	0.6286
Rouse2016	clancheck_fail	0.1722
Rouse2016	clancheck_fail	0.9219
Rouse2016	clancheck_fail	0.2786
Rouse2016	clancheck_fail	0.3107
Rouse2016	clancheck_fail	0.4048
Rouse2016	clancheck_fail	0.5918
Rouse2016	clancheck_fail	0.2541
Rouse2016	clancheck_fail	0.3919
Rouse2016	clancheck_fail	0.3043
Rouse2016	clancheck_fail	1.0215
Rouse2016	clancheck_fail	0.2403
Rouse2016	clancheck_fail	0.362
Rouse2016	clancheck_fail	0.4113
Rouse2016	clancheck_fail	0.3574
Rouse2016	clancheck_fail	0.7645
Rouse2016	clancheck_fail	0.2724
Rouse2016	clancheck_fail	0.4362
Rouse2016	clancheck_fail	0.1941
Rouse2016	clancheck_fail	0.5492
Rouse2016	clancheck_fail	0.3837
Rouse2016	clancheck_fail	0.3609
Rouse2016	clancheck_fail	0.4694
Rouse2016	clancheck_fail	0.4171
Rouse2016	clancheck_fail	0.5647
Rouse2016	clancheck_fail	0.6826
Rouse2016	clancheck_fail	0.5474
Rouse2016	clancheck_fail	0.5021
Rouse2016	clancheck_fail	0.3116
Rouse2016	clancheck_fail	0.5313
Rouse2016	clancheck_fail	0.5476
Rouse2016	clancheck_fail	0.3941
Rouse2016	clancheck_fail	0.2131
Rouse2016	clancheck_fail	0.6373
Rouse2016	clancheck_fail	0.6383
Rouse2016	clancheck_fail	0.7388
Rouse2016	clancheck_fail	0.1981
Rouse2016	clancheck_fail	0.1333
Rouse2016	clancheck_fail	0.9116
Rouse2016	clancheck_fail	0.5779
Rouse2016	clancheck_fail	0.4236
Rouse2016	clancheck_fail	0.8454
Rouse2016	clancheck_fail	0.2099
Rouse2016	clancheck_fail	0.211
Rouse2016	clancheck_fail	0.7432
Rouse2016	clancheck_fail	0.4403
Rouse2016	clancheck_fail	0.2087
Rouse2016	clancheck_fail	0.4831
Rouse2016	clancheck_fail	0.5982
Rouse2016	clancheck_fail	0.5772
Rouse2016	clancheck_fail	0.3515
Rouse2016	clancheck_fail	0.32
Rouse2016	clancheck_fail	0.4973
Rouse2016	clancheck_fail	0.4037
Rouse2016	clancheck_fail	0.2076
Rouse2016	clancheck_fail	0.2651
Rouse2016	clancheck_fail	0.2882
Rouse2016	clancheck_fail	0.1674
Rouse2016	clancheck_fail	0.3991
Rouse2016	clancheck_fail	0.3096
Rouse2016	clancheck_fail	0.5463
Rouse2016	clancheck_fail	0.1783
Rouse2016	clancheck_fail	0.3579
Rouse2016	clancheck_fail	0.2946
Rouse2016	clancheck_fail	0.3351
Rouse2016	clancheck_fail	0.4158
Rouse2016	clancheck_fail	0.5044
Rouse2016	clancheck_fail	0.2364
Rouse2016	clancheck_fail	0.5977
Rouse2016	clancheck_fail	0.3374
Rouse2016	clancheck_fail	0.3681
Rouse2016	clancheck_fail	0.6873
Rouse2016	clancheck_fail	0.1513
Rouse2016	clancheck_fail	0.4304
Rouse2016	clancheck_fail	0.9859
Rouse2016	clancheck_fail	0.1602
Rouse2016	clancheck_fail	0.1772
Rouse2016	clancheck_fail	0.2427
Rouse2016	clancheck_fail	0.5722
Rouse2016	clancheck_fail	1.1516
Rouse2016	clancheck_fail	0.4565
Rouse2016	clancheck_fail	0.2202
Rouse2016	clancheck_fail	0.222
Rouse2016	clancheck_fail	0.4258
Rouse2016	clancheck_fail	0.4934
Rouse2016	clancheck_fail	0.3705
Rouse2016	clancheck_fail	0.5704
Rouse2016	clancheck_fail	0.4953
Rouse2016	clancheck_fail	0.7279
Rouse2016	clancheck_fail	0.5498
Rouse2016	clancheck_fail	0.4251
Rouse2016	clancheck_fail	0.5827
Rouse2016	clancheck_fail	0.2112
Rouse2016	clancheck_fail	0.3793
Rouse2016	clancheck_fail	0.3202
Rouse2016	clancheck_fail	1.2266
Rouse2016	clancheck_fail	0.5073
Rouse2016	clancheck_fail	0.1517
Rouse2016	clancheck_fail	0.4021
Rouse2016	clancheck_fail	0.2634
Rouse2016	clancheck_fail	0.6958
Rouse2016	clancheck_fail	0.6755
Rouse2016	clancheck_fail	0.2749
Rouse2016	clancheck_fail	0.3301
Rouse2016	clancheck_fail	0.8376
Rouse2016	clancheck_fail	0.3435
Rouse2016	clancheck_fail	0.361
Rouse2016	clancheck_fail	0.3868
Rouse2016	clancheck_fail	0.1002
Rouse2016	clancheck_fail	0.5748
Rouse2016	clancheck_fail	0.289
Rouse2016	clancheck_fail	1.1045
Rouse2016	clancheck_fail	0.3028
Rouse2016	clancheck_fail	0.7908
Rouse2016	clancheck_fail	0.1929
Rouse2016	clancheck_fail	0.7122
Rouse2016	clancheck_fail	0.2061
Rouse2016	clancheck_fail	0.4362
Rouse2016	clancheck_fail	0.3114
Rouse2016	clancheck_fail	0.1407
Rouse2016	clancheck_fail	0.3174
Rouse2016	clancheck_fail	0.313
Rouse2016	clancheck_fail	0.3543
Rouse2016	clancheck_fail	0.3629
Rouse2016	clancheck_fail	0.3243
Rouse2016	clancheck_fail	0.5435
Rouse2016	clancheck_fail	0.3809
Rouse2016	clancheck_fail	0.3115
Rouse2016	clancheck_fail	0.4108
Rouse2016	clancheck_fail	0.8172
Rouse2016	clancheck_fail	0.7185
Rouse2016	clancheck_fail	0.4545
Rouse2016	clancheck_fail	0.2064
Rouse2016	clancheck_fail	0.1693
Rouse2016	clancheck_fail	0.3367
Rouse2016	clancheck_fail	0.4521
Rouse2016	clancheck_fail	0.34
Rouse2016	clancheck_fail	0.1904
Rouse2016	clancheck_fail	0.7582
Rouse2016	clancheck_fail	0.3142
Rouse2016	clancheck_fail	0.1572
Rouse2016	clancheck_fail	0.4784
Rouse2016	clancheck_fail	0.323
Rouse2016	clancheck_fail	0.2728
Rouse2016	clancheck_fail	0.3609
Rouse2016	clancheck_fail	0.331
Rouse2016	clancheck_fail	0.5746
Rouse2016	clancheck_fail	0.6583
Rouse2016	clancheck_fail	0.2207
Rouse2016	clancheck_fail	0.7364
Rouse2016	clancheck_fail	0.3355
Rouse2016	clancheck_fail	0.372
Rouse2016	clancheck_fail	0.3233
Rouse2016	clancheck_fail	0.4523
Rouse2016	clancheck_fail	0.4358
Rouse2016	clancheck_fail	0.4815
Rouse2016	clancheck_fail	0.3235
Rouse2016	clancheck_fail	0.4608
Rouse2016	clancheck_fail	0.2233
Rouse2016	clancheck_fail	0.9869
Rouse2016	clancheck_fail	0.3723
Rouse2016	clancheck_fail	0.8239
Rouse2016	clancheck_fail	0.3241
Rouse2016	clancheck_fail	0.256
Rouse2016	clancheck_fail	0.309
Rouse2016	clancheck_fail	0.3111
Rouse2016	clancheck_fail	0.3212
Rouse2016	clancheck_fail	0.3585
Rouse2016	clancheck_fail	0.2408
Rouse2016	clancheck_fail	0.2208
Rouse2016	clancheck_fail	0.2507
Rouse2016	clancheck_fail	0.2862
Rouse2016	clancheck_fail	1.4721
Rouse2016	clancheck_fail	0.2037
Rouse2016	clancheck_fail	0.4189
Rouse2016	clancheck_fail	0.1498
Rouse2016	clancheck_fail	0.4072
Rouse2016	clancheck_fail	0.6288
Rouse2016	clancheck_fail	0.2317
Rouse2016	clancheck_fail	1.0145
Rouse2016	clancheck_fail	0.3356
Rouse2016	clancheck_fail	0.835
Rouse2016	clancheck_fail	0.2676
Rouse2016	clancheck_fail	0.4644
Rouse2016	clancheck_fail	0.247
Rouse2016	clancheck_fail	0.3278
Rouse2016	clancheck_fail	0.6735
Rouse2016	clancheck_fail	0.7428
Rouse2016	clancheck_fail	0.5541
Rouse2016	clancheck_fail	0.2359
Rouse2016	clancheck_fail	0.5281
Rouse2016	clancheck_fail	0.5005
Rouse2016	clancheck_fail	0.6229
Rouse2016	clancheck_fail	0.4483
Rouse2016	clancheck_fail	0.2656
Rouse2016	clancheck_fail	0.5415
Rouse2016	clancheck_fail	0.7864
Rouse2016	clancheck_fail	0.7092
Rouse2016	clancheck_fail	0.5311
Rouse2016	clancheck_fail	0.3577
Rouse2016	clancheck_fail	0.63
Rouse2016	clancheck_fail	0.2642
Rouse2016	clancheck_fail	0.364
Rouse2016	clancheck_fail	0.6147
Rouse2016	clancheck_fail	0.3067
Rouse2016	clancheck_fail	0.5875
Rouse2016	clancheck_fail	0.4145
Rouse2016	clancheck_fail	0.3506
Rouse2016	clancheck_fail	0.4456
Rouse2016	clancheck_fail	0.2395
Rouse2016	clancheck_fail	0.298
Rouse2016	clancheck_fail	0.4419
Rouse2016	clancheck_fail	0.4016
Rouse2016	clancheck_fail	0.1644
Rouse2016	clancheck_fail	0.5067
Rouse2016	clancheck_fail	0.3067
Rouse2016	clancheck_fail	0.4
Rouse2016	clancheck_fail	0.2529
Rouse2016	clancheck_fail	0.4635
Rouse2016	clancheck_fail	0.2007
Rouse2016	clancheck_fail	0.1587
Rouse2016	clancheck_fail	0.493
Rouse2016	clancheck_fail	0.4536
Rouse2016	clancheck_fail	0.397
Rouse2016	clancheck_fail	0.6398
Rouse2016	clancheck_fail	0.4872
Rouse2016	clancheck_fail	0.3184
Rouse2016	clancheck_fail	0.2118
Rouse2016	clancheck_fail	0.3778
Rouse2016	clancheck_fail	1.9286
Rouse2016	clancheck_fail	0.7633
Rouse2016	clancheck_fail	0.2376
Rouse2016	clancheck_fail	0.343
Rouse2016	clancheck_fail	0.6101
Rouse2016	clancheck_fail	0.5006
Rouse2016	clancheck_fail	0.2597
Rouse2016	clancheck_fail	0.4954
Rouse2016	clancheck_fail	1.2178
Rouse2016	clancheck_fail	1.0065
Rouse2016	clancheck_fail	0.2985
Rouse2016	clancheck_fail	0.325
Rouse2016	clancheck_fail	0.5638
Rouse2016	clancheck_fail	0.3806
Rouse2016	clancheck_fail	0.5594
Rouse2016	clancheck_fail	0.3901
Rouse2016	clancheck_fail	0.283
Rouse2016	clancheck_fail	0.3942
Rouse2016	clancheck_fail	0.6443
Rouse2016	clancheck_fail	0.323
Rouse2016	clancheck_fail	0.5255
Rouse2016	clancheck_fail	0.6605
Rouse2016	clancheck_fail	0.4496
Rouse2016	clancheck_fail	0.288
Rouse2016	clancheck_fail	0.3572
Rouse2016	clancheck_fail	0.3457
Rouse2016	clancheck_fail	0.3978
Rouse2016	clancheck_fail	0.4674
Rouse2016	clancheck_fail	0.1982
Rouse2016	clancheck_fail	0.2202
Rouse2016	clancheck_fail	0.1991
Rouse2016	clancheck_fail	0.6467
Rouse2016	clancheck_fail	0.7028
Rouse2016	clancheck_fail	0.2995
Rouse2016	clancheck_fail	0.3484
Rouse2016	clancheck_fail	0.3025
Rouse2016	clancheck_fail	0.3717
Rouse2016	clancheck_fail	0.4638
Rouse2016	clancheck_fail	0.3739
Rouse2016	clancheck_fail	0.6792
Rouse2016	clancheck_fail	1.7987
Rouse2016	clancheck_fail	0.3668
Rouse2016	clancheck_fail	0.4
Rouse2016	clancheck_fail	0.6515
Rouse2016	clancheck_fail	0.366
Rouse2016	clancheck_fail	0.7402
Rouse2016	clancheck_fail	0.2648
Rouse2016	clancheck_fail	0.5772
Rouse2016	clancheck_fail	0.5232
Rouse2016	clancheck_fail	0.4661
Rouse2016	clancheck_fail	0.3234
Rouse2016	clancheck_fail	0.5974
Rouse2016	clancheck_fail	0.4537
Rouse2016	clancheck_fail	0.5926
Rouse2016	clancheck_fail	0.475
Rouse2016	clancheck_fail	0.6326
Rouse2016	clancheck_fail	0.6229
Rouse2016	clancheck_fail	0.5604
Rouse2016	clancheck_fail	0.2264
Rouse2016	clancheck_fail	0.2741
Rouse2016	clancheck_fail	0.2548
Rouse2016	clancheck_fail	0.5432
Rouse2016	clancheck_fail	0.6269
Rouse2016	clancheck_fail	0.4172
Rouse2016	clancheck_fail	0.3819
Rouse2016	clancheck_fail	0.3032
Rouse2016	clancheck_fail	0.4278
Rouse2016	clancheck_fail	0.2108
Rouse2016	clancheck_fail	0.4268
Rouse2016	clancheck_fail	0.2451
Rouse2016	clancheck_fail	0.5071
Rouse2016	clancheck_fail	0.3256
Rouse2016	clancheck_fail	0.3048
Rouse2016	clancheck_fail	0.7176
Rouse2016	clancheck_fail	0.2566
Rouse2016	clancheck_fail	0.5075
Rouse2016	clancheck_fail	0.1539
Rouse2016	clancheck_fail	0.3439
Rouse2016	clancheck_fail	0.2721
Rouse2016	clancheck_fail	0.5048
Rouse2016	clancheck_fail	0.6665
Rouse2016	clancheck_fail	0.1954
Rouse2016	clancheck_fail	0.329
Rouse2016	clancheck_fail	0.4209
Rouse2016	clancheck_fail	0.4241
Rouse2016	clancheck_fail	0.3724
Rouse2016	clancheck_fail	0.2616
Rouse2016	clancheck_fail	0.4154
Rouse2016	clancheck_fail	0.3049
Rouse2016	clancheck_fail	0.221
Rouse2016	clancheck_fail	0.5213
Rouse2016	clancheck_fail	0.3546
Rouse2016	clancheck_fail	0.2224
Rouse2016	clancheck_fail	0.8154
Rouse2016	clancheck_fail	0.3489
Rouse2016	clancheck_fail	0.3051
Rouse2016	clancheck_fail	0.2783
Rouse2016	clancheck_fail	1.054
Rouse2016	clancheck_fail	0.3616
Rouse2016	clancheck_fail	0.3813
Rouse2016	clancheck_fail	0.2741
Rouse2016	clancheck_fail	0.2074
Rouse2016	clancheck_fail	0.3723
Rouse2016	clancheck_fail	0.535
Rouse2016	clancheck_fail	0.2168
Rouse2016	clancheck_fail	0.6281
Rouse2016	clancheck_fail	0.3593
Rouse2016	clancheck_fail	0.6545
Rouse2016	clancheck_fail	0.2852
Rouse2016	clancheck_fail	0.5758
Rouse2016	clancheck_fail	0.2699
Rouse2016	clancheck_fail	0.224
Rouse2016	clancheck_fail	0.3907
Rouse2016	clancheck_fail	0.725
Rouse2016	clancheck_fail	0.3473
Rouse2016	clancheck_fail	0.258
Rouse2016	clancheck_fail	0.43
Rouse2016	clancheck_fail	0.2935
Rouse2016	clancheck_fail	0.4696
Rouse2016	clancheck_fail	0.3357
Rouse2016	clancheck_fail	0.3663
Rouse2016	clancheck_fail	0.4921
Rouse2016	clancheck_fail	0.2988
Rouse2016	clancheck_fail	0.2294
Rouse2016	clancheck_fail	0.3741
Rouse2016	clancheck_fail	0.2244
Rouse2016	clancheck_fail	0.2228
Rouse2016	clancheck_fail	0.2211
Rouse2016	clancheck_fail	0.3423
Rouse2016	clancheck_fail	0.3553
Rouse2016	clancheck_fail	0.288
Rouse2016	clancheck_fail	1.0612
Rouse2016	clancheck_fail	0.3872
Rouse2016	clancheck_fail	0.4297
Rouse2016	clancheck_fail	0.2485
Rouse2016	clancheck_fail	0.2951
Rouse2016	clancheck_fail	0.4192
Rouse2016	clancheck_fail	0.6324
Rouse2016	clancheck_fail	0.2185
Rouse2016	clancheck_fail	0.4161
Rouse2016	clancheck_fail	0.4661
Rouse2016	clancheck_fail	0.9751
Rouse2016	clancheck_fail	0.2674
Rouse2016	clancheck_fail	0.2343
Rouse2016	clancheck_fail	0.3067
Rouse2016	clancheck_fail	0.322
Rouse2016	clancheck_fail	0.2014
Rouse2016	clancheck_fail	0.3612
Rouse2016	clancheck_fail	0.4601
Rouse2016	clancheck_fail	0.3246
Rouse2016	clancheck_fail	0.3209
Rouse2016	clancheck_fail	0.3871
Rouse2016	clancheck_fail	0.5236
Rouse2016	clancheck_fail	0.5238
Rouse2016	clancheck_fail	0.4321
Rouse2016	clancheck_fail	0.4703
Rouse2016	clancheck_fail	1.1367
Rouse2016	clancheck_fail	0.6017
Rouse2016	clancheck_fail	0.3899
Rouse2016	clancheck_fail	1.3944
Rouse2016	clancheck_fail	0.2758
Rouse2016	clancheck_fail	0.5753
Rouse2016	clancheck_fail	0.3143
Rouse2016	clancheck_fail	0.1445
Rouse2016	clancheck_fail	0.6102
Rouse2016	clancheck_fail	0.6107
Rouse2016	clancheck_fail	0.7346
Rouse2016	clancheck_fail	0.1273
Rouse2016	clancheck_fail	0.3815
Rouse2016	clancheck_fail	0.5705
Rouse2016	clancheck_fail	0.3069
Rouse2016	clancheck_fail	0.3697
Rouse2016	clancheck_fail	0.5787
Rouse2016	clancheck_fail	0.2493
Rouse2016	clancheck_fail	0.3313
Rouse2016	clancheck_fail	0.5819
Rouse2016	clancheck_fail	0.4144
Rouse2016	clancheck_fail	0.4344
Rouse2016	clancheck_fail	0.8003
Rouse2016	clancheck_fail	0.2073
Rouse2016	clancheck_fail	0.5395
Rouse2016	clancheck_fail	0.3285
Rouse2016	clancheck_fail	0.3076
Rouse2016	clancheck_fail	0.3467
Rouse2016	clancheck_fail	0.5764
Rouse2016	clancheck_fail	0.2903
Rouse2016	clancheck_fail	0.2741
Rouse2016	clancheck_fail	0.2618
Rouse2016	clancheck_fail	0.404
Rouse2016	clancheck_fail	0.7839
Rouse2016	clancheck_fail	0.2601
Rouse2016	clancheck_fail	0.5507
Rouse2016	clancheck_fail	0.2362
Rouse2016	clancheck_fail	0.2715
Rouse2016	clancheck_fail	0.769
Rouse2016	clancheck_fail	0.3436
Rouse2016	clancheck_fail	0.3526
Rouse2016	clancheck_fail	0.2917
Rouse2016	clancheck_fail	0.4994
Rouse2016	clancheck_fail	0.4149
Rouse2016	clancheck_fail	0.1478
Rouse2016	clancheck_fail	0.463
Rouse2016	clancheck_fail	0.2855
Rouse2016	clancheck_fail	0.2502
Rouse2016	clancheck_fail	0.1651
Rouse2016	clancheck_fail	0.3093
Rouse2016	clancheck_fail	0.4719
Rouse2016	clancheck_fail	0.2362
Rouse2016	clancheck_fail	0.2335
Rouse2016	clancheck_fail	0.1516
Rouse2016	clancheck_fail	0.9648
Rouse2016	clancheck_fail	0.2292
Rouse2016	clancheck_fail	0.3922
Rouse2016	clancheck_fail	0.2895
Rouse2016	clancheck_fail	0.431
Rouse2016	clancheck_fail	1.0546
Rouse2016	clancheck_fail	0.2033
Rouse2016	clancheck_fail	0.1808
Rouse2016	clancheck_fail	1.8379
Rouse2016	clancheck_fail	0.351
Rouse2016	clancheck_fail	0.2656
Rouse2016	clancheck_fail	0.388
Rouse2016	clancheck_fail	0.4211
Rouse2016	clancheck_fail	0.5957
Rouse2016	clancheck_fail	0.3351
Rouse2016	clancheck_fail	0.2035
Rouse2016	clancheck_fail	0.6403
Rouse2016	clancheck_fail	0.3217
Rouse2016	clancheck_fail	0.3925
Rouse2016	clancheck_fail	0.2618
Cannon2016	clancheck_pass	1.996
Cannon2016	clancheck_pass	0.9345
Cannon2016	clancheck_pass	1.147
Cannon2016	clancheck_pass	1.0302
Cannon2016	clancheck_pass	1.2244
Cannon2016	clancheck_pass	1.2188
Cannon2016	clancheck_pass	1.5077
Cannon2016	clancheck_pass	1.4747
Cannon2016	clancheck_pass	1.0222
Cannon2016	clancheck_pass	1.1699
Cannon2016	clancheck_pass	1.2524
Cannon2016	clancheck_pass	1.2366
Cannon2016	clancheck_pass	1.7443
Cannon2016	clancheck_pass	1.019
Cannon2016	clancheck_pass	1.2583
Cannon2016	clancheck_pass	1.1029
Cannon2016	clancheck_fail	1.382
Cannon2016	clancheck_fail	0.9255
Cannon2016	clancheck_fail	1.0615
Cannon2016	clancheck_fail	1.6808
Cannon2016	clancheck_fail	1.1739
Cannon2016	clancheck_fail	0.7924
Cannon2016	clancheck_fail	0.9989
Cannon2016	clancheck_fail	0.7363
Cannon2016	clancheck_fail	0.9419
Cannon2016	clancheck_fail	1.0911
Cannon2016	clancheck_fail	0.6779
Cannon2016	clancheck_fail	0.7437
Cannon2016	clancheck_fail	0.8743
Cannon2016	clancheck_fail	1.396
Cannon2016	clancheck_fail	0.9779
Cannon2016	clancheck_fail	0.6612
Cannon2016	clancheck_fail	0.7983
Cannon2016	clancheck_fail	0.8768
Cannon2016	clancheck_fail	1.0096
Cannon2016	clancheck_fail	0.7588
Cannon2016	clancheck_fail	1.2489
Cannon2016	clancheck_fail	0.7687
Cannon2016	clancheck_fail	0.6333
Cannon2016	clancheck_fail	0.7104
Cannon2016	clancheck_fail	0.7418
Cannon2016	clancheck_fail	0.9937
Cannon2016	clancheck_fail	1.1876
Cannon2016	clancheck_fail	0.7605
Cannon2016	clancheck_fail	0.8116
Cannon2016	clancheck_fail	0.8482
Cannon2016	clancheck_fail	0.6761
Cannon2016	clancheck_fail	1.4912
Cannon2016	clancheck_fail	0.8867
Cannon2016	clancheck_fail	1.2502
Cannon2016	clancheck_fail	1.5366
Cannon2016	clancheck_fail	1.0573
Cannon2016	clancheck_fail	0.8042
Cannon2016	clancheck_fail	0.8172
Cannon2016	clancheck_fail	1.033
Cannon2016	clancheck_fail	0.8765
Cannon2016	clancheck_fail	1.4137
Cannon2016	clancheck_fail	0.7052
Cannon2016	clancheck_fail	1.123
Cannon2016	clancheck_fail	0.9418
Cannon2016	clancheck_fail	0.7487
Cannon2016	clancheck_fail	1.1296
Cannon2016	clancheck_fail	1.0021
Cannon2016	clancheck_fail	0.8255
Cannon2016	clancheck_fail	1.2782
Cannon2016	clancheck_fail	1.2544
Cannon2016	clancheck_fail	0.8513
Cannon2016	clancheck_fail	1.1467
Cannon2016	clancheck_fail	0.695
Cannon2016	clancheck_fail	0.8033
Cannon2016	clancheck_fail	0.9481
Cannon2016	clancheck_fail	0.6176
Cannon2016	clancheck_fail	0.9689
Cannon2016	clancheck_fail	1.7447
Cannon2016	clancheck_fail	1.1344
Cannon2016	clancheck_fail	1.1211
Cannon2016	clancheck_fail	1.2379
Cannon2016	clancheck_fail	1.1126
Cannon2016	clancheck_fail	1.1401
Cannon2016	clancheck_fail	1.7325
Cannon2016	clancheck_fail	1.1403
Cannon2016	clancheck_fail	0.6013
Cannon2016	clancheck_fail	0.9009
Cannon2016	clancheck_fail	1.693
Cannon2016	clancheck_fail	1.0047
Cannon2016	clancheck_fail	1.1715
Cannon2016	clancheck_fail	0.718
Cannon2016	clancheck_fail	1.8809
Cannon2016	clancheck_fail	1.803
Cannon2016	clancheck_fail	0.9503
Cannon2016	clancheck_fail	1.0095
Cannon2016	clancheck_fail	1.277
Cannon2016	clancheck_fail	0.9805
Cannon2016	clancheck_fail	1.1193
Cannon2016	clancheck_fail	0.4231
Cannon2016	clancheck_fail	1.3899
Cannon2016	clancheck_fail	0.6506
Cannon2016	clancheck_fail	0.4853
Cannon2016	clancheck_fail	0.9204
Cannon2016	clancheck_fail	1.0251
Cannon2016	clancheck_fail	0.9388
Cannon2016	clancheck_fail	0.6243
Cannon2016	clancheck_fail	0.9859
Cannon2016	clancheck_fail	0.7729
Cannon2016	clancheck_fail	1.2475
Cannon2016	clancheck_fail	1.5009
Cannon2016	clancheck_fail	1.3397
Cannon2016	clancheck_fail	0.5096
Cannon2016	clancheck_fail	0.561
Cannon2016	clancheck_fail	1.3065
Cannon2016	clancheck_fail	0.7563
Cannon2016	clancheck_fail	1.147
Cannon2016	clancheck_fail	0.629
Cannon2016	clancheck_fail	0.7689
Cannon2016	clancheck_fail	0.8531
Cannon2016	clancheck_fail	1.1777
Cannon2016	clancheck_fail	0.8234
Cannon2016	clancheck_fail	0.7602
Cannon2016	clancheck_fail	1.6048
Cannon2016	clancheck_fail	0.5165
Cannon2016	clancheck_fail	0.5249
Cannon2016	clancheck_fail	1.2731
Cannon2016	clancheck_fail	0.729
Cannon2016	clancheck_fail	0.6491
Cannon2016	clancheck_fail	1.0725
Cannon2016	clancheck_fail	2.1497
Cannon2016	clancheck_fail	0.6435
Cannon2016	clancheck_fail	1.5375
Cannon2016	clancheck_fail	0.4926
Cannon2016	clancheck_fail	0.8061
Cannon2016	clancheck_fail	1.0438
Cannon2016	clancheck_fail	1.107
Cannon2016	clancheck_fail	0.6891
Cannon2016	clancheck_fail	1.0099
Cannon2016	clancheck_fail	0.7132
Cannon2016	clancheck_fail	0.8595
Cannon2016	clancheck_fail	1.1198
Cannon2016	clancheck_fail	0.7868
Cannon2016	clancheck_fail	0.6213
Cannon2016	clancheck_fail	0.9439
Cannon2016	clancheck_fail	0.6239
Cannon2016	clancheck_fail	0.8813
Cannon2016	clancheck_fail	1.0799
Cannon2016	clancheck_fail	1.1456
Cannon2016	clancheck_fail	1.8528
Cannon2016	clancheck_fail	0.8011
Cannon2016	clancheck_fail	0.8136
Cannon2016	clancheck_fail	1.0227
Cannon2016	clancheck_fail	0.685
Cannon2016	clancheck_fail	1.0038
Cannon2016	clancheck_fail	0.8194
Cannon2016	clancheck_fail	1.1701
Cannon2016	clancheck_fail	0.8806
Cannon2016	clancheck_fail	0.794
Cannon2016	clancheck_fail	1.7717
Cannon2016	clancheck_fail	1.9784
Cannon2016	clancheck_fail	0.7413
Cannon2016	clancheck_fail	0.8778
Cannon2016	clancheck_fail	1.166
Cannon2016	clancheck_fail	1.4028
Cannon2016	clancheck_fail	0.8284
Cannon2016	clancheck_fail	1.063
Cannon2016	clancheck_fail	0.7474
Cannon2016	clancheck_fail	0.8684
Cannon2016	clancheck_fail	0.9225
Cannon2016	clancheck_fail	0.6998
Cannon2016	clancheck_fail	0.9869
Cannon2016	clancheck_fail	1.1758
Cannon2016	clancheck_fail	1.0637
Cannon2016	clancheck_fail	1.1181
Cannon2016	clancheck_fail	0.7609
Cannon2016	clancheck_fail	0.8845
Cannon2016	clancheck_fail	0.7658
Cannon2016	clancheck_fail	0.9603
Cannon2016	clancheck_fail	0.577
Cannon2016	clancheck_fail	0.5435
Cannon2016	clancheck_fail	0.7415
Cannon2016	clancheck_fail	1.2438
Cannon2016	clancheck_fail	1.0772
Cannon2016	clancheck_fail	1.0072
Cannon2016	clancheck_fail	1.2744
Cannon2016	clancheck_fail	0.9409
Cannon2016	clancheck_fail	0.8991
Cannon2016	clancheck_fail	0.6958
Cannon2016	clancheck_fail	0.7578
Cannon2016	clancheck_fail	0.9534
Cannon2016	clancheck_fail	0.8412
Cannon2016	clancheck_fail	0.5435
Cannon2016	clancheck_fail	0.8953
Cannon2016	clancheck_fail	0.789
Cannon2016	clancheck_fail	1.2547
Cannon2016	clancheck_fail	0.6602
Cannon2016	clancheck_fail	1.793
Cannon2016	clancheck_fail	0.6804
Cannon2016	clancheck_fail	0.5501
Cannon2016	clancheck_fail	0.8324
Cannon2016	clancheck_fail	0.5881
Cannon2016	clancheck_fail	1.1585
Cannon2016	clancheck_fail	0.6272
Cannon2016	clancheck_fail	0.9504
Cannon2016	clancheck_fail	0.7243
Cannon2016	clancheck_fail	1.2674
Cannon2016	clancheck_fail	1.1318
Cannon2016	clancheck_fail	1.0802
Cannon2016	clancheck_fail	1.1626
Cannon2016	clancheck_fail	1.9859
Cannon2016	clancheck_fail	0.791
Cannon2016	clancheck_fail	0.992
Cannon2016	clancheck_fail	0.924
Cannon2016	clancheck_fail	1.1808
Cannon2016	clancheck_fail	0.6361
Cannon2016	clancheck_fail	1.5384
Philippe2019	clancheck_pass	0.8981
Philippe2019	clancheck_pass	1.0697
Philippe2019	clancheck_pass	0.9961
Philippe2019	clancheck_pass	1.2372
Philippe2019	clancheck_pass	0.6616
Philippe2019	clancheck_pass	1.2962
Philippe2019	clancheck_pass	0.918
Philippe2019	clancheck_pass	0.7161
Philippe2019	clancheck_pass	1.0433
Philippe2019	clancheck_pass	1.4519
Philippe2019	clancheck_pass	0.8174
Philippe2019	clancheck_pass	0.999
Philippe2019	clancheck_pass	0.8794
Philippe2019	clancheck_pass	1.3706
Philippe2019	clancheck_pass	0.8819
Philippe2019	clancheck_pass	0.8381
Philippe2019	clancheck_pass	1.158
Philippe2019	clancheck_pass	0.8109
Philippe2019	clancheck_pass	0.8942
Philippe2019	clancheck_pass	0.6626
Philippe2019	clancheck_pass	1.8688
Philippe2019	clancheck_pass	1.2123
Philippe2019	clancheck_pass	0.6766
Philippe2019	clancheck_pass	1.2311
Philippe2019	clancheck_pass	0.5969
Philippe2019	clancheck_pass	0.4577
Philippe2019	clancheck_pass	0.8368
Philippe2019	clancheck_pass	0.8001
Philippe2019	clancheck_pass	1.3336
Philippe2019	clancheck_pass	0.935
Philippe2019	clancheck_pass	0.7441
Philippe2019	clancheck_pass	0.8529
Philippe2019	clancheck_pass	1.0702
Philippe2019	clancheck_pass	0.7414
Philippe2019	clancheck_pass	1.0101
Philippe2019	clancheck_pass	1.1223
Philippe2019	clancheck_pass	0.727
Philippe2019	clancheck_pass	1.458
Philippe2019	clancheck_pass	0.9131
Philippe2019	clancheck_pass	0.8934
Philippe2019	clancheck_pass	1.0653
Philippe2019	clancheck_pass	1.4976
Philippe2019	clancheck_pass	1.5648
Philippe2019	clancheck_pass	1.0744
Philippe2019	clancheck_pass	1.816
Philippe2019	clancheck_pass	1.4087
Philippe2019	clancheck_pass	0.6762
Philippe2019	clancheck_pass	1.4524
Philippe2019	clancheck_pass	2.0287
Philippe2019	clancheck_pass	1.1519
Philippe2019	clancheck_pass	0.8859
Philippe2019	clancheck_pass	1.2251
Philippe2019	clancheck_pass	0.7768
Philippe2019	clancheck_pass	1.4593
Philippe2019	clancheck_pass	0.522
Philippe2019	clancheck_pass	2.4882
Philippe2019	clancheck_pass	0.9629
Philippe2019	clancheck_pass	1.1377
Philippe2019	clancheck_pass	1.5445
Philippe2019	clancheck_pass	0.5512
Philippe2019	clancheck_pass	1.2837
Philippe2019	clancheck_pass	1.9675
Philippe2019	clancheck_pass	1.0393
Philippe2019	clancheck_pass	1.672
Philippe2019	clancheck_pass	0.9582
Philippe2019	clancheck_fail	0.7466
Philippe2019	clancheck_fail	0.6681
Philippe2019	clancheck_fail	1.0791
Philippe2019	clancheck_fail	0.6732
Philippe2019	clancheck_fail	1.2393
Philippe2019	clancheck_fail	0.7031
Philippe2019	clancheck_fail	0.7035
Philippe2019	clancheck_fail	0.6661
Philippe2019	clancheck_fail	0.9854
Philippe2019	clancheck_fail	0.8436
Philippe2019	clancheck_fail	1.0997
Philippe2019	clancheck_fail	0.8444
Philippe2019	clancheck_fail	1.2063
Philippe2019	clancheck_fail	0.8411
Philippe2019	clancheck_fail	0.8802
Philippe2019	clancheck_fail	1.7136
Philippe2019	clancheck_fail	1.3799
Philippe2019	clancheck_fail	1.245
Philippe2019	clancheck_fail	0.979
Philippe2019	clancheck_fail	1.1472
Philippe2019	clancheck_fail	1.0253
Philippe2019	clancheck_fail	0.6133
Philippe2019	clancheck_fail	1.5117
Philippe2019	clancheck_fail	0.7613
Philippe2019	clancheck_fail	0.4751
Philippe2019	clancheck_fail	0.5316
Philippe2019	clancheck_fail	1.3312
Philippe2019	clancheck_fail	2.1685
Philippe2019	clancheck_fail	0.9153
Philippe2019	clancheck_fail	0.8954
Philippe2019	clancheck_fail	0.726
Philippe2019	clancheck_fail	0.8413
Philippe2019	clancheck_fail	1.5181
Philippe2019	clancheck_fail	0.6682
Philippe2019	clancheck_fail	0.7916
Philippe2019	clancheck_fail	2.9098
Philippe2019	clancheck_fail	0.6941
Philippe2019	clancheck_fail	1.3496
Philippe2019	clancheck_fail	0.6459
Philippe2019	clancheck_fail	0.9891
Philippe2019	clancheck_fail	0.7998
Philippe2019	clancheck_fail	1.223
Philippe2019	clancheck_fail	1.0823
Philippe2019	clancheck_fail	0.8929
Philippe2019	clancheck_fail	0.8445
Philippe2019	clancheck_fail	0.6176
Philippe2019	clancheck_fail	0.5435
Philippe2019	clancheck_fail	1.0677
Philippe2019	clancheck_fail	1.4417
Philippe2019	clancheck_fail	1.0794
Philippe2019	clancheck_fail	0.7089
Philippe2019	clancheck_fail	0.7952
Philippe2019	clancheck_fail	1.1134
Philippe2019	clancheck_fail	0.9824
Philippe2019	clancheck_fail	0.8682
Philippe2019	clancheck_fail	0.6068
Philippe2019	clancheck_fail	0.5658
Philippe2019	clancheck_fail	0.7021
Philippe2019	clancheck_fail	1.2335
Philippe2019	clancheck_fail	0.9565
Philippe2019	clancheck_fail	1.0964
Philippe2019	clancheck_fail	1.1609
Philippe2019	clancheck_fail	0.6465
Philippe2019	clancheck_fail	1.0982
Philippe2019	clancheck_fail	1.2195
Philippe2019	clancheck_fail	0.6023
Philippe2019	clancheck_fail	1.0242
Philippe2019	clancheck_fail	0.7889
Philippe2019	clancheck_fail	1.0823
Philippe2019	clancheck_fail	1.8257
Philippe2019	clancheck_fail	0.5912
Philippe2019	clancheck_fail	0.9094
Philippe2019	clancheck_fail	1.0012
Philippe2019	clancheck_fail	0.9423
Philippe2019	clancheck_fail	2.2086
Philippe2019	clancheck_fail	0.6236
Philippe2019	clancheck_fail	0.8854
Philippe2019	clancheck_fail	0.9282
Philippe2019	clancheck_fail	1.1595
Philippe2019	clancheck_fail	0.7708
Philippe2019	clancheck_fail	1.8463
Philippe2019	clancheck_fail	0.8363
Philippe2019	clancheck_fail	1.401
Philippe2019	clancheck_fail	0.9419
Philippe2019	clancheck_fail	0.678
Philippe2019	clancheck_fail	0.6155
Philippe2019	clancheck_fail	0.8257
Philippe2019	clancheck_fail	1.0471
Philippe2019	clancheck_fail	0.5231
Philippe2019	clancheck_fail	1.204
Philippe2019	clancheck_fail	0.4598
Philippe2019	clancheck_fail	0.8558
Philippe2019	clancheck_fail	0.7776
Philippe2019	clancheck_fail	1.3224
Philippe2019	clancheck_fail	1.0542
Philippe2019	clancheck_fail	0.9926
Philippe2019	clancheck_fail	0.6131
Philippe2019	clancheck_fail	0.9477
Philippe2019	clancheck_fail	0.9443
Philippe2019	clancheck_fail	1.0617
Philippe2019	clancheck_fail	0.6123
Philippe2019	clancheck_fail	1.025
Philippe2019	clancheck_fail	1.0178
Philippe2019	clancheck_fail	0.879
Philippe2019	clancheck_fail	0.4408
Philippe2019	clancheck_fail	0.6794
Philippe2019	clancheck_fail	0.9786
Philippe2019	clancheck_fail	1.4241
Philippe2019	clancheck_fail	0.8729
Philippe2019	clancheck_fail	0.8482
Philippe2019	clancheck_fail	0.8045
Philippe2019	clancheck_fail	0.896
Philippe2019	clancheck_fail	0.6932
Philippe2019	clancheck_fail	0.8482
Philippe2019	clancheck_fail	1.1693
Philippe2019	clancheck_fail	0.7575
Philippe2019	clancheck_fail	0.6937
Philippe2019	clancheck_fail	1.0685
Philippe2019	clancheck_fail	1.5236
Philippe2019	clancheck_fail	0.8712
Philippe2019	clancheck_fail	0.7232
Philippe2019	clancheck_fail	1.3453
Philippe2019	clancheck_fail	1.0176
Philippe2019	clancheck_fail	0.864
Philippe2019	clancheck_fail	0.7288
Philippe2019	clancheck_fail	0.5453
Philippe2019	clancheck_fail	1.0915
Philippe2019	clancheck_fail	0.4112
Philippe2019	clancheck_fail	0.8413
Philippe2019	clancheck_fail	1.3468
Philippe2019	clancheck_fail	0.8503
Philippe2019	clancheck_fail	0.887
Philippe2019	clancheck_fail	1.2078
Philippe2019	clancheck_fail	1.0947
Philippe2019	clancheck_fail	1.3487
Philippe2019	clancheck_fail	1.2482
Philippe2019	clancheck_fail	1.1379
Philippe2019	clancheck_fail	0.746
Philippe2019	clancheck_fail	2.6234
Philippe2019	clancheck_fail	0.9454
Philippe2019	clancheck_fail	0.6831
Philippe2019	clancheck_fail	1.0032
Philippe2019	clancheck_fail	1.1973
Philippe2019	clancheck_fail	2.0657
Philippe2019	clancheck_fail	0.7761
Philippe2019	clancheck_fail	0.6567
Philippe2019	clancheck_fail	0.6145
Philippe2019	clancheck_fail	0.7818
Philippe2019	clancheck_fail	1.0666
Philippe2019	clancheck_fail	1.637
Philippe2019	clancheck_fail	0.855
Philippe2019	clancheck_fail	0.8573
Philippe2019	clancheck_fail	0.8049
Philippe2019	clancheck_fail	0.648
Philippe2019	clancheck_fail	1.1386
Philippe2019	clancheck_fail	0.7524
Philippe2019	clancheck_fail	1.3834
Philippe2019	clancheck_fail	0.8251
Philippe2019	clancheck_fail	0.8383
Philippe2019	clancheck_fail	1.2208
Philippe2019	clancheck_fail	0.7645
Philippe2019	clancheck_fail	1.4316
Philippe2019	clancheck_fail	1.1737
Philippe2019	clancheck_fail	0.8809
Philippe2019	clancheck_fail	1.3486
Philippe2019	clancheck_fail	1.324
Philippe2019	clancheck_fail	0.712
Philippe2019	clancheck_fail	0.9737
Philippe2019	clancheck_fail	1.044
Philippe2019	clancheck_fail	0.5076
Philippe2019	clancheck_fail	1.4991
Philippe2019	clancheck_fail	2.4775
Philippe2019	clancheck_fail	0.578
Philippe2019	clancheck_fail	0.7582
Philippe2019	clancheck_fail	0.8214
Philippe2019	clancheck_fail	0.9825
Philippe2019	clancheck_fail	0.6928
Philippe2019	clancheck_fail	1.5111
Philippe2019	clancheck_fail	0.6729
Philippe2019	clancheck_fail	1.1781
Philippe2019	clancheck_fail	1.0339
Philippe2019	clancheck_fail	1.1172
Philippe2019	clancheck_fail	1.3308
Philippe2019	clancheck_fail	0.653
Philippe2019	clancheck_fail	0.9989
Philippe2019	clancheck_fail	0.9115
Philippe2019	clancheck_fail	0.8091
Philippe2019	clancheck_fail	1.3238
Philippe2019	clancheck_fail	1.0758
Philippe2019	clancheck_fail	1.0317
Philippe2019	clancheck_fail	0.7989
Philippe2019	clancheck_fail	1.3704
Philippe2019	clancheck_fail	0.6476
Philippe2019	clancheck_fail	1.4489
Philippe2019	clancheck_fail	2.2276
Philippe2019	clancheck_fail	2.01
Philippe2019	clancheck_fail	1.1066
Philippe2019	clancheck_fail	0.8687
Philippe2019	clancheck_fail	0.8033
Philippe2019	clancheck_fail	0.7943
Philippe2019	clancheck_fail	0.8804
Philippe2019	clancheck_fail	0.7473
Philippe2019	clancheck_fail	1.7623
Philippe2019	clancheck_fail	2.0176
Philippe2019	clancheck_fail	0.6191
Philippe2019	clancheck_fail	1.5857
Philippe2019	clancheck_fail	1.0426
Philippe2019	clancheck_fail	1.0456
Philippe2019	clancheck_fail	0.5007
Philippe2019	clancheck_fail	0.6666
Philippe2019	clancheck_fail	1.2906
Philippe2019	clancheck_fail	0.9524
Philippe2019	clancheck_fail	1.3801
Philippe2019	clancheck_fail	0.804
Philippe2019	clancheck_fail	0.8198
Philippe2019	clancheck_fail	0.9679
Philippe2019	clancheck_fail	1.7532
Philippe2019	clancheck_fail	0.7148
Philippe2019	clancheck_fail	2.4352
Philippe2019	clancheck_fail	0.9837
Philippe2019	clancheck_fail	0.9732
Philippe2019	clancheck_fail	1.0586
Philippe2019	clancheck_fail	0.9801
Philippe2019	clancheck_fail	0.8665
Philippe2019	clancheck_fail	0.7571
Philippe2019	clancheck_fail	1.0738
Philippe2019	clancheck_fail	1.2746
Philippe2019	clancheck_fail	0.6678
Philippe2019	clancheck_fail	0.7099
Philippe2019	clancheck_fail	0.8339
Philippe2019	clancheck_fail	1.4671
Philippe2019	clancheck_fail	0.6822
Philippe2019	clancheck_fail	0.5337
Philippe2019	clancheck_fail	0.642
Philippe2019	clancheck_fail	1.5922
Philippe2019	clancheck_fail	1.556
Philippe2019	clancheck_fail	0.7929
Philippe2019	clancheck_fail	0.5786
Philippe2019	clancheck_fail	0.5229
Philippe2019	clancheck_fail	0.7666
Philippe2019	clancheck_fail	1.3707
Philippe2019	clancheck_fail	0.9419
Philippe2019	clancheck_fail	1.0542
Philippe2019	clancheck_fail	0.6482
Philippe2019	clancheck_fail	1.2938
Philippe2019	clancheck_fail	1.1458
Philippe2019	clancheck_fail	0.66
Philippe2019	clancheck_fail	1.4518
Philippe2019	clancheck_fail	1.1915
Philippe2019	clancheck_fail	0.6942
Philippe2019	clancheck_fail	0.9718
Philippe2019	clancheck_fail	1.1161
Philippe2019	clancheck_fail	0.6707
Philippe2019	clancheck_fail	0.8426
Philippe2019	clancheck_fail	1.2739
Philippe2019	clancheck_fail	0.4961
Philippe2019	clancheck_fail	1.3454
Philippe2019	clancheck_fail	0.6135
Philippe2019	clancheck_fail	1.4677
Philippe2019	clancheck_fail	0.734
Philippe2019	clancheck_fail	0.5123
Philippe2019	clancheck_fail	0.9402
Philippe2019	clancheck_fail	0.779
Philippe2019	clancheck_fail	0.7654
Philippe2019	clancheck_fail	1.0105
Philippe2019	clancheck_fail	0.7766
Philippe2019	clancheck_fail	2.0198
Philippe2019	clancheck_fail	1.1304
Philippe2019	clancheck_fail	0.9738
Philippe2019	clancheck_fail	0.8029
Philippe2019	clancheck_fail	0.5827
Philippe2019	clancheck_fail	1.1354
Philippe2019	clancheck_fail	1.1937
Philippe2019	clancheck_fail	1.9748
Philippe2019	clancheck_fail	1.1129
Philippe2019	clancheck_fail	1.7898
Philippe2019	clancheck_fail	0.6988
Philippe2019	clancheck_fail	1.1503
Philippe2019	clancheck_fail	0.5942
Philippe2019	clancheck_fail	1.2944
Philippe2019	clancheck_fail	1.1166
Philippe2019	clancheck_fail	1.6011
Philippe2019	clancheck_fail	0.9331
Philippe2019	clancheck_fail	1.2169
Philippe2019	clancheck_fail	0.8139
Philippe2019	clancheck_fail	0.7178
Philippe2019	clancheck_fail	1.2746
Philippe2019	clancheck_fail	0.555
Philippe2019	clancheck_fail	1.0121
Philippe2019	clancheck_fail	0.7987
Philippe2019	clancheck_fail	1.446
Philippe2019	clancheck_fail	0.9239
Philippe2019	clancheck_fail	1.4095
Philippe2019	clancheck_fail	1.0548
Philippe2019	clancheck_fail	1.482
Philippe2019	clancheck_fail	0.6252
Philippe2019	clancheck_fail	0.9068
Philippe2019	clancheck_fail	0.7126
Philippe2019	clancheck_fail	0.5202
Philippe2019	clancheck_fail	3.6064
Philippe2019	clancheck_fail	0.8455
Philippe2019	clancheck_fail	0.8095
Philippe2019	clancheck_fail	0.9627
Philippe2019	clancheck_fail	1.378
Philippe2019	clancheck_fail	0.8391
Philippe2019	clancheck_fail	2.3622
Philippe2019	clancheck_fail	0.7728
Philippe2019	clancheck_fail	1.1893
Philippe2019	clancheck_fail	1.3013
Philippe2019	clancheck_fail	1.5158
Philippe2019	clancheck_fail	0.7707
Philippe2019	clancheck_fail	0.9992
Philippe2019	clancheck_fail	0.6517
Philippe2019	clancheck_fail	1.1293
Philippe2019	clancheck_fail	1.1548
Philippe2019	clancheck_fail	0.9128
Philippe2019	clancheck_fail	0.6583
Philippe2019	clancheck_fail	0.9736
Philippe2019	clancheck_fail	0.7543
Philippe2019	clancheck_fail	1.4061
Philippe2019	clancheck_fail	1.1531
Philippe2019	clancheck_fail	1.081
Philippe2019	clancheck_fail	0.3483
Philippe2019	clancheck_fail	0.7955
Philippe2019	clancheck_fail	1.8679
Philippe2019	clancheck_fail	1.5172
Philippe2019	clancheck_fail	1.1216
Philippe2019	clancheck_fail	1.2115
Philippe2019	clancheck_fail	0.5653
Philippe2019	clancheck_fail	1.0858
Philippe2019	clancheck_fail	0.7712
Philippe2019	clancheck_fail	0.7339
Philippe2019	clancheck_fail	0.5476
Philippe2019	clancheck_fail	2.0601
Philippe2019	clancheck_fail	0.7378
Philippe2019	clancheck_fail	0.7648
Philippe2019	clancheck_fail	0.6352
Philippe2019	clancheck_fail	0.8993
Philippe2019	clancheck_fail	0.4923
Philippe2019	clancheck_fail	0.628
Philippe2019	clancheck_fail	1.4262
Philippe2019	clancheck_fail	1.0827
Philippe2019	clancheck_fail	0.8917
Philippe2019	clancheck_fail	0.8955
Philippe2019	clancheck_fail	0.7494
Philippe2019	clancheck_fail	1.0683
Philippe2019	clancheck_fail	0.715
Philippe2019	clancheck_fail	0.8136
Philippe2019	clancheck_fail	1.0387
Philippe2019	clancheck_fail	0.9884
Philippe2019	clancheck_fail	1.1344
Philippe2019	clancheck_fail	1.1305
Philippe2019	clancheck_fail	1.0962
Philippe2019	clancheck_fail	0.8607
Philippe2019	clancheck_fail	0.4855
Philippe2019	clancheck_fail	1.4393
Philippe2019	clancheck_fail	0.8023
Philippe2019	clancheck_fail	0.8731
Philippe2019	clancheck_fail	0.8817
Philippe2019	clancheck_fail	1.373
Philippe2019	clancheck_fail	1.2456
Philippe2019	clancheck_fail	1.1082
Philippe2019	clancheck_fail	1.0554
Philippe2019	clancheck_fail	1.0025
Philippe2019	clancheck_fail	0.7269
Philippe2019	clancheck_fail	1.1484
Philippe2019	clancheck_fail	0.8371
Philippe2019	clancheck_fail	1.0412
Philippe2019	clancheck_fail	1.2205
Philippe2019	clancheck_fail	0.8328
Philippe2019	clancheck_fail	1.9044
Philippe2019	clancheck_fail	0.6532
Philippe2019	clancheck_fail	1.3706
Philippe2019	clancheck_fail	0.9216
Philippe2019	clancheck_fail	0.5961
Philippe2019	clancheck_fail	0.6449
Philippe2019	clancheck_fail	1.5112
Philippe2019	clancheck_fail	1.0945
Philippe2019	clancheck_fail	0.9708
Philippe2019	clancheck_fail	0.548
Philippe2019	clancheck_fail	0.9925
Philippe2019	clancheck_fail	1.8806
Philippe2019	clancheck_fail	0.673
Philippe2019	clancheck_fail	1.2049
Philippe2019	clancheck_fail	1.0827
Philippe2019	clancheck_fail	0.7273
Philippe2019	clancheck_fail	0.6228
Philippe2019	clancheck_fail	0.7106
Philippe2019	clancheck_fail	0.4266
Philippe2019	clancheck_fail	0.9666
Philippe2019	clancheck_fail	1.6858
Philippe2019	clancheck_fail	0.9348
Philippe2019	clancheck_fail	0.8049
Philippe2019	clancheck_fail	0.897
Philippe2019	clancheck_fail	0.8725
Philippe2019	clancheck_fail	1.309
Philippe2019	clancheck_fail	0.7097
Philippe2019	clancheck_fail	1.0268
Philippe2019	clancheck_fail	0.761
Philippe2019	clancheck_fail	0.7576
Philippe2019	clancheck_fail	0.8251
Philippe2019	clancheck_fail	0.8621
Philippe2019	clancheck_fail	1.0696
Philippe2019	clancheck_fail	0.7637
Philippe2019	clancheck_fail	0.7226
Philippe2019	clancheck_fail	1.3817
Philippe2019	clancheck_fail	0.793
Philippe2019	clancheck_fail	1.1024
Philippe2019	clancheck_fail	0.7851
Philippe2019	clancheck_fail	0.6374
Philippe2019	clancheck_fail	0.7907
Philippe2019	clancheck_fail	1.568
Philippe2019	clancheck_fail	2.2971
Philippe2019	clancheck_fail	0.6428
Philippe2019	clancheck_fail	0.7026
Philippe2019	clancheck_fail	0.9798
Philippe2019	clancheck_fail	1.3765
Philippe2019	clancheck_fail	0.6316
Philippe2019	clancheck_fail	0.7618
Philippe2019	clancheck_fail	1.1798
Philippe2019	clancheck_fail	0.7327
Philippe2019	clancheck_fail	0.5652
Philippe2019	clancheck_fail	1.2314
Philippe2019	clancheck_fail	0.7007
Philippe2019	clancheck_fail	1.1004
Philippe2019	clancheck_fail	0.6743
Philippe2019	clancheck_fail	0.9835
Philippe2019	clancheck_fail	0.7618
Philippe2019	clancheck_fail	0.9072
Philippe2019	clancheck_fail	1.2411
Philippe2019	clancheck_fail	1.8021
Philippe2019	clancheck_fail	0.5031
Philippe2019	clancheck_fail	0.8409
Philippe2019	clancheck_fail	0.7265
Philippe2019	clancheck_fail	0.7577
Philippe2019	clancheck_fail	1.4829
Philippe2019	clancheck_fail	1.5559
Philippe2019	clancheck_fail	1.5734
Philippe2019	clancheck_fail	3.1221
Philippe2019	clancheck_fail	0.8177
Philippe2019	clancheck_fail	0.48
Philippe2019	clancheck_fail	0.9201
Philippe2019	clancheck_fail	0.6935
Philippe2019	clancheck_fail	1.2217
Philippe2019	clancheck_fail	0.7079
Philippe2019	clancheck_fail	0.797
Philippe2019	clancheck_fail	0.5134
Philippe2019	clancheck_fail	0.749
Philippe2019	clancheck_fail	0.5869
Philippe2019	clancheck_fail	0.8096
Philippe2019	clancheck_fail	1.5356
Philippe2019	clancheck_fail	1.3478
Philippe2019	clancheck_fail	0.7905
Philippe2019	clancheck_fail	0.8463
Philippe2019	clancheck_fail	1.4497
Philippe2019	clancheck_fail	0.6883
Philippe2019	clancheck_fail	1.5652
Philippe2019	clancheck_fail	1.3788
Philippe2019	clancheck_fail	0.6717
Philippe2019	clancheck_fail	0.787
Philippe2019	clancheck_fail	0.5825
Philippe2019	clancheck_fail	0.864
Philippe2019	clancheck_fail	0.5043
Philippe2019	clancheck_fail	0.7454
Philippe2019	clancheck_fail	0.8951
Philippe2019	clancheck_fail	2.2616
Philippe2019	clancheck_fail	1.1072
Philippe2019	clancheck_fail	0.6307
Philippe2019	clancheck_fail	2.6504
Philippe2019	clancheck_fail	0.5474
Philippe2019	clancheck_fail	0.7831
Philippe2019	clancheck_fail	1.0558
Philippe2019	clancheck_fail	1.2443
Philippe2019	clancheck_fail	0.9286
Philippe2019	clancheck_fail	0.5882
Philippe2019	clancheck_fail	1.0971
Philippe2019	clancheck_fail	0.8385
Philippe2019	clancheck_fail	0.9895
Philippe2019	clancheck_fail	1.0031
Philippe2019	clancheck_fail	0.6041
Philippe2019	clancheck_fail	1.7731
Philippe2019	clancheck_fail	1.075
Philippe2019	clancheck_fail	0.7845
Philippe2019	clancheck_fail	1.3652
Philippe2019	clancheck_fail	0.85
Philippe2019	clancheck_fail	1.807
Philippe2019	clancheck_fail	0.7976
Philippe2019	clancheck_fail	0.7417
Philippe2019	clancheck_fail	1.0785
Philippe2019	clancheck_fail	0.723
Philippe2019	clancheck_fail	0.8928
Philippe2019	clancheck_fail	0.969
Philippe2019	clancheck_fail	1.4554
Philippe2019	clancheck_fail	0.9017
Philippe2019	clancheck_fail	0.8271
Philippe2019	clancheck_fail	0.9972
Philippe2019	clancheck_fail	1.623
Philippe2019	clancheck_fail	1.0378
Philippe2019	clancheck_fail	2.0081
Philippe2019	clancheck_fail	1.128
Philippe2019	clancheck_fail	0.856
Philippe2019	clancheck_fail	0.5221
Philippe2019	clancheck_fail	0.7441
Philippe2019	clancheck_fail	0.9083
Philippe2019	clancheck_fail	0.8688
Philippe2019	clancheck_fail	0.4962
Philippe2019	clancheck_fail	0.648
Philippe2019	clancheck_fail	0.5089
Philippe2019	clancheck_fail	0.575
Philippe2019	clancheck_fail	0.9031
Philippe2019	clancheck_fail	0.7399
Philippe2019	clancheck_fail	0.7666
Philippe2019	clancheck_fail	1.1654
Philippe2019	clancheck_fail	1.2435
Philippe2019	clancheck_fail	0.8325
Philippe2019	clancheck_fail	0.9567
Philippe2019	clancheck_fail	1.1257
Philippe2019	clancheck_fail	0.9577
Philippe2019	clancheck_fail	0.9927
Philippe2019	clancheck_fail	1.0319
Philippe2019	clancheck_fail	0.6509
Philippe2019	clancheck_fail	1.9493
Philippe2019	clancheck_fail	1.5629
Philippe2019	clancheck_fail	0.6413
Philippe2019	clancheck_fail	1.2579
Philippe2019	clancheck_fail	0.7932
Philippe2019	clancheck_fail	1.2382
Philippe2019	clancheck_fail	1.3705
Philippe2019	clancheck_fail	1.2719
Philippe2019	clancheck_fail	0.8063
Philippe2019	clancheck_fail	1.4177
Philippe2019	clancheck_fail	1.8205
Philippe2019	clancheck_fail	0.674
Philippe2019	clancheck_fail	0.703
Philippe2019	clancheck_fail	1.49
Philippe2019	clancheck_fail	1.3384
Philippe2019	clancheck_fail	1.261
Philippe2019	clancheck_fail	0.5675
Philippe2019	clancheck_fail	0.6821
Philippe2019	clancheck_fail	1.2417
Philippe2019	clancheck_fail	0.6098
Philippe2019	clancheck_fail	1.0319
Philippe2019	clancheck_fail	0.9545
Philippe2019	clancheck_fail	0.6259
Philippe2019	clancheck_fail	1.5226
Philippe2019	clancheck_fail	0.7063
Philippe2019	clancheck_fail	0.5242
Philippe2019	clancheck_fail	0.5071
Philippe2019	clancheck_fail	0.5407
Philippe2019	clancheck_fail	1.0099
Philippe2019	clancheck_fail	0.7028
Philippe2019	clancheck_fail	0.5389
Philippe2019	clancheck_fail	0.4536
Philippe2019	clancheck_fail	1.1822
Philippe2019	clancheck_fail	0.833
Philippe2019	clancheck_fail	2.3971
Philippe2019	clancheck_fail	1.1655
Philippe2019	clancheck_fail	0.9965
Philippe2019	clancheck_fail	1.0346
Philippe2019	clancheck_fail	2.0055
Philippe2019	clancheck_fail	1.0544
Philippe2019	clancheck_fail	1.0861
Philippe2019	clancheck_fail	1.5731
Philippe2019	clancheck_fail	1.7939
Philippe2019	clancheck_fail	1.0822
Philippe2019	clancheck_fail	0.8654
Philippe2019	clancheck_fail	2.7373
Philippe2019	clancheck_fail	1.0856
Philippe2019	clancheck_fail	0.5453
Philippe2019	clancheck_fail	1.1004
Philippe2019	clancheck_fail	0.6727
Philippe2019	clancheck_fail	1.0094
Philippe2019	clancheck_fail	0.782
Philippe2019	clancheck_fail	1.3625
Philippe2019	clancheck_fail	0.51
Philippe2019	clancheck_fail	1.0028
Philippe2019	clancheck_fail	0.7659
Philippe2019	clancheck_fail	0.4422
Philippe2019	clancheck_fail	1.1474
Philippe2019	clancheck_fail	0.7384
Philippe2019	clancheck_fail	0.4655
Philippe2019	clancheck_fail	0.6708
Philippe2019	clancheck_fail	1.2507
Philippe2019	clancheck_fail	0.7205
Philippe2019	clancheck_fail	1.399
Philippe2019	clancheck_fail	1.4838
Philippe2019	clancheck_fail	0.873
Philippe2019	clancheck_fail	1.1036
Philippe2019	clancheck_fail	0.7645
Philippe2019	clancheck_fail	1.0816
Philippe2019	clancheck_fail	0.9579
Philippe2019	clancheck_fail	1.2053
Philippe2019	clancheck_fail	1.1481
Philippe2019	clancheck_fail	0.6541
Philippe2019	clancheck_fail	1.3751
Philippe2019	clancheck_fail	1.2994
Philippe2019	clancheck_fail	1.2667
Philippe2019	clancheck_fail	1.2722
Philippe2019	clancheck_fail	1.2573
Philippe2019	clancheck_fail	0.6057
Philippe2019	clancheck_fail	1.4098
Philippe2019	clancheck_fail	0.8248
Philippe2019	clancheck_fail	1.0403
Philippe2019	clancheck_fail	0.6565
Philippe2019	clancheck_fail	0.8187
Philippe2019	clancheck_fail	0.9512
Philippe2019	clancheck_fail	0.6562
Philippe2019	clancheck_fail	0.7058
Philippe2019	clancheck_fail	1.6023
Philippe2019	clancheck_fail	1.0354
Philippe2019	clancheck_fail	0.7049
Philippe2019	clancheck_fail	0.8771
Philippe2019	clancheck_fail	2.0713
Philippe2019	clancheck_fail	0.6692
Philippe2019	clancheck_fail	1.8006
Philippe2019	clancheck_fail	1.3445
Philippe2019	clancheck_fail	0.5212
Philippe2019	clancheck_fail	0.5701
Philippe2019	clancheck_fail	0.874
Philippe2019	clancheck_fail	0.8761
Philippe2019	clancheck_fail	0.7147
Philippe2019	clancheck_fail	0.9256
Philippe2019	clancheck_fail	0.6717
Philippe2019	clancheck_fail	1.0128
Philippe2019	clancheck_fail	0.7326
Philippe2019	clancheck_fail	1.5345
Philippe2019	clancheck_fail	0.5856
Philippe2019	clancheck_fail	0.5851
Philippe2019	clancheck_fail	1.404
Philippe2019	clancheck_fail	0.8783
Philippe2019	clancheck_fail	0.7762
Philippe2019	clancheck_fail	0.7493
Philippe2019	clancheck_fail	0.6499
Philippe2019	clancheck_fail	0.8903
Philippe2019	clancheck_fail	0.5504
Philippe2019	clancheck_fail	1.6293
Philippe2019	clancheck_fail	1.1809
Philippe2019	clancheck_fail	0.5342
Philippe2019	clancheck_fail	1.3875
Philippe2019	clancheck_fail	0.9535
Philippe2019	clancheck_fail	1.0309
Philippe2019	clancheck_fail	0.6042
Philippe2019	clancheck_fail	0.8996
Philippe2019	clancheck_fail	1.8341
Philippe2019	clancheck_fail	0.6976
Philippe2019	clancheck_fail	0.7154
Philippe2019	clancheck_fail	0.7039
Philippe2019	clancheck_fail	0.6927
Philippe2019	clancheck_fail	0.8041
Philippe2019	clancheck_fail	0.5986
Philippe2019	clancheck_fail	0.7891
Philippe2019	clancheck_fail	0.8649
Philippe2019	clancheck_fail	1.0279
Philippe2019	clancheck_fail	0.5235
Philippe2019	clancheck_fail	1.0042
Philippe2019	clancheck_fail	0.6672
Philippe2019	clancheck_fail	1.0441
Philippe2019	clancheck_fail	1.3117
Philippe2019	clancheck_fail	1.2779
Philippe2019	clancheck_fail	1.5302
Philippe2019	clancheck_fail	0.6682
Philippe2019	clancheck_fail	0.7053
Philippe2019	clancheck_fail	0.9772
Philippe2019	clancheck_fail	0.9874
Philippe2019	clancheck_fail	0.5582
Philippe2019	clancheck_fail	0.701
Philippe2019	clancheck_fail	0.7027
Philippe2019	clancheck_fail	0.6273
Philippe2019	clancheck_fail	0.6087
Philippe2019	clancheck_fail	0.7687
Philippe2019	clancheck_fail	0.681
Philippe2019	clancheck_fail	1.4292
Philippe2019	clancheck_fail	1.0093
Philippe2019	clancheck_fail	0.6264
Philippe2019	clancheck_fail	0.8743
Philippe2019	clancheck_fail	0.6939
Philippe2019	clancheck_fail	0.9241
Philippe2019	clancheck_fail	1.9597
Philippe2019	clancheck_fail	1.6382
Philippe2019	clancheck_fail	0.7564
Philippe2019	clancheck_fail	0.7174
Philippe2019	clancheck_fail	0.9976
Philippe2019	clancheck_fail	0.8024
Philippe2019	clancheck_fail	1.1543
Philippe2019	clancheck_fail	0.987
Philippe2019	clancheck_fail	1.0267
Philippe2019	clancheck_fail	0.5335
Philippe2019	clancheck_fail	1.0421
Philippe2019	clancheck_fail	0.642
Philippe2019	clancheck_fail	0.6766
Philippe2019	clancheck_fail	0.9722
Philippe2019	clancheck_fail	0.7438
Philippe2019	clancheck_fail	1.2606
Philippe2019	clancheck_fail	1.354
Philippe2019	clancheck_fail	0.5131
Philippe2019	clancheck_fail	1.0083
Philippe2019	clancheck_fail	0.4635
Philippe2019	clancheck_fail	0.5137
Philippe2019	clancheck_fail	0.5541
Philippe2019	clancheck_fail	0.8308
Philippe2019	clancheck_fail	0.7535
Philippe2019	clancheck_fail	0.8303
Philippe2019	clancheck_fail	0.5965
Philippe2019	clancheck_fail	0.8592
Philippe2019	clancheck_fail	1.2082
Philippe2019	clancheck_fail	1.1565
Philippe2019	clancheck_fail	0.6293
Philippe2019	clancheck_fail	0.4403
Philippe2019	clancheck_fail	1.2
Philippe2019	clancheck_fail	0.5971
Philippe2019	clancheck_fail	0.862
Philippe2019	clancheck_fail	0.6622
Philippe2019	clancheck_fail	0.6553
Philippe2019	clancheck_fail	0.8413
Philippe2019	clancheck_fail	1.203
Philippe2019	clancheck_fail	1.079
Philippe2019	clancheck_fail	0.7139
Philippe2019	clancheck_fail	0.8022
Philippe2019	clancheck_fail	0.5632
Philippe2019	clancheck_fail	0.9219
Philippe2019	clancheck_fail	0.9363
Philippe2019	clancheck_fail	0.7606
Philippe2019	clancheck_fail	0.7003
Philippe2019	clancheck_fail	1.2235
Philippe2019	clancheck_fail	0.6567
Philippe2019	clancheck_fail	0.709
Philippe2019	clancheck_fail	2.0149
Philippe2019	clancheck_fail	0.8761
Philippe2019	clancheck_fail	2.9449
Philippe2019	clancheck_fail	0.4857
Philippe2019	clancheck_fail	0.8808
Philippe2019	clancheck_fail	1.4281
Philippe2019	clancheck_fail	0.9432
Philippe2019	clancheck_fail	1.0557
Philippe2019	clancheck_fail	0.8105
Philippe2019	clancheck_fail	0.7618
Philippe2019	clancheck_fail	0.7535
Philippe2019	clancheck_fail	0.7891
Philippe2019	clancheck_fail	0.9415
Philippe2019	clancheck_fail	1.3685
Philippe2019	clancheck_fail	1.2615
Philippe2019	clancheck_fail	0.6704
Philippe2019	clancheck_fail	0.8684
Philippe2019	clancheck_fail	0.9852
Philippe2019	clancheck_fail	1.0422
Philippe2019	clancheck_fail	0.9968
Philippe2019	clancheck_fail	0.7236
Philippe2019	clancheck_fail	0.7144
Philippe2019	clancheck_fail	0.8627
Philippe2019	clancheck_fail	1.4506
Philippe2019	clancheck_fail	0.6898
Philippe2019	clancheck_fail	1.0487
Philippe2019	clancheck_fail	0.9098
Philippe2019	clancheck_fail	0.7988
Philippe2019	clancheck_fail	0.622
Philippe2019	clancheck_fail	1.2153
Philippe2019	clancheck_fail	1.0511
Philippe2019	clancheck_fail	1.8977
Philippe2019	clancheck_fail	1.1366
Philippe2019	clancheck_fail	0.8034
Philippe2019	clancheck_fail	0.8519
Philippe2019	clancheck_fail	2.8596
Philippe2019	clancheck_fail	0.5643
Philippe2019	clancheck_fail	1.0672
Philippe2019	clancheck_fail	1.1432
Philippe2019	clancheck_fail	1.9587
Philippe2019	clancheck_fail	0.6454
Philippe2019	clancheck_fail	0.8375
Philippe2019	clancheck_fail	0.7172
Philippe2019	clancheck_fail	0.7039
Philippe2019	clancheck_fail	0.8581
Philippe2019	clancheck_fail	0.6989
Philippe2019	clancheck_fail	0.7435
Philippe2019	clancheck_fail	0.8722
Philippe2019	clancheck_fail	1.0107
Philippe2019	clancheck_fail	0.7133
Philippe2019	clancheck_fail	1.0272
Philippe2019	clancheck_fail	0.5151
Philippe2019	clancheck_fail	0.977
Philippe2019	clancheck_fail	2.2787
Philippe2019	clancheck_fail	0.774
Philippe2019	clancheck_fail	0.7414
Philippe2019	clancheck_fail	1.0911
Philippe2019	clancheck_fail	0.7751
Philippe2019	clancheck_fail	1.0685
Philippe2019	clancheck_fail	1.2811
Philippe2019	clancheck_fail	1.418
Philippe2019	clancheck_fail	0.603
Philippe2019	clancheck_fail	1.0238
Philippe2019	clancheck_fail	2.1947
Philippe2019	clancheck_fail	1.1058
Philippe2019	clancheck_fail	0.9187
Philippe2019	clancheck_fail	0.7677
Philippe2019	clancheck_fail	2.8716
Philippe2019	clancheck_fail	0.8483
Philippe2019	clancheck_fail	0.6305
Philippe2019	clancheck_fail	0.6309
Philippe2019	clancheck_fail	1.9624
Philippe2019	clancheck_fail	0.8512
Philippe2019	clancheck_fail	1.2272
Philippe2019	clancheck_fail	0.8769
Philippe2019	clancheck_fail	1.0873
Philippe2019	clancheck_fail	1.2507
Philippe2019	clancheck_fail	1.1059
Philippe2019	clancheck_fail	0.9208
Philippe2019	clancheck_fail	0.9987
Philippe2019	clancheck_fail	0.8704
Philippe2019	clancheck_fail	0.7955
Philippe2019	clancheck_fail	1.3121
Philippe2019	clancheck_fail	0.5643
Philippe2019	clancheck_fail	1.5999
Philippe2019	clancheck_fail	1.0447
Philippe2019	clancheck_fail	2.0291
Philippe2019	clancheck_fail	0.7949
Philippe2019	clancheck_fail	0.6289
Philippe2019	clancheck_fail	1.0632
Philippe2019	clancheck_fail	1.9182
Philippe2019	clancheck_fail	0.896
Philippe2019	clancheck_fail	0.4066
Philippe2019	clancheck_fail	0.9676
Philippe2019	clancheck_fail	1.1274
Philippe2019	clancheck_fail	0.9703
Philippe2019	clancheck_fail	0.608
Philippe2019	clancheck_fail	0.8776
Philippe2019	clancheck_fail	1.3829
Philippe2019	clancheck_fail	3.8343
Philippe2019	clancheck_fail	0.9232
Philippe2019	clancheck_fail	0.9336
Philippe2019	clancheck_fail	0.6383
Philippe2019	clancheck_fail	0.6786
Philippe2019	clancheck_fail	1.0188
Philippe2019	clancheck_fail	0.8974
Philippe2019	clancheck_fail	1.2255
Philippe2019	clancheck_fail	0.9053
Philippe2019	clancheck_fail	0.6986
Philippe2019	clancheck_fail	0.9637
Philippe2019	clancheck_fail	0.7439
Philippe2019	clancheck_fail	1.1
Philippe2019	clancheck_fail	1.5226
Philippe2019	clancheck_fail	0.6161
Philippe2019	clancheck_fail	0.9038
Philippe2019	clancheck_fail	1.02
Philippe2019	clancheck_fail	0.599
Philippe2019	clancheck_fail	0.7302
Philippe2019	clancheck_fail	1.1377
Philippe2019	clancheck_fail	0.4701
Philippe2019	clancheck_fail	0.8763
Philippe2019	clancheck_fail	1.764
Philippe2019	clancheck_fail	0.7833
Philippe2019	clancheck_fail	1.0109
Philippe2019	clancheck_fail	1.1783
Philippe2019	clancheck_fail	1.1256
Philippe2019	clancheck_fail	1.3793
Philippe2019	clancheck_fail	0.8151
Philippe2019	clancheck_fail	1.399
Philippe2019	clancheck_fail	0.917
Philippe2019	clancheck_fail	0.856
Philippe2019	clancheck_fail	0.5325
Philippe2019	clancheck_fail	0.8353
Philippe2019	clancheck_fail	0.7077
Philippe2019	clancheck_fail	0.5391
Philippe2019	clancheck_fail	1.1991
Philippe2019	clancheck_fail	0.7012
Philippe2019	clancheck_fail	0.6235
Philippe2019	clancheck_fail	2.2645
Philippe2019	clancheck_fail	0.9131
Philippe2019	clancheck_fail	0.7215
Philippe2019	clancheck_fail	0.8101
Philippe2019	clancheck_fail	0.9352
Philippe2019	clancheck_fail	0.7422
Philippe2019	clancheck_fail	0.8515
Philippe2019	clancheck_fail	0.6747
Philippe2019	clancheck_fail	0.8341
Philippe2019	clancheck_fail	0.8592
Philippe2019	clancheck_fail	0.9724
Philippe2019	clancheck_fail	1.122
Philippe2019	clancheck_fail	0.8819
Philippe2019	clancheck_fail	0.4993
Philippe2019	clancheck_fail	0.7074
Philippe2019	clancheck_fail	1.3488
Philippe2019	clancheck_fail	1.4653
Philippe2019	clancheck_fail	0.6415
Philippe2019	clancheck_fail	1.366
Philippe2019	clancheck_fail	1.5238
Philippe2019	clancheck_fail	0.7426
Philippe2019	clancheck_fail	0.8897
Philippe2019	clancheck_fail	1.0507
Philippe2019	clancheck_fail	0.6589
Philippe2019	clancheck_fail	0.7165
Philippe2019	clancheck_fail	0.6776
Philippe2019	clancheck_fail	0.542
Philippe2019	clancheck_fail	0.5659
Philippe2019	clancheck_fail	0.9145
Philippe2019	clancheck_fail	0.6259
Philippe2019	clancheck_fail	0.7693
Philippe2019	clancheck_fail	2.5709
Philippe2019	clancheck_fail	1.2624
Philippe2019	clancheck_fail	0.8057
Philippe2019	clancheck_fail	0.9748
Philippe2019	clancheck_fail	1.0782
Philippe2019	clancheck_fail	1.0856
Philippe2019	clancheck_fail	1.2115
Philippe2019	clancheck_fail	0.8844
Philippe2019	clancheck_fail	0.7183
Philippe2019	clancheck_fail	0.562
Philippe2019	clancheck_fail	0.63
Philippe2019	clancheck_fail	1.3145
Philippe2019	clancheck_fail	0.519
Philippe2019	clancheck_fail	0.9208
Philippe2019	clancheck_fail	1.1499
Philippe2019	clancheck_fail	0.9228
Philippe2019	clancheck_fail	0.6987
Philippe2019	clancheck_fail	0.802
Philippe2019	clancheck_fail	1.2695
Philippe2019	clancheck_fail	0.8802
Philippe2019	clancheck_fail	1.0762
Philippe2019	clancheck_fail	0.4879
Philippe2019	clancheck_fail	0.8053
Philippe2019	clancheck_fail	1.0143
Philippe2019	clancheck_fail	0.795
Philippe2019	clancheck_fail	3.6739
Philippe2019	clancheck_fail	0.9479
Philippe2019	clancheck_fail	1.0257
Philippe2019	clancheck_fail	0.8718
Philippe2019	clancheck_fail	0.563
Philippe2019	clancheck_fail	0.4583
Philippe2019	clancheck_fail	1.0816
Philippe2019	clancheck_fail	1.4882
Philippe2019	clancheck_fail	0.7274
Philippe2019	clancheck_fail	0.8126
Philippe2019	clancheck_fail	0.6169
Philippe2019	clancheck_fail	0.5738
Philippe2019	clancheck_fail	0.7275
Philippe2019	clancheck_fail	0.9763
Philippe2019	clancheck_fail	0.8302
Philippe2019	clancheck_fail	0.9823
Philippe2019	clancheck_fail	0.8402
Philippe2019	clancheck_fail	1.1473
Philippe2019	clancheck_fail	0.8228
Philippe2019	clancheck_fail	1.003
Philippe2019	clancheck_fail	0.8783
Philippe2019	clancheck_fail	1.114
Philippe2019	clancheck_fail	0.7009
Philippe2019	clancheck_fail	0.9429
Philippe2019	clancheck_fail	1.2809
Philippe2019	clancheck_fail	0.7104
Philippe2019	clancheck_fail	1.0818
Philippe2019	clancheck_fail	1.4904
Philippe2019	clancheck_fail	1.3255
Philippe2019	clancheck_fail	0.6166
Philippe2019	clancheck_fail	0.8002
Philippe2019	clancheck_fail	1.7603
Philippe2019	clancheck_fail	2.2017
Philippe2019	clancheck_fail	0.6934
Philippe2019	clancheck_fail	0.8143
Philippe2019	clancheck_fail	1.1449
Philippe2019	clancheck_fail	0.8157
Philippe2019	clancheck_fail	1.6772
Philippe2019	clancheck_fail	1.2284
Philippe2019	clancheck_fail	1.2228
Philippe2019	clancheck_fail	0.6158
Philippe2019	clancheck_fail	0.7945
Philippe2019	clancheck_fail	0.5447
Philippe2019	clancheck_fail	0.475
Philippe2019	clancheck_fail	0.5857
Philippe2019	clancheck_fail	1.2849
Philippe2019	clancheck_fail	0.7786
Philippe2019	clancheck_fail	0.6444
Philippe2019	clancheck_fail	1.0466
Philippe2019	clancheck_fail	1.1472
Philippe2019	clancheck_fail	0.889
Philippe2019	clancheck_fail	0.8733
Philippe2019	clancheck_fail	1.8674
Philippe2019	clancheck_fail	1.05
Philippe2019	clancheck_fail	2.9383
Philippe2019	clancheck_fail	0.5437
Philippe2019	clancheck_fail	1.061
Philippe2019	clancheck_fail	0.887
Philippe2019	clancheck_fail	1.0855
Philippe2019	clancheck_fail	0.5808
Philippe2019	clancheck_fail	0.6575
Philippe2019	clancheck_fail	0.6256
Philippe2019	clancheck_fail	1.5197
Philippe2019	clancheck_fail	0.6046
Philippe2019	clancheck_fail	0.6237
Philippe2019	clancheck_fail	1.5293
Philippe2019	clancheck_fail	0.6137
Philippe2019	clancheck_fail	0.9442
Philippe2019	clancheck_fail	0.7049
Philippe2019	clancheck_fail	1.4227
Philippe2019	clancheck_fail	0.8916
Philippe2019	clancheck_fail	0.6615
Philippe2019	clancheck_fail	0.9745
Philippe2019	clancheck_fail	1.6869
Philippe2019	clancheck_fail	0.6802
Philippe2019	clancheck_fail	1.0767
Philippe2019	clancheck_fail	1.6173
Philippe2019	clancheck_fail	0.8262
Philippe2019	clancheck_fail	0.5872
Philippe2019	clancheck_fail	0.6894
Philippe2019	clancheck_fail	1.424
Philippe2019	clancheck_fail	0.6674
Philippe2019	clancheck_fail	0.7268
Philippe2019	clancheck_fail	0.6787
Philippe2019	clancheck_fail	0.7582
Philippe2019	clancheck_fail	0.9213
Philippe2019	clancheck_fail	1.1357
Philippe2019	clancheck_fail	0.7783
Philippe2019	clancheck_fail	1.8871
Philippe2019	clancheck_fail	1.5426
Philippe2019	clancheck_fail	0.9428
Philippe2019	clancheck_fail	0.6054
Philippe2019	clancheck_fail	2.1113
Philippe2019	clancheck_fail	1.4346
Philippe2019	clancheck_fail	0.5701
Philippe2019	clancheck_fail	0.5567
Philippe2019	clancheck_fail	0.6233
Philippe2019	clancheck_fail	0.6627
Philippe2019	clancheck_fail	0.7967
Philippe2019	clancheck_fail	0.7332
Philippe2019	clancheck_fail	0.6862
Philippe2019	clancheck_fail	0.837
Philippe2019	clancheck_fail	0.8868
Philippe2019	clancheck_fail	0.9867
Philippe2019	clancheck_fail	1.2952
Philippe2019	clancheck_fail	0.6627
Philippe2019	clancheck_fail	1.7027
Philippe2019	clancheck_fail	1.0847
Philippe2019	clancheck_fail	0.5969
Philippe2019	clancheck_fail	0.9314
Philippe2019	clancheck_fail	0.7747
Philippe2019	clancheck_fail	0.5573
Philippe2019	clancheck_fail	1.7566
Philippe2019	clancheck_fail	1.3579
Philippe2019	clancheck_fail	0.8484
Philippe2019	clancheck_fail	0.6017
Philippe2019	clancheck_fail	0.8254
Philippe2019	clancheck_fail	0.7215
Philippe2019	clancheck_fail	0.9927
Philippe2019	clancheck_fail	1.1057
Philippe2019	clancheck_fail	0.7049
Philippe2019	clancheck_fail	0.7839
Philippe2019	clancheck_fail	2.5049
Philippe2019	clancheck_fail	1.0393
Philippe2019	clancheck_fail	0.9077
Philippe2019	clancheck_fail	0.682
Philippe2019	clancheck_fail	0.9604
Philippe2019	clancheck_fail	1.0212
Philippe2019	clancheck_fail	0.8794
Philippe2019	clancheck_fail	0.6622
Philippe2019	clancheck_fail	1.2822
Philippe2019	clancheck_fail	0.6993
Philippe2019	clancheck_fail	0.7884
Philippe2019	clancheck_fail	0.9679
Philippe2019	clancheck_fail	0.8026
Philippe2019	clancheck_fail	0.6348
Philippe2019	clancheck_fail	0.6995
Philippe2019	clancheck_fail	0.9558
Philippe2019	clancheck_fail	0.8694
Philippe2019	clancheck_fail	0.68
Philippe2019	clancheck_fail	0.5967
Philippe2019	clancheck_fail	0.6874
Philippe2019	clancheck_fail	0.9038
Philippe2019	clancheck_fail	0.8304
Philippe2019	clancheck_fail	0.6493
Philippe2019	clancheck_fail	0.6969
Philippe2019	clancheck_fail	0.9387
Philippe2019	clancheck_fail	0.7678
Philippe2019	clancheck_fail	0.6483
Philippe2019	clancheck_fail	1.26
Philippe2019	clancheck_fail	0.7211
Philippe2019	clancheck_fail	1.6338
Philippe2019	clancheck_fail	0.8521
Philippe2019	clancheck_fail	0.9952
Philippe2019	clancheck_fail	0.66
Philippe2019	clancheck_fail	1.212
Philippe2019	clancheck_fail	1.3692
Philippe2019	clancheck_fail	1.2727
Philippe2019	clancheck_fail	0.8378
Philippe2019	clancheck_fail	0.7689
Philippe2019	clancheck_fail	1.0342
Philippe2019	clancheck_fail	1.9104
Philippe2019	clancheck_fail	0.6147
Philippe2019	clancheck_fail	0.6767
Philippe2019	clancheck_fail	0.5972
Philippe2019	clancheck_fail	0.9489
Philippe2019	clancheck_fail	0.6696
Philippe2019	clancheck_fail	0.8073
Philippe2019	clancheck_fail	0.7545
Philippe2019	clancheck_fail	0.6886
Philippe2019	clancheck_fail	0.9741
Philippe2019	clancheck_fail	0.7479
Philippe2019	clancheck_fail	3.5046
Philippe2019	clancheck_fail	0.6448
Philippe2019	clancheck_fail	1.0323
Philippe2019	clancheck_fail	0.7882
Philippe2019	clancheck_fail	0.7816
Philippe2019	clancheck_fail	0.6543
Philippe2019	clancheck_fail	1.5969
Philippe2019	clancheck_fail	1.1989
Philippe2019	clancheck_fail	1.5598
Philippe2019	clancheck_fail	1.0056
Philippe2019	clancheck_fail	0.9785
Philippe2019	clancheck_fail	2.0261
Philippe2019	clancheck_fail	1.1285
Philippe2019	clancheck_fail	0.6337
Philippe2019	clancheck_fail	0.8238
Philippe2019	clancheck_fail	1.1324
