Rouse2016	clancheck_pass	190
Rouse2016	clancheck_pass	180
Rouse2016	clancheck_pass	227
Rouse2016	clancheck_pass	238
Rouse2016	clancheck_pass	171
Rouse2016	clancheck_pass	813
Rouse2016	clancheck_pass	240
Rouse2016	clancheck_pass	302
Rouse2016	clancheck_pass	217
Rouse2016	clancheck_pass	343
Rouse2016	clancheck_pass	233
Rouse2016	clancheck_pass	150
Rouse2016	clancheck_pass	250
Rouse2016	clancheck_pass	511
Rouse2016	clancheck_pass	346
Rouse2016	clancheck_pass	376
Rouse2016	clancheck_pass	207
Rouse2016	clancheck_pass	195
Rouse2016	clancheck_pass	240
Rouse2016	clancheck_pass	403
Rouse2016	clancheck_pass	188
Rouse2016	clancheck_pass	278
Rouse2016	clancheck_pass	250
Rouse2016	clancheck_pass	201
Rouse2016	clancheck_pass	283
Rouse2016	clancheck_pass	295
Rouse2016	clancheck_pass	228
Rouse2016	clancheck_pass	215
Rouse2016	clancheck_pass	437
Rouse2016	clancheck_pass	254
Rouse2016	clancheck_pass	482
Rouse2016	clancheck_pass	226
Rouse2016	clancheck_pass	536
Rouse2016	clancheck_pass	187
Rouse2016	clancheck_pass	324
Rouse2016	clancheck_pass	562
Rouse2016	clancheck_pass	366
Rouse2016	clancheck_pass	255
Rouse2016	clancheck_pass	231
Rouse2016	clancheck_pass	293
Rouse2016	clancheck_pass	315
Rouse2016	clancheck_pass	232
Rouse2016	clancheck_pass	151
Rouse2016	clancheck_pass	307
Rouse2016	clancheck_pass	351
Rouse2016	clancheck_pass	276
Rouse2016	clancheck_pass	375
Rouse2016	clancheck_pass	554
Rouse2016	clancheck_pass	314
Rouse2016	clancheck_pass	176
Rouse2016	clancheck_pass	440
Rouse2016	clancheck_pass	162
Rouse2016	clancheck_pass	219
Rouse2016	clancheck_pass	215
Rouse2016	clancheck_pass	259
Rouse2016	clancheck_pass	686
Rouse2016	clancheck_pass	141
Rouse2016	clancheck_pass	237
Rouse2016	clancheck_pass	633
Rouse2016	clancheck_pass	225
Rouse2016	clancheck_pass	415
Rouse2016	clancheck_pass	217
Rouse2016	clancheck_pass	611
Rouse2016	clancheck_pass	255
Rouse2016	clancheck_pass	276
Rouse2016	clancheck_pass	599
Rouse2016	clancheck_pass	256
Rouse2016	clancheck_pass	286
Rouse2016	clancheck_pass	220
Rouse2016	clancheck_pass	294
Rouse2016	clancheck_fail	435
Rouse2016	clancheck_fail	555
Rouse2016	clancheck_fail	325
Rouse2016	clancheck_fail	466
Rouse2016	clancheck_fail	155
Rouse2016	clancheck_fail	289
Rouse2016	clancheck_fail	500
Rouse2016	clancheck_fail	169
Rouse2016	clancheck_fail	189
Rouse2016	clancheck_fail	316
Rouse2016	clancheck_fail	289
Rouse2016	clancheck_fail	266
Rouse2016	clancheck_fail	399
Rouse2016	clancheck_fail	198
Rouse2016	clancheck_fail	142
Rouse2016	clancheck_fail	263
Rouse2016	clancheck_fail	187
Rouse2016	clancheck_fail	467
Rouse2016	clancheck_fail	251
Rouse2016	clancheck_fail	234
Rouse2016	clancheck_fail	226
Rouse2016	clancheck_fail	254
Rouse2016	clancheck_fail	135
Rouse2016	clancheck_fail	289
Rouse2016	clancheck_fail	292
Rouse2016	clancheck_fail	262
Rouse2016	clancheck_fail	175
Rouse2016	clancheck_fail	344
Rouse2016	clancheck_fail	473
Rouse2016	clancheck_fail	234
Rouse2016	clancheck_fail	180
Rouse2016	clancheck_fail	371
Rouse2016	clancheck_fail	318
Rouse2016	clancheck_fail	281
Rouse2016	clancheck_fail	84
Rouse2016	clancheck_fail	288
Rouse2016	clancheck_fail	294
Rouse2016	clancheck_fail	256
Rouse2016	clancheck_fail	275
Rouse2016	clancheck_fail	115
Rouse2016	clancheck_fail	393
Rouse2016	clancheck_fail	171
Rouse2016	clancheck_fail	242
Rouse2016	clancheck_fail	165
Rouse2016	clancheck_fail	366
Rouse2016	clancheck_fail	281
Rouse2016	clancheck_fail	175
Rouse2016	clancheck_fail	359
Rouse2016	clancheck_fail	191
Rouse2016	clancheck_fail	207
Rouse2016	clancheck_fail	278
Rouse2016	clancheck_fail	416
Rouse2016	clancheck_fail	195
Rouse2016	clancheck_fail	169
Rouse2016	clancheck_fail	254
Rouse2016	clancheck_fail	246
Rouse2016	clancheck_fail	210
Rouse2016	clancheck_fail	204
Rouse2016	clancheck_fail	242
Rouse2016	clancheck_fail	352
Rouse2016	clancheck_fail	373
Rouse2016	clancheck_fail	113
Rouse2016	clancheck_fail	261
Rouse2016	clancheck_fail	217
Rouse2016	clancheck_fail	207
Rouse2016	clancheck_fail	271
Rouse2016	clancheck_fail	188
Rouse2016	clancheck_fail	136
Rouse2016	clancheck_fail	211
Rouse2016	clancheck_fail	53
Rouse2016	clancheck_fail	247
Rouse2016	clancheck_fail	207
Rouse2016	clancheck_fail	186
Rouse2016	clancheck_fail	385
Rouse2016	clancheck_fail	184
Rouse2016	clancheck_fail	370
Rouse2016	clancheck_fail	253
Rouse2016	clancheck_fail	151
Rouse2016	clancheck_fail	174
Rouse2016	clancheck_fail	90
Rouse2016	clancheck_fail	20
Rouse2016	clancheck_fail	682
Rouse2016	clancheck_fail	96
Rouse2016	clancheck_fail	207
Rouse2016	clancheck_fail	237
Rouse2016	clancheck_fail	319
Rouse2016	clancheck_fail	291
Rouse2016	clancheck_fail	241
Rouse2016	clancheck_fail	264
Rouse2016	clancheck_fail	289
Rouse2016	clancheck_fail	345
Rouse2016	clancheck_fail	261
Rouse2016	clancheck_fail	238
Rouse2016	clancheck_fail	203
Rouse2016	clancheck_fail	146
Rouse2016	clancheck_fail	207
Rouse2016	clancheck_fail	211
Rouse2016	clancheck_fail	328
Rouse2016	clancheck_fail	138
Rouse2016	clancheck_fail	295
Rouse2016	clancheck_fail	148
Rouse2016	clancheck_fail	266
Rouse2016	clancheck_fail	220
Rouse2016	clancheck_fail	226
Rouse2016	clancheck_fail	162
Rouse2016	clancheck_fail	234
Rouse2016	clancheck_fail	349
Rouse2016	clancheck_fail	313
Rouse2016	clancheck_fail	504
Rouse2016	clancheck_fail	423
Rouse2016	clancheck_fail	131
Rouse2016	clancheck_fail	156
Rouse2016	clancheck_fail	288
Rouse2016	clancheck_fail	242
Rouse2016	clancheck_fail	276
Rouse2016	clancheck_fail	331
Rouse2016	clancheck_fail	125
Rouse2016	clancheck_fail	291
Rouse2016	clancheck_fail	289
Rouse2016	clancheck_fail	224
Rouse2016	clancheck_fail	165
Rouse2016	clancheck_fail	200
Rouse2016	clancheck_fail	273
Rouse2016	clancheck_fail	59
Rouse2016	clancheck_fail	303
Rouse2016	clancheck_fail	204
Rouse2016	clancheck_fail	295
Rouse2016	clancheck_fail	388
Rouse2016	clancheck_fail	296
Rouse2016	clancheck_fail	280
Rouse2016	clancheck_fail	195
Rouse2016	clancheck_fail	328
Rouse2016	clancheck_fail	272
Rouse2016	clancheck_fail	332
Rouse2016	clancheck_fail	227
Rouse2016	clancheck_fail	161
Rouse2016	clancheck_fail	144
Rouse2016	clancheck_fail	352
Rouse2016	clancheck_fail	255
Rouse2016	clancheck_fail	315
Rouse2016	clancheck_fail	147
Rouse2016	clancheck_fail	199
Rouse2016	clancheck_fail	335
Rouse2016	clancheck_fail	277
Rouse2016	clancheck_fail	247
Rouse2016	clancheck_fail	258
Rouse2016	clancheck_fail	101
Rouse2016	clancheck_fail	155
Rouse2016	clancheck_fail	261
Rouse2016	clancheck_fail	125
Rouse2016	clancheck_fail	256
Rouse2016	clancheck_fail	154
Rouse2016	clancheck_fail	271
Rouse2016	clancheck_fail	317
Rouse2016	clancheck_fail	237
Rouse2016	clancheck_fail	99
Rouse2016	clancheck_fail	234
Rouse2016	clancheck_fail	253
Rouse2016	clancheck_fail	135
Rouse2016	clancheck_fail	212
Rouse2016	clancheck_fail	168
Rouse2016	clancheck_fail	227
Rouse2016	clancheck_fail	180
Rouse2016	clancheck_fail	133
Rouse2016	clancheck_fail	323
Rouse2016	clancheck_fail	218
Rouse2016	clancheck_fail	269
Rouse2016	clancheck_fail	230
Rouse2016	clancheck_fail	371
Rouse2016	clancheck_fail	188
Rouse2016	clancheck_fail	282
Rouse2016	clancheck_fail	240
Rouse2016	clancheck_fail	383
Rouse2016	clancheck_fail	250
Rouse2016	clancheck_fail	224
Rouse2016	clancheck_fail	176
Rouse2016	clancheck_fail	247
Rouse2016	clancheck_fail	291
Rouse2016	clancheck_fail	338
Rouse2016	clancheck_fail	258
Rouse2016	clancheck_fail	319
Rouse2016	clancheck_fail	307
Rouse2016	clancheck_fail	234
Rouse2016	clancheck_fail	264
Rouse2016	clancheck_fail	140
Rouse2016	clancheck_fail	123
Rouse2016	clancheck_fail	184
Rouse2016	clancheck_fail	167
Rouse2016	clancheck_fail	365
Rouse2016	clancheck_fail	299
Rouse2016	clancheck_fail	358
Rouse2016	clancheck_fail	280
Rouse2016	clancheck_fail	304
Rouse2016	clancheck_fail	237
Rouse2016	clancheck_fail	252
Rouse2016	clancheck_fail	279
Rouse2016	clancheck_fail	286
Rouse2016	clancheck_fail	583
Rouse2016	clancheck_fail	312
Rouse2016	clancheck_fail	259
Rouse2016	clancheck_fail	249
Rouse2016	clancheck_fail	271
Rouse2016	clancheck_fail	242
Rouse2016	clancheck_fail	179
Rouse2016	clancheck_fail	267
Rouse2016	clancheck_fail	280
Rouse2016	clancheck_fail	253
Rouse2016	clancheck_fail	190
Rouse2016	clancheck_fail	292
Rouse2016	clancheck_fail	143
Rouse2016	clancheck_fail	292
Rouse2016	clancheck_fail	145
Rouse2016	clancheck_fail	230
Rouse2016	clancheck_fail	123
Rouse2016	clancheck_fail	323
Rouse2016	clancheck_fail	330
Rouse2016	clancheck_fail	233
Rouse2016	clancheck_fail	253
Rouse2016	clancheck_fail	488
Rouse2016	clancheck_fail	241
Rouse2016	clancheck_fail	133
Rouse2016	clancheck_fail	119
Rouse2016	clancheck_fail	112
Rouse2016	clancheck_fail	330
Rouse2016	clancheck_fail	129
Rouse2016	clancheck_fail	491
Rouse2016	clancheck_fail	372
Rouse2016	clancheck_fail	190
Rouse2016	clancheck_fail	231
Rouse2016	clancheck_fail	299
Rouse2016	clancheck_fail	564
Rouse2016	clancheck_fail	209
Rouse2016	clancheck_fail	398
Rouse2016	clancheck_fail	200
Rouse2016	clancheck_fail	241
Rouse2016	clancheck_fail	183
Rouse2016	clancheck_fail	339
Rouse2016	clancheck_fail	231
Rouse2016	clancheck_fail	227
Rouse2016	clancheck_fail	419
Rouse2016	clancheck_fail	163
Rouse2016	clancheck_fail	238
Rouse2016	clancheck_fail	189
Rouse2016	clancheck_fail	164
Rouse2016	clancheck_fail	276
Rouse2016	clancheck_fail	233
Rouse2016	clancheck_fail	320
Rouse2016	clancheck_fail	177
Rouse2016	clancheck_fail	193
Rouse2016	clancheck_fail	399
Rouse2016	clancheck_fail	228
Rouse2016	clancheck_fail	225
Rouse2016	clancheck_fail	200
Rouse2016	clancheck_fail	193
Rouse2016	clancheck_fail	208
Rouse2016	clancheck_fail	206
Rouse2016	clancheck_fail	242
Rouse2016	clancheck_fail	295
Rouse2016	clancheck_fail	444
Rouse2016	clancheck_fail	497
Rouse2016	clancheck_fail	222
Rouse2016	clancheck_fail	260
Rouse2016	clancheck_fail	210
Rouse2016	clancheck_fail	248
Rouse2016	clancheck_fail	351
Rouse2016	clancheck_fail	222
Rouse2016	clancheck_fail	241
Rouse2016	clancheck_fail	290
Rouse2016	clancheck_fail	295
Rouse2016	clancheck_fail	226
Rouse2016	clancheck_fail	229
Rouse2016	clancheck_fail	124
Rouse2016	clancheck_fail	329
Rouse2016	clancheck_fail	319
Rouse2016	clancheck_fail	351
Rouse2016	clancheck_fail	265
Rouse2016	clancheck_fail	207
Rouse2016	clancheck_fail	173
Rouse2016	clancheck_fail	165
Rouse2016	clancheck_fail	209
Rouse2016	clancheck_fail	183
Rouse2016	clancheck_fail	245
Rouse2016	clancheck_fail	260
Rouse2016	clancheck_fail	200
Rouse2016	clancheck_fail	110
Rouse2016	clancheck_fail	313
Rouse2016	clancheck_fail	389
Rouse2016	clancheck_fail	145
Rouse2016	clancheck_fail	175
Rouse2016	clancheck_fail	281
Rouse2016	clancheck_fail	82
Rouse2016	clancheck_fail	278
Rouse2016	clancheck_fail	202
Rouse2016	clancheck_fail	178
Rouse2016	clancheck_fail	98
Rouse2016	clancheck_fail	228
Rouse2016	clancheck_fail	223
Rouse2016	clancheck_fail	343
Rouse2016	clancheck_fail	255
Rouse2016	clancheck_fail	196
Rouse2016	clancheck_fail	313
Rouse2016	clancheck_fail	218
Rouse2016	clancheck_fail	247
Rouse2016	clancheck_fail	204
Rouse2016	clancheck_fail	154
Rouse2016	clancheck_fail	274
Rouse2016	clancheck_fail	320
Rouse2016	clancheck_fail	311
Rouse2016	clancheck_fail	234
Rouse2016	clancheck_fail	352
Rouse2016	clancheck_fail	186
Rouse2016	clancheck_fail	309
Rouse2016	clancheck_fail	207
Rouse2016	clancheck_fail	482
Rouse2016	clancheck_fail	95
Rouse2016	clancheck_fail	138
Rouse2016	clancheck_fail	374
Rouse2016	clancheck_fail	208
Rouse2016	clancheck_fail	213
Rouse2016	clancheck_fail	232
Rouse2016	clancheck_fail	273
Rouse2016	clancheck_fail	231
Rouse2016	clancheck_fail	238
Rouse2016	clancheck_fail	166
Rouse2016	clancheck_fail	302
Rouse2016	clancheck_fail	158
Rouse2016	clancheck_fail	154
Rouse2016	clancheck_fail	347
Rouse2016	clancheck_fail	158
Rouse2016	clancheck_fail	151
Rouse2016	clancheck_fail	282
Rouse2016	clancheck_fail	239
Rouse2016	clancheck_fail	207
Rouse2016	clancheck_fail	171
Rouse2016	clancheck_fail	241
Rouse2016	clancheck_fail	193
Rouse2016	clancheck_fail	221
Rouse2016	clancheck_fail	314
Rouse2016	clancheck_fail	257
Rouse2016	clancheck_fail	229
Rouse2016	clancheck_fail	284
Rouse2016	clancheck_fail	204
Rouse2016	clancheck_fail	303
Rouse2016	clancheck_fail	361
Rouse2016	clancheck_fail	220
Rouse2016	clancheck_fail	432
Rouse2016	clancheck_fail	329
Rouse2016	clancheck_fail	225
Rouse2016	clancheck_fail	240
Rouse2016	clancheck_fail	330
Rouse2016	clancheck_fail	159
Rouse2016	clancheck_fail	166
Rouse2016	clancheck_fail	330
Rouse2016	clancheck_fail	308
Rouse2016	clancheck_fail	184
Rouse2016	clancheck_fail	231
Rouse2016	clancheck_fail	276
Rouse2016	clancheck_fail	245
Rouse2016	clancheck_fail	151
Rouse2016	clancheck_fail	258
Rouse2016	clancheck_fail	98
Rouse2016	clancheck_fail	198
Rouse2016	clancheck_fail	158
Rouse2016	clancheck_fail	296
Rouse2016	clancheck_fail	213
Rouse2016	clancheck_fail	132
Rouse2016	clancheck_fail	170
Rouse2016	clancheck_fail	158
Rouse2016	clancheck_fail	263
Rouse2016	clancheck_fail	89
Rouse2016	clancheck_fail	293
Rouse2016	clancheck_fail	230
Rouse2016	clancheck_fail	244
Rouse2016	clancheck_fail	103
Rouse2016	clancheck_fail	322
Rouse2016	clancheck_fail	93
Rouse2016	clancheck_fail	206
Rouse2016	clancheck_fail	355
Rouse2016	clancheck_fail	282
Rouse2016	clancheck_fail	296
Rouse2016	clancheck_fail	450
Rouse2016	clancheck_fail	236
Rouse2016	clancheck_fail	203
Rouse2016	clancheck_fail	272
Rouse2016	clancheck_fail	273
Rouse2016	clancheck_fail	190
Rouse2016	clancheck_fail	192
Rouse2016	clancheck_fail	259
Rouse2016	clancheck_fail	217
Rouse2016	clancheck_fail	254
Rouse2016	clancheck_fail	372
Rouse2016	clancheck_fail	144
Rouse2016	clancheck_fail	572
Rouse2016	clancheck_fail	322
Rouse2016	clancheck_fail	249
Rouse2016	clancheck_fail	530
Rouse2016	clancheck_fail	299
Rouse2016	clancheck_fail	200
Rouse2016	clancheck_fail	130
Rouse2016	clancheck_fail	315
Rouse2016	clancheck_fail	397
Rouse2016	clancheck_fail	86
Rouse2016	clancheck_fail	370
Rouse2016	clancheck_fail	211
Rouse2016	clancheck_fail	274
Rouse2016	clancheck_fail	193
Rouse2016	clancheck_fail	318
Rouse2016	clancheck_fail	215
Rouse2016	clancheck_fail	318
Rouse2016	clancheck_fail	259
Rouse2016	clancheck_fail	656
Rouse2016	clancheck_fail	196
Rouse2016	clancheck_fail	203
Rouse2016	clancheck_fail	258
Rouse2016	clancheck_fail	194
Rouse2016	clancheck_fail	220
Rouse2016	clancheck_fail	107
Rouse2016	clancheck_fail	101
Rouse2016	clancheck_fail	237
Rouse2016	clancheck_fail	313
Rouse2016	clancheck_fail	84
Rouse2016	clancheck_fail	236
Rouse2016	clancheck_fail	533
Rouse2016	clancheck_fail	220
Rouse2016	clancheck_fail	203
Rouse2016	clancheck_fail	420
Rouse2016	clancheck_fail	351
Rouse2016	clancheck_fail	234
Rouse2016	clancheck_fail	184
Rouse2016	clancheck_fail	293
Rouse2016	clancheck_fail	360
Rouse2016	clancheck_fail	254
Rouse2016	clancheck_fail	220
Rouse2016	clancheck_fail	267
Rouse2016	clancheck_fail	267
Rouse2016	clancheck_fail	296
Rouse2016	clancheck_fail	210
Rouse2016	clancheck_fail	91
Rouse2016	clancheck_fail	296
Rouse2016	clancheck_fail	301
Rouse2016	clancheck_fail	255
Rouse2016	clancheck_fail	709
Rouse2016	clancheck_fail	203
Rouse2016	clancheck_fail	288
Rouse2016	clancheck_fail	338
Rouse2016	clancheck_fail	454
Rouse2016	clancheck_fail	290
Rouse2016	clancheck_fail	229
Rouse2016	clancheck_fail	264
Rouse2016	clancheck_fail	202
Rouse2016	clancheck_fail	491
Rouse2016	clancheck_fail	94
Rouse2016	clancheck_fail	298
Rouse2016	clancheck_fail	313
Rouse2016	clancheck_fail	177
Rouse2016	clancheck_fail	107
Rouse2016	clancheck_fail	103
Rouse2016	clancheck_fail	294
Rouse2016	clancheck_fail	194
Rouse2016	clancheck_fail	225
Rouse2016	clancheck_fail	296
Rouse2016	clancheck_fail	199
Rouse2016	clancheck_fail	269
Rouse2016	clancheck_fail	661
Rouse2016	clancheck_fail	335
Rouse2016	clancheck_fail	236
Rouse2016	clancheck_fail	306
Rouse2016	clancheck_fail	229
Rouse2016	clancheck_fail	238
Rouse2016	clancheck_fail	215
Rouse2016	clancheck_fail	254
Rouse2016	clancheck_fail	261
Rouse2016	clancheck_fail	238
Rouse2016	clancheck_fail	164
Rouse2016	clancheck_fail	224
Rouse2016	clancheck_fail	335
Rouse2016	clancheck_fail	296
Rouse2016	clancheck_fail	428
Rouse2016	clancheck_fail	285
Rouse2016	clancheck_fail	347
Rouse2016	clancheck_fail	145
Rouse2016	clancheck_fail	233
Rouse2016	clancheck_fail	266
Rouse2016	clancheck_fail	507
Rouse2016	clancheck_fail	283
Rouse2016	clancheck_fail	249
Rouse2016	clancheck_fail	72
Rouse2016	clancheck_fail	386
Rouse2016	clancheck_fail	156
Rouse2016	clancheck_fail	218
Rouse2016	clancheck_fail	314
Rouse2016	clancheck_fail	213
Rouse2016	clancheck_fail	446
Rouse2016	clancheck_fail	354
Rouse2016	clancheck_fail	411
Rouse2016	clancheck_fail	503
Rouse2016	clancheck_fail	241
Rouse2016	clancheck_fail	530
Rouse2016	clancheck_fail	122
Rouse2016	clancheck_fail	278
Rouse2016	clancheck_fail	183
Rouse2016	clancheck_fail	298
Rouse2016	clancheck_fail	346
Rouse2016	clancheck_fail	251
Rouse2016	clancheck_fail	257
Rouse2016	clancheck_fail	259
Rouse2016	clancheck_fail	221
Rouse2016	clancheck_fail	168
Rouse2016	clancheck_fail	118
Rouse2016	clancheck_fail	347
Rouse2016	clancheck_fail	234
Rouse2016	clancheck_fail	192
Rouse2016	clancheck_fail	369
Rouse2016	clancheck_fail	250
Rouse2016	clancheck_fail	201
Rouse2016	clancheck_fail	351
Rouse2016	clancheck_fail	179
Rouse2016	clancheck_fail	237
Rouse2016	clancheck_fail	200
Rouse2016	clancheck_fail	113
Rouse2016	clancheck_fail	257
Rouse2016	clancheck_fail	183
Rouse2016	clancheck_fail	61
Rouse2016	clancheck_fail	174
Rouse2016	clancheck_fail	251
Rouse2016	clancheck_fail	177
Rouse2016	clancheck_fail	310
Rouse2016	clancheck_fail	399
Rouse2016	clancheck_fail	172
Rouse2016	clancheck_fail	429
Rouse2016	clancheck_fail	299
Rouse2016	clancheck_fail	282
Rouse2016	clancheck_fail	275
Rouse2016	clancheck_fail	286
Rouse2016	clancheck_fail	374
Rouse2016	clancheck_fail	214
Rouse2016	clancheck_fail	323
Rouse2016	clancheck_fail	157
Rouse2016	clancheck_fail	314
Rouse2016	clancheck_fail	563
Rouse2016	clancheck_fail	294
Rouse2016	clancheck_fail	65
Rouse2016	clancheck_fail	320
Rouse2016	clancheck_fail	240
Rouse2016	clancheck_fail	89
Rouse2016	clancheck_fail	615
Rouse2016	clancheck_fail	181
Rouse2016	clancheck_fail	328
Rouse2016	clancheck_fail	317
Rouse2016	clancheck_fail	205
Rouse2016	clancheck_fail	287
Rouse2016	clancheck_fail	450
Rouse2016	clancheck_fail	197
Rouse2016	clancheck_fail	228
Rouse2016	clancheck_fail	267
Rouse2016	clancheck_fail	356
Rouse2016	clancheck_fail	456
Rouse2016	clancheck_fail	225
Rouse2016	clancheck_fail	253
Rouse2016	clancheck_fail	270
Rouse2016	clancheck_fail	264
Rouse2016	clancheck_fail	185
Rouse2016	clancheck_fail	369
Rouse2016	clancheck_fail	181
Rouse2016	clancheck_fail	133
Rouse2016	clancheck_fail	264
Rouse2016	clancheck_fail	167
Rouse2016	clancheck_fail	389
Rouse2016	clancheck_fail	186
Rouse2016	clancheck_fail	172
Rouse2016	clancheck_fail	46
Rouse2016	clancheck_fail	230
Rouse2016	clancheck_fail	307
Rouse2016	clancheck_fail	314
Rouse2016	clancheck_fail	467
Rouse2016	clancheck_fail	143
Rouse2016	clancheck_fail	158
Rouse2016	clancheck_fail	143
Rouse2016	clancheck_fail	225
Rouse2016	clancheck_fail	109
Rouse2016	clancheck_fail	335
Rouse2016	clancheck_fail	224
Rouse2016	clancheck_fail	256
Rouse2016	clancheck_fail	158
Rouse2016	clancheck_fail	357
Rouse2016	clancheck_fail	270
Rouse2016	clancheck_fail	225
Rouse2016	clancheck_fail	187
Rouse2016	clancheck_fail	219
Rouse2016	clancheck_fail	169
Rouse2016	clancheck_fail	209
Rouse2016	clancheck_fail	208
Rouse2016	clancheck_fail	246
Rouse2016	clancheck_fail	156
Rouse2016	clancheck_fail	300
Rouse2016	clancheck_fail	508
Rouse2016	clancheck_fail	265
Rouse2016	clancheck_fail	366
Rouse2016	clancheck_fail	326
Rouse2016	clancheck_fail	200
Rouse2016	clancheck_fail	171
Rouse2016	clancheck_fail	407
Rouse2016	clancheck_fail	244
Rouse2016	clancheck_fail	126
Rouse2016	clancheck_fail	110
Rouse2016	clancheck_fail	122
Rouse2016	clancheck_fail	145
Rouse2016	clancheck_fail	193
Rouse2016	clancheck_fail	143
Rouse2016	clancheck_fail	585
Rouse2016	clancheck_fail	149
Rouse2016	clancheck_fail	386
Rouse2016	clancheck_fail	172
Rouse2016	clancheck_fail	139
Rouse2016	clancheck_fail	188
Rouse2016	clancheck_fail	110
Rouse2016	clancheck_fail	292
Rouse2016	clancheck_fail	256
Rouse2016	clancheck_fail	167
Rouse2016	clancheck_fail	114
Rouse2016	clancheck_fail	447
Rouse2016	clancheck_fail	266
Rouse2016	clancheck_fail	91
Rouse2016	clancheck_fail	147
Rouse2016	clancheck_fail	521
Rouse2016	clancheck_fail	247
Rouse2016	clancheck_fail	311
Rouse2016	clancheck_fail	195
Rouse2016	clancheck_fail	180
Rouse2016	clancheck_fail	249
Rouse2016	clancheck_fail	314
Rouse2016	clancheck_fail	350
Rouse2016	clancheck_fail	189
Rouse2016	clancheck_fail	387
Rouse2016	clancheck_fail	442
Rouse2016	clancheck_fail	264
Rouse2016	clancheck_fail	42
Rouse2016	clancheck_fail	258
Rouse2016	clancheck_fail	196
Rouse2016	clancheck_fail	610
Rouse2016	clancheck_fail	139
Rouse2016	clancheck_fail	113
Rouse2016	clancheck_fail	252
Rouse2016	clancheck_fail	209
Rouse2016	clancheck_fail	231
Rouse2016	clancheck_fail	388
Rouse2016	clancheck_fail	476
Rouse2016	clancheck_fail	251
Rouse2016	clancheck_fail	226
Rouse2016	clancheck_fail	227
Rouse2016	clancheck_fail	206
Rouse2016	clancheck_fail	129
Rouse2016	clancheck_fail	366
Rouse2016	clancheck_fail	250
Rouse2016	clancheck_fail	203
Rouse2016	clancheck_fail	298
Rouse2016	clancheck_fail	359
Rouse2016	clancheck_fail	245
Rouse2016	clancheck_fail	311
Rouse2016	clancheck_fail	83
Rouse2016	clancheck_fail	376
Rouse2016	clancheck_fail	236
Rouse2016	clancheck_fail	256
Rouse2016	clancheck_fail	227
Rouse2016	clancheck_fail	123
Rouse2016	clancheck_fail	244
Rouse2016	clancheck_fail	189
Rouse2016	clancheck_fail	291
Rouse2016	clancheck_fail	178
Rouse2016	clancheck_fail	213
Rouse2016	clancheck_fail	307
Rouse2016	clancheck_fail	137
Rouse2016	clancheck_fail	226
Rouse2016	clancheck_fail	163
Rouse2016	clancheck_fail	132
Rouse2016	clancheck_fail	146
Rouse2016	clancheck_fail	241
Rouse2016	clancheck_fail	294
Rouse2016	clancheck_fail	110
Rouse2016	clancheck_fail	172
Rouse2016	clancheck_fail	193
Rouse2016	clancheck_fail	275
Rouse2016	clancheck_fail	176
Rouse2016	clancheck_fail	213
Rouse2016	clancheck_fail	91
Rouse2016	clancheck_fail	338
Rouse2016	clancheck_fail	481
Rouse2016	clancheck_fail	234
Rouse2016	clancheck_fail	238
Rouse2016	clancheck_fail	239
Rouse2016	clancheck_fail	86
Rouse2016	clancheck_fail	487
Rouse2016	clancheck_fail	311
Rouse2016	clancheck_fail	134
Rouse2016	clancheck_fail	153
Rouse2016	clancheck_fail	280
Rouse2016	clancheck_fail	313
Rouse2016	clancheck_fail	200
Rouse2016	clancheck_fail	240
Rouse2016	clancheck_fail	247
Rouse2016	clancheck_fail	281
Rouse2016	clancheck_fail	226
Rouse2016	clancheck_fail	276
Rouse2016	clancheck_fail	279
Rouse2016	clancheck_fail	306
Rouse2016	clancheck_fail	283
Rouse2016	clancheck_fail	418
Rouse2016	clancheck_fail	282
Rouse2016	clancheck_fail	267
Rouse2016	clancheck_fail	167
Rouse2016	clancheck_fail	418
Rouse2016	clancheck_fail	242
Rouse2016	clancheck_fail	381
Rouse2016	clancheck_fail	422
Rouse2016	clancheck_fail	320
Rouse2016	clancheck_fail	125
Rouse2016	clancheck_fail	422
Rouse2016	clancheck_fail	143
Rouse2016	clancheck_fail	403
Rouse2016	clancheck_fail	271
Rouse2016	clancheck_fail	139
Rouse2016	clancheck_fail	750
Rouse2016	clancheck_fail	174
Rouse2016	clancheck_fail	108
Rouse2016	clancheck_fail	371
Rouse2016	clancheck_fail	346
Rouse2016	clancheck_fail	312
Rouse2016	clancheck_fail	222
Rouse2016	clancheck_fail	95
Rouse2016	clancheck_fail	209
Rouse2016	clancheck_fail	325
Rouse2016	clancheck_fail	507
Rouse2016	clancheck_fail	200
Rouse2016	clancheck_fail	230
Rouse2016	clancheck_fail	164
Rouse2016	clancheck_fail	167
Rouse2016	clancheck_fail	319
Rouse2016	clancheck_fail	138
Rouse2016	clancheck_fail	118
Rouse2016	clancheck_fail	245
Rouse2016	clancheck_fail	166
Rouse2016	clancheck_fail	359
Rouse2016	clancheck_fail	520
Rouse2016	clancheck_fail	208
Rouse2016	clancheck_fail	44
Rouse2016	clancheck_fail	130
Rouse2016	clancheck_fail	395
Rouse2016	clancheck_fail	293
Rouse2016	clancheck_fail	227
Rouse2016	clancheck_fail	146
Rouse2016	clancheck_fail	128
Rouse2016	clancheck_fail	294
Rouse2016	clancheck_fail	337
Rouse2016	clancheck_fail	238
Rouse2016	clancheck_fail	327
Rouse2016	clancheck_fail	185
Rouse2016	clancheck_fail	191
Rouse2016	clancheck_fail	751
Rouse2016	clancheck_fail	206
Rouse2016	clancheck_fail	221
Rouse2016	clancheck_fail	145
Rouse2016	clancheck_fail	306
Rouse2016	clancheck_fail	198
Rouse2016	clancheck_fail	277
Rouse2016	clancheck_fail	240
Rouse2016	clancheck_fail	406
Rouse2016	clancheck_fail	338
Rouse2016	clancheck_fail	188
Rouse2016	clancheck_fail	376
Rouse2016	clancheck_fail	309
Rouse2016	clancheck_fail	256
Rouse2016	clancheck_fail	277
Rouse2016	clancheck_fail	273
Rouse2016	clancheck_fail	211
Rouse2016	clancheck_fail	226
Rouse2016	clancheck_fail	276
Rouse2016	clancheck_fail	272
Rouse2016	clancheck_fail	220
Rouse2016	clancheck_fail	91
Rouse2016	clancheck_fail	119
Rouse2016	clancheck_fail	130
Rouse2016	clancheck_fail	647
Rouse2016	clancheck_fail	317
Rouse2016	clancheck_fail	245
Rouse2016	clancheck_fail	269
Rouse2016	clancheck_fail	392
Rouse2016	clancheck_fail	511
Rouse2016	clancheck_fail	165
Rouse2016	clancheck_fail	228
Rouse2016	clancheck_fail	462
Rouse2016	clancheck_fail	222
Rouse2016	clancheck_fail	264
Rouse2016	clancheck_fail	198
Rouse2016	clancheck_fail	276
Rouse2016	clancheck_fail	341
Rouse2016	clancheck_fail	184
Rouse2016	clancheck_fail	218
Rouse2016	clancheck_fail	559
Rouse2016	clancheck_fail	216
Rouse2016	clancheck_fail	226
Rouse2016	clancheck_fail	318
Rouse2016	clancheck_fail	344
Rouse2016	clancheck_fail	203
Rouse2016	clancheck_fail	210
Rouse2016	clancheck_fail	305
Rouse2016	clancheck_fail	339
Rouse2016	clancheck_fail	180
Rouse2016	clancheck_fail	273
Rouse2016	clancheck_fail	109
Rouse2016	clancheck_fail	422
Rouse2016	clancheck_fail	271
Rouse2016	clancheck_fail	309
Rouse2016	clancheck_fail	283
Rouse2016	clancheck_fail	414
Rouse2016	clancheck_fail	223
Rouse2016	clancheck_fail	226
Rouse2016	clancheck_fail	224
Rouse2016	clancheck_fail	335
Rouse2016	clancheck_fail	275
Rouse2016	clancheck_fail	336
Rouse2016	clancheck_fail	319
Rouse2016	clancheck_fail	56
Rouse2016	clancheck_fail	403
Rouse2016	clancheck_fail	138
Rouse2016	clancheck_fail	490
Rouse2016	clancheck_fail	267
Rouse2016	clancheck_fail	141
Rouse2016	clancheck_fail	181
Rouse2016	clancheck_fail	131
Rouse2016	clancheck_fail	274
Rouse2016	clancheck_fail	149
Rouse2016	clancheck_fail	271
Rouse2016	clancheck_fail	252
Rouse2016	clancheck_fail	217
Rouse2016	clancheck_fail	435
Rouse2016	clancheck_fail	221
Rouse2016	clancheck_fail	94
Rouse2016	clancheck_fail	127
Rouse2016	clancheck_fail	352
Rouse2016	clancheck_fail	208
Rouse2016	clancheck_fail	227
Rouse2016	clancheck_fail	225
Rouse2016	clancheck_fail	253
Rouse2016	clancheck_fail	307
Rouse2016	clancheck_fail	254
Rouse2016	clancheck_fail	192
Rouse2016	clancheck_fail	146
Rouse2016	clancheck_fail	225
Rouse2016	clancheck_fail	125
Rouse2016	clancheck_fail	146
Rouse2016	clancheck_fail	260
Rouse2016	clancheck_fail	248
Rouse2016	clancheck_fail	226
Rouse2016	clancheck_fail	335
Rouse2016	clancheck_fail	153
Rouse2016	clancheck_fail	208
Rouse2016	clancheck_fail	374
Rouse2016	clancheck_fail	191
Rouse2016	clancheck_fail	249
Rouse2016	clancheck_fail	270
Rouse2016	clancheck_fail	224
Rouse2016	clancheck_fail	211
Rouse2016	clancheck_fail	241
Rouse2016	clancheck_fail	162
Rouse2016	clancheck_fail	381
Rouse2016	clancheck_fail	203
Rouse2016	clancheck_fail	323
Rouse2016	clancheck_fail	173
Rouse2016	clancheck_fail	609
Rouse2016	clancheck_fail	419
Rouse2016	clancheck_fail	251
Rouse2016	clancheck_fail	228
Rouse2016	clancheck_fail	296
Rouse2016	clancheck_fail	176
Rouse2016	clancheck_fail	372
Rouse2016	clancheck_fail	289
Rouse2016	clancheck_fail	352
Rouse2016	clancheck_fail	332
Rouse2016	clancheck_fail	22
Rouse2016	clancheck_fail	173
Rouse2016	clancheck_fail	328
Rouse2016	clancheck_fail	239
Rouse2016	clancheck_fail	147
Rouse2016	clancheck_fail	312
Rouse2016	clancheck_fail	294
Rouse2016	clancheck_fail	194
Rouse2016	clancheck_fail	83
Rouse2016	clancheck_fail	207
Rouse2016	clancheck_fail	250
Rouse2016	clancheck_fail	194
Rouse2016	clancheck_fail	284
Rouse2016	clancheck_fail	218
Rouse2016	clancheck_fail	200
Rouse2016	clancheck_fail	195
Rouse2016	clancheck_fail	273
Rouse2016	clancheck_fail	190
Rouse2016	clancheck_fail	266
Rouse2016	clancheck_fail	350
Rouse2016	clancheck_fail	139
Rouse2016	clancheck_fail	232
Rouse2016	clancheck_fail	129
Rouse2016	clancheck_fail	266
Rouse2016	clancheck_fail	417
Rouse2016	clancheck_fail	250
Rouse2016	clancheck_fail	290
Rouse2016	clancheck_fail	288
Rouse2016	clancheck_fail	507
Rouse2016	clancheck_fail	312
Rouse2016	clancheck_fail	493
Rouse2016	clancheck_fail	184
Rouse2016	clancheck_fail	138
Rouse2016	clancheck_fail	192
Rouse2016	clancheck_fail	352
Rouse2016	clancheck_fail	266
Rouse2016	clancheck_fail	225
Rouse2016	clancheck_fail	242
Rouse2016	clancheck_fail	253
Rouse2016	clancheck_fail	180
Rouse2016	clancheck_fail	55
Rouse2016	clancheck_fail	219
Rouse2016	clancheck_fail	244
Rouse2016	clancheck_fail	318
Rouse2016	clancheck_fail	258
Rouse2016	clancheck_fail	192
Rouse2016	clancheck_fail	349
Rouse2016	clancheck_fail	185
Rouse2016	clancheck_fail	252
Rouse2016	clancheck_fail	335
Rouse2016	clancheck_fail	369
Rouse2016	clancheck_fail	153
Rouse2016	clancheck_fail	182
Rouse2016	clancheck_fail	166
Rouse2016	clancheck_fail	145
Rouse2016	clancheck_fail	190
Rouse2016	clancheck_fail	122
Rouse2016	clancheck_fail	164
Rouse2016	clancheck_fail	350
Rouse2016	clancheck_fail	354
Rouse2016	clancheck_fail	475
Rouse2016	clancheck_fail	157
Rouse2016	clancheck_fail	214
Rouse2016	clancheck_fail	251
Rouse2016	clancheck_fail	188
Rouse2016	clancheck_fail	442
Rouse2016	clancheck_fail	162
Rouse2016	clancheck_fail	382
Rouse2016	clancheck_fail	184
Rouse2016	clancheck_fail	334
Rouse2016	clancheck_fail	333
Rouse2016	clancheck_fail	349
Rouse2016	clancheck_fail	272
Rouse2016	clancheck_fail	163
Rouse2016	clancheck_fail	252
Rouse2016	clancheck_fail	234
Rouse2016	clancheck_fail	344
Rouse2016	clancheck_fail	263
Rouse2016	clancheck_fail	274
Rouse2016	clancheck_fail	214
Rouse2016	clancheck_fail	134
Rouse2016	clancheck_fail	316
Rouse2016	clancheck_fail	371
Rouse2016	clancheck_fail	326
Rouse2016	clancheck_fail	232
Rouse2016	clancheck_fail	224
Rouse2016	clancheck_fail	296
Rouse2016	clancheck_fail	304
Rouse2016	clancheck_fail	258
Rouse2016	clancheck_fail	372
Rouse2016	clancheck_fail	318
Rouse2016	clancheck_fail	245
Rouse2016	clancheck_fail	312
Rouse2016	clancheck_fail	238
Rouse2016	clancheck_fail	182
Rouse2016	clancheck_fail	252
Rouse2016	clancheck_fail	157
Rouse2016	clancheck_fail	153
Rouse2016	clancheck_fail	178
Rouse2016	clancheck_fail	235
Rouse2016	clancheck_fail	240
Rouse2016	clancheck_fail	348
Rouse2016	clancheck_fail	304
Rouse2016	clancheck_fail	308
Rouse2016	clancheck_fail	242
Rouse2016	clancheck_fail	109
Rouse2016	clancheck_fail	219
Rouse2016	clancheck_fail	91
Rouse2016	clancheck_fail	333
Rouse2016	clancheck_fail	242
Rouse2016	clancheck_fail	343
Rouse2016	clancheck_fail	317
Rouse2016	clancheck_fail	138
Rouse2016	clancheck_fail	141
Rouse2016	clancheck_fail	235
Rouse2016	clancheck_fail	247
Rouse2016	clancheck_fail	188
Rouse2016	clancheck_fail	264
Rouse2016	clancheck_fail	165
Rouse2016	clancheck_fail	281
Rouse2016	clancheck_fail	324
Rouse2016	clancheck_fail	292
Rouse2016	clancheck_fail	275
Rouse2016	clancheck_fail	314
Rouse2016	clancheck_fail	208
Rouse2016	clancheck_fail	161
Rouse2016	clancheck_fail	214
Rouse2016	clancheck_fail	307
Rouse2016	clancheck_fail	317
Rouse2016	clancheck_fail	273
Rouse2016	clancheck_fail	299
Rouse2016	clancheck_fail	83
Rouse2016	clancheck_fail	262
Rouse2016	clancheck_fail	254
Rouse2016	clancheck_fail	447
Rouse2016	clancheck_fail	404
Rouse2016	clancheck_fail	262
Rouse2016	clancheck_fail	183
Rouse2016	clancheck_fail	485
Rouse2016	clancheck_fail	217
Rouse2016	clancheck_fail	216
Rouse2016	clancheck_fail	63
Rouse2016	clancheck_fail	296
Rouse2016	clancheck_fail	443
Rouse2016	clancheck_fail	322
Rouse2016	clancheck_fail	161
Rouse2016	clancheck_fail	463
Rouse2016	clancheck_fail	262
Rouse2016	clancheck_fail	223
Rouse2016	clancheck_fail	353
Rouse2016	clancheck_fail	322
Rouse2016	clancheck_fail	186
Rouse2016	clancheck_fail	151
Rouse2016	clancheck_fail	213
Rouse2016	clancheck_fail	274
Rouse2016	clancheck_fail	152
Rouse2016	clancheck_fail	244
Rouse2016	clancheck_fail	121
Rouse2016	clancheck_fail	342
Rouse2016	clancheck_fail	203
Rouse2016	clancheck_fail	276
Rouse2016	clancheck_fail	334
Rouse2016	clancheck_fail	350
Rouse2016	clancheck_fail	435
Rouse2016	clancheck_fail	111
Rouse2016	clancheck_fail	111
Rouse2016	clancheck_fail	243
Rouse2016	clancheck_fail	214
Rouse2016	clancheck_fail	298
Rouse2016	clancheck_fail	150
Rouse2016	clancheck_fail	353
Rouse2016	clancheck_fail	279
Rouse2016	clancheck_fail	258
Rouse2016	clancheck_fail	330
Rouse2016	clancheck_fail	189
Rouse2016	clancheck_fail	162
Rouse2016	clancheck_fail	179
Rouse2016	clancheck_fail	153
Rouse2016	clancheck_fail	166
Rouse2016	clancheck_fail	350
Rouse2016	clancheck_fail	112
Rouse2016	clancheck_fail	462
Rouse2016	clancheck_fail	216
Rouse2016	clancheck_fail	157
Rouse2016	clancheck_fail	231
Rouse2016	clancheck_fail	207
Rouse2016	clancheck_fail	576
Rouse2016	clancheck_fail	237
Rouse2016	clancheck_fail	162
Rouse2016	clancheck_fail	132
Rouse2016	clancheck_fail	583
Rouse2016	clancheck_fail	119
Rouse2016	clancheck_fail	250
Rouse2016	clancheck_fail	243
Rouse2016	clancheck_fail	159
Rouse2016	clancheck_fail	299
Rouse2016	clancheck_fail	153
Rouse2016	clancheck_fail	221
Rouse2016	clancheck_fail	209
Rouse2016	clancheck_fail	207
Rouse2016	clancheck_fail	366
Rouse2016	clancheck_fail	252
Rouse2016	clancheck_fail	403
Rouse2016	clancheck_fail	240
Rouse2016	clancheck_fail	209
Rouse2016	clancheck_fail	253
Rouse2016	clancheck_fail	234
Rouse2016	clancheck_fail	354
Rouse2016	clancheck_fail	315
Rouse2016	clancheck_fail	377
Rouse2016	clancheck_fail	98
Rouse2016	clancheck_fail	398
Rouse2016	clancheck_fail	183
Rouse2016	clancheck_fail	319
Rouse2016	clancheck_fail	484
Rouse2016	clancheck_fail	130
Rouse2016	clancheck_fail	385
Rouse2016	clancheck_fail	515
Rouse2016	clancheck_fail	46
Rouse2016	clancheck_fail	212
Rouse2016	clancheck_fail	381
Rouse2016	clancheck_fail	279
Rouse2016	clancheck_fail	313
Rouse2016	clancheck_fail	141
Rouse2016	clancheck_fail	216
Rouse2016	clancheck_fail	363
Rouse2016	clancheck_fail	142
Rouse2016	clancheck_fail	273
Rouse2016	clancheck_fail	452
Rouse2016	clancheck_fail	281
Cannon2016	clancheck_pass	256
Cannon2016	clancheck_pass	185
Cannon2016	clancheck_pass	237
Cannon2016	clancheck_pass	144
Cannon2016	clancheck_pass	232
Cannon2016	clancheck_pass	236
Cannon2016	clancheck_pass	232
Cannon2016	clancheck_pass	221
Cannon2016	clancheck_pass	198
Cannon2016	clancheck_pass	244
Cannon2016	clancheck_pass	211
Cannon2016	clancheck_pass	204
Cannon2016	clancheck_pass	104
Cannon2016	clancheck_pass	169
Cannon2016	clancheck_pass	337
Cannon2016	clancheck_pass	200
Cannon2016	clancheck_fail	274
Cannon2016	clancheck_fail	158
Cannon2016	clancheck_fail	128
Cannon2016	clancheck_fail	185
Cannon2016	clancheck_fail	208
Cannon2016	clancheck_fail	159
Cannon2016	clancheck_fail	222
Cannon2016	clancheck_fail	81
Cannon2016	clancheck_fail	254
Cannon2016	clancheck_fail	214
Cannon2016	clancheck_fail	189
Cannon2016	clancheck_fail	130
Cannon2016	clancheck_fail	136
Cannon2016	clancheck_fail	193
Cannon2016	clancheck_fail	130
Cannon2016	clancheck_fail	173
Cannon2016	clancheck_fail	108
Cannon2016	clancheck_fail	190
Cannon2016	clancheck_fail	122
Cannon2016	clancheck_fail	112
Cannon2016	clancheck_fail	178
Cannon2016	clancheck_fail	176
Cannon2016	clancheck_fail	111
Cannon2016	clancheck_fail	158
Cannon2016	clancheck_fail	162
Cannon2016	clancheck_fail	103
Cannon2016	clancheck_fail	163
Cannon2016	clancheck_fail	196
Cannon2016	clancheck_fail	91
Cannon2016	clancheck_fail	171
Cannon2016	clancheck_fail	183
Cannon2016	clancheck_fail	211
Cannon2016	clancheck_fail	175
Cannon2016	clancheck_fail	152
Cannon2016	clancheck_fail	227
Cannon2016	clancheck_fail	212
Cannon2016	clancheck_fail	182
Cannon2016	clancheck_fail	156
Cannon2016	clancheck_fail	216
Cannon2016	clancheck_fail	106
Cannon2016	clancheck_fail	119
Cannon2016	clancheck_fail	170
Cannon2016	clancheck_fail	86
Cannon2016	clancheck_fail	181
Cannon2016	clancheck_fail	122
Cannon2016	clancheck_fail	202
Cannon2016	clancheck_fail	215
Cannon2016	clancheck_fail	204
Cannon2016	clancheck_fail	169
Cannon2016	clancheck_fail	226
Cannon2016	clancheck_fail	188
Cannon2016	clancheck_fail	381
Cannon2016	clancheck_fail	88
Cannon2016	clancheck_fail	209
Cannon2016	clancheck_fail	146
Cannon2016	clancheck_fail	152
Cannon2016	clancheck_fail	161
Cannon2016	clancheck_fail	84
Cannon2016	clancheck_fail	157
Cannon2016	clancheck_fail	205
Cannon2016	clancheck_fail	160
Cannon2016	clancheck_fail	191
Cannon2016	clancheck_fail	155
Cannon2016	clancheck_fail	160
Cannon2016	clancheck_fail	366
Cannon2016	clancheck_fail	180
Cannon2016	clancheck_fail	171
Cannon2016	clancheck_fail	110
Cannon2016	clancheck_fail	120
Cannon2016	clancheck_fail	209
Cannon2016	clancheck_fail	205
Cannon2016	clancheck_fail	281
Cannon2016	clancheck_fail	156
Cannon2016	clancheck_fail	188
Cannon2016	clancheck_fail	172
Cannon2016	clancheck_fail	158
Cannon2016	clancheck_fail	211
Cannon2016	clancheck_fail	157
Cannon2016	clancheck_fail	87
Cannon2016	clancheck_fail	288
Cannon2016	clancheck_fail	105
Cannon2016	clancheck_fail	108
Cannon2016	clancheck_fail	105
Cannon2016	clancheck_fail	343
Cannon2016	clancheck_fail	156
Cannon2016	clancheck_fail	180
Cannon2016	clancheck_fail	253
Cannon2016	clancheck_fail	126
Cannon2016	clancheck_fail	255
Cannon2016	clancheck_fail	120
Cannon2016	clancheck_fail	140
Cannon2016	clancheck_fail	117
Cannon2016	clancheck_fail	163
Cannon2016	clancheck_fail	106
Cannon2016	clancheck_fail	130
Cannon2016	clancheck_fail	159
Cannon2016	clancheck_fail	134
Cannon2016	clancheck_fail	206
Cannon2016	clancheck_fail	121
Cannon2016	clancheck_fail	255
Cannon2016	clancheck_fail	147
Cannon2016	clancheck_fail	98
Cannon2016	clancheck_fail	315
Cannon2016	clancheck_fail	91
Cannon2016	clancheck_fail	85
Cannon2016	clancheck_fail	150
Cannon2016	clancheck_fail	267
Cannon2016	clancheck_fail	110
Cannon2016	clancheck_fail	136
Cannon2016	clancheck_fail	177
Cannon2016	clancheck_fail	186
Cannon2016	clancheck_fail	234
Cannon2016	clancheck_fail	130
Cannon2016	clancheck_fail	210
Cannon2016	clancheck_fail	232
Cannon2016	clancheck_fail	196
Cannon2016	clancheck_fail	109
Cannon2016	clancheck_fail	145
Cannon2016	clancheck_fail	95
Cannon2016	clancheck_fail	221
Cannon2016	clancheck_fail	232
Cannon2016	clancheck_fail	178
Cannon2016	clancheck_fail	130
Cannon2016	clancheck_fail	162
Cannon2016	clancheck_fail	167
Cannon2016	clancheck_fail	188
Cannon2016	clancheck_fail	213
Cannon2016	clancheck_fail	139
Cannon2016	clancheck_fail	183
Cannon2016	clancheck_fail	126
Cannon2016	clancheck_fail	143
Cannon2016	clancheck_fail	145
Cannon2016	clancheck_fail	138
Cannon2016	clancheck_fail	148
Cannon2016	clancheck_fail	163
Cannon2016	clancheck_fail	230
Cannon2016	clancheck_fail	152
Cannon2016	clancheck_fail	209
Cannon2016	clancheck_fail	237
Cannon2016	clancheck_fail	163
Cannon2016	clancheck_fail	204
Cannon2016	clancheck_fail	130
Cannon2016	clancheck_fail	109
Cannon2016	clancheck_fail	212
Cannon2016	clancheck_fail	195
Cannon2016	clancheck_fail	235
Cannon2016	clancheck_fail	158
Cannon2016	clancheck_fail	186
Cannon2016	clancheck_fail	166
Cannon2016	clancheck_fail	56
Cannon2016	clancheck_fail	243
Cannon2016	clancheck_fail	116
Cannon2016	clancheck_fail	201
Cannon2016	clancheck_fail	241
Cannon2016	clancheck_fail	168
Cannon2016	clancheck_fail	229
Cannon2016	clancheck_fail	263
Cannon2016	clancheck_fail	270
Cannon2016	clancheck_fail	190
Cannon2016	clancheck_fail	136
Cannon2016	clancheck_fail	315
Cannon2016	clancheck_fail	190
Cannon2016	clancheck_fail	235
Cannon2016	clancheck_fail	263
Cannon2016	clancheck_fail	208
Cannon2016	clancheck_fail	194
Cannon2016	clancheck_fail	194
Cannon2016	clancheck_fail	90
Cannon2016	clancheck_fail	188
Cannon2016	clancheck_fail	220
Cannon2016	clancheck_fail	126
Cannon2016	clancheck_fail	104
Cannon2016	clancheck_fail	108
Cannon2016	clancheck_fail	212
Cannon2016	clancheck_fail	111
Cannon2016	clancheck_fail	152
Cannon2016	clancheck_fail	278
Cannon2016	clancheck_fail	160
Cannon2016	clancheck_fail	143
Cannon2016	clancheck_fail	279
Cannon2016	clancheck_fail	103
Cannon2016	clancheck_fail	151
Cannon2016	clancheck_fail	137
Cannon2016	clancheck_fail	206
Cannon2016	clancheck_fail	95
Cannon2016	clancheck_fail	169
Cannon2016	clancheck_fail	110
Cannon2016	clancheck_fail	165
Cannon2016	clancheck_fail	270
Cannon2016	clancheck_fail	95
Cannon2016	clancheck_fail	140
Cannon2016	clancheck_fail	96
Cannon2016	clancheck_fail	167
Cannon2016	clancheck_fail	131
Cannon2016	clancheck_fail	179
Cannon2016	clancheck_fail	115
Philippe2019	clancheck_pass	530
Philippe2019	clancheck_pass	384
Philippe2019	clancheck_pass	418
Philippe2019	clancheck_pass	254
Philippe2019	clancheck_pass	668
Philippe2019	clancheck_pass	142
Philippe2019	clancheck_pass	301
Philippe2019	clancheck_pass	541
Philippe2019	clancheck_pass	371
Philippe2019	clancheck_pass	197
Philippe2019	clancheck_pass	428
Philippe2019	clancheck_pass	540
Philippe2019	clancheck_pass	721
Philippe2019	clancheck_pass	546
Philippe2019	clancheck_pass	768
Philippe2019	clancheck_pass	337
Philippe2019	clancheck_pass	263
Philippe2019	clancheck_pass	477
Philippe2019	clancheck_pass	497
Philippe2019	clancheck_pass	456
Philippe2019	clancheck_pass	187
Philippe2019	clancheck_pass	375
Philippe2019	clancheck_pass	634
Philippe2019	clancheck_pass	301
Philippe2019	clancheck_pass	597
Philippe2019	clancheck_pass	523
Philippe2019	clancheck_pass	464
Philippe2019	clancheck_pass	454
Philippe2019	clancheck_pass	342
Philippe2019	clancheck_pass	348
Philippe2019	clancheck_pass	347
Philippe2019	clancheck_pass	180
Philippe2019	clancheck_pass	144
Philippe2019	clancheck_pass	266
Philippe2019	clancheck_pass	213
Philippe2019	clancheck_pass	321
Philippe2019	clancheck_pass	217
Philippe2019	clancheck_pass	507
Philippe2019	clancheck_pass	463
Philippe2019	clancheck_pass	252
Philippe2019	clancheck_pass	552
Philippe2019	clancheck_pass	183
Philippe2019	clancheck_pass	287
Philippe2019	clancheck_pass	258
Philippe2019	clancheck_pass	388
Philippe2019	clancheck_pass	259
Philippe2019	clancheck_pass	874
Philippe2019	clancheck_pass	213
Philippe2019	clancheck_pass	176
Philippe2019	clancheck_pass	271
Philippe2019	clancheck_pass	513
Philippe2019	clancheck_pass	367
Philippe2019	clancheck_pass	780
Philippe2019	clancheck_pass	318
Philippe2019	clancheck_pass	681
Philippe2019	clancheck_pass	286
Philippe2019	clancheck_pass	335
Philippe2019	clancheck_pass	345
Philippe2019	clancheck_pass	351
Philippe2019	clancheck_pass	403
Philippe2019	clancheck_pass	268
Philippe2019	clancheck_pass	257
Philippe2019	clancheck_pass	255
Philippe2019	clancheck_pass	258
Philippe2019	clancheck_pass	356
Philippe2019	clancheck_fail	637
Philippe2019	clancheck_fail	230
Philippe2019	clancheck_fail	130
Philippe2019	clancheck_fail	452
Philippe2019	clancheck_fail	235
Philippe2019	clancheck_fail	406
Philippe2019	clancheck_fail	301
Philippe2019	clancheck_fail	389
Philippe2019	clancheck_fail	301
Philippe2019	clancheck_fail	114
Philippe2019	clancheck_fail	142
Philippe2019	clancheck_fail	186
Philippe2019	clancheck_fail	216
Philippe2019	clancheck_fail	105
Philippe2019	clancheck_fail	140
Philippe2019	clancheck_fail	153
Philippe2019	clancheck_fail	350
Philippe2019	clancheck_fail	149
Philippe2019	clancheck_fail	113
Philippe2019	clancheck_fail	330
Philippe2019	clancheck_fail	135
Philippe2019	clancheck_fail	224
Philippe2019	clancheck_fail	213
Philippe2019	clancheck_fail	213
Philippe2019	clancheck_fail	327
Philippe2019	clancheck_fail	323
Philippe2019	clancheck_fail	348
Philippe2019	clancheck_fail	111
Philippe2019	clancheck_fail	307
Philippe2019	clancheck_fail	425
Philippe2019	clancheck_fail	390
Philippe2019	clancheck_fail	230
Philippe2019	clancheck_fail	103
Philippe2019	clancheck_fail	573
Philippe2019	clancheck_fail	248
Philippe2019	clancheck_fail	100
Philippe2019	clancheck_fail	113
Philippe2019	clancheck_fail	288
Philippe2019	clancheck_fail	95
Philippe2019	clancheck_fail	150
Philippe2019	clancheck_fail	170
Philippe2019	clancheck_fail	229
Philippe2019	clancheck_fail	143
Philippe2019	clancheck_fail	159
Philippe2019	clancheck_fail	227
Philippe2019	clancheck_fail	276
Philippe2019	clancheck_fail	683
Philippe2019	clancheck_fail	86
Philippe2019	clancheck_fail	207
Philippe2019	clancheck_fail	120
Philippe2019	clancheck_fail	655
Philippe2019	clancheck_fail	601
Philippe2019	clancheck_fail	136
Philippe2019	clancheck_fail	261
Philippe2019	clancheck_fail	458
Philippe2019	clancheck_fail	262
Philippe2019	clancheck_fail	396
Philippe2019	clancheck_fail	272
Philippe2019	clancheck_fail	157
Philippe2019	clancheck_fail	220
Philippe2019	clancheck_fail	187
Philippe2019	clancheck_fail	180
Philippe2019	clancheck_fail	498
Philippe2019	clancheck_fail	394
Philippe2019	clancheck_fail	281
Philippe2019	clancheck_fail	402
Philippe2019	clancheck_fail	86
Philippe2019	clancheck_fail	449
Philippe2019	clancheck_fail	115
Philippe2019	clancheck_fail	117
Philippe2019	clancheck_fail	119
Philippe2019	clancheck_fail	151
Philippe2019	clancheck_fail	150
Philippe2019	clancheck_fail	298
Philippe2019	clancheck_fail	104
Philippe2019	clancheck_fail	270
Philippe2019	clancheck_fail	316
Philippe2019	clancheck_fail	325
Philippe2019	clancheck_fail	373
Philippe2019	clancheck_fail	133
Philippe2019	clancheck_fail	175
Philippe2019	clancheck_fail	244
Philippe2019	clancheck_fail	200
Philippe2019	clancheck_fail	244
Philippe2019	clancheck_fail	310
Philippe2019	clancheck_fail	142
Philippe2019	clancheck_fail	99
Philippe2019	clancheck_fail	181
Philippe2019	clancheck_fail	362
Philippe2019	clancheck_fail	123
Philippe2019	clancheck_fail	274
Philippe2019	clancheck_fail	218
Philippe2019	clancheck_fail	408
Philippe2019	clancheck_fail	334
Philippe2019	clancheck_fail	351
Philippe2019	clancheck_fail	211
Philippe2019	clancheck_fail	501
Philippe2019	clancheck_fail	283
Philippe2019	clancheck_fail	158
Philippe2019	clancheck_fail	134
Philippe2019	clancheck_fail	220
Philippe2019	clancheck_fail	117
Philippe2019	clancheck_fail	277
Philippe2019	clancheck_fail	153
Philippe2019	clancheck_fail	211
Philippe2019	clancheck_fail	235
Philippe2019	clancheck_fail	318
Philippe2019	clancheck_fail	94
Philippe2019	clancheck_fail	374
Philippe2019	clancheck_fail	143
Philippe2019	clancheck_fail	498
Philippe2019	clancheck_fail	233
Philippe2019	clancheck_fail	474
Philippe2019	clancheck_fail	230
Philippe2019	clancheck_fail	228
Philippe2019	clancheck_fail	165
Philippe2019	clancheck_fail	285
Philippe2019	clancheck_fail	146
Philippe2019	clancheck_fail	74
Philippe2019	clancheck_fail	292
Philippe2019	clancheck_fail	441
Philippe2019	clancheck_fail	167
Philippe2019	clancheck_fail	181
Philippe2019	clancheck_fail	340
Philippe2019	clancheck_fail	385
Philippe2019	clancheck_fail	508
Philippe2019	clancheck_fail	393
Philippe2019	clancheck_fail	294
Philippe2019	clancheck_fail	384
Philippe2019	clancheck_fail	98
Philippe2019	clancheck_fail	170
Philippe2019	clancheck_fail	406
Philippe2019	clancheck_fail	91
Philippe2019	clancheck_fail	200
Philippe2019	clancheck_fail	502
Philippe2019	clancheck_fail	137
Philippe2019	clancheck_fail	210
Philippe2019	clancheck_fail	357
Philippe2019	clancheck_fail	118
Philippe2019	clancheck_fail	83
Philippe2019	clancheck_fail	431
Philippe2019	clancheck_fail	163
Philippe2019	clancheck_fail	153
Philippe2019	clancheck_fail	148
Philippe2019	clancheck_fail	533
Philippe2019	clancheck_fail	454
Philippe2019	clancheck_fail	186
Philippe2019	clancheck_fail	180
Philippe2019	clancheck_fail	236
Philippe2019	clancheck_fail	229
Philippe2019	clancheck_fail	423
Philippe2019	clancheck_fail	125
Philippe2019	clancheck_fail	101
Philippe2019	clancheck_fail	242
Philippe2019	clancheck_fail	318
Philippe2019	clancheck_fail	251
Philippe2019	clancheck_fail	122
Philippe2019	clancheck_fail	244
Philippe2019	clancheck_fail	280
Philippe2019	clancheck_fail	100
Philippe2019	clancheck_fail	667
Philippe2019	clancheck_fail	185
Philippe2019	clancheck_fail	174
Philippe2019	clancheck_fail	281
Philippe2019	clancheck_fail	231
Philippe2019	clancheck_fail	258
Philippe2019	clancheck_fail	166
Philippe2019	clancheck_fail	530
Philippe2019	clancheck_fail	202
Philippe2019	clancheck_fail	231
Philippe2019	clancheck_fail	173
Philippe2019	clancheck_fail	55
Philippe2019	clancheck_fail	314
Philippe2019	clancheck_fail	282
Philippe2019	clancheck_fail	118
Philippe2019	clancheck_fail	373
Philippe2019	clancheck_fail	407
Philippe2019	clancheck_fail	132
Philippe2019	clancheck_fail	200
Philippe2019	clancheck_fail	409
Philippe2019	clancheck_fail	168
Philippe2019	clancheck_fail	259
Philippe2019	clancheck_fail	136
Philippe2019	clancheck_fail	508
Philippe2019	clancheck_fail	486
Philippe2019	clancheck_fail	305
Philippe2019	clancheck_fail	430
Philippe2019	clancheck_fail	153
Philippe2019	clancheck_fail	147
Philippe2019	clancheck_fail	363
Philippe2019	clancheck_fail	278
Philippe2019	clancheck_fail	230
Philippe2019	clancheck_fail	469
Philippe2019	clancheck_fail	105
Philippe2019	clancheck_fail	109
Philippe2019	clancheck_fail	111
Philippe2019	clancheck_fail	205
Philippe2019	clancheck_fail	603
Philippe2019	clancheck_fail	246
Philippe2019	clancheck_fail	180
Philippe2019	clancheck_fail	107
Philippe2019	clancheck_fail	513
Philippe2019	clancheck_fail	268
Philippe2019	clancheck_fail	254
Philippe2019	clancheck_fail	672
Philippe2019	clancheck_fail	212
Philippe2019	clancheck_fail	497
Philippe2019	clancheck_fail	187
Philippe2019	clancheck_fail	255
Philippe2019	clancheck_fail	275
Philippe2019	clancheck_fail	291
Philippe2019	clancheck_fail	319
Philippe2019	clancheck_fail	207
Philippe2019	clancheck_fail	79
Philippe2019	clancheck_fail	446
Philippe2019	clancheck_fail	116
Philippe2019	clancheck_fail	140
Philippe2019	clancheck_fail	151
Philippe2019	clancheck_fail	217
Philippe2019	clancheck_fail	109
Philippe2019	clancheck_fail	276
Philippe2019	clancheck_fail	395
Philippe2019	clancheck_fail	130
Philippe2019	clancheck_fail	151
Philippe2019	clancheck_fail	173
Philippe2019	clancheck_fail	303
Philippe2019	clancheck_fail	111
Philippe2019	clancheck_fail	572
Philippe2019	clancheck_fail	337
Philippe2019	clancheck_fail	218
Philippe2019	clancheck_fail	81
Philippe2019	clancheck_fail	227
Philippe2019	clancheck_fail	271
Philippe2019	clancheck_fail	311
Philippe2019	clancheck_fail	86
Philippe2019	clancheck_fail	101
Philippe2019	clancheck_fail	93
Philippe2019	clancheck_fail	306
Philippe2019	clancheck_fail	267
Philippe2019	clancheck_fail	96
Philippe2019	clancheck_fail	229
Philippe2019	clancheck_fail	265
Philippe2019	clancheck_fail	481
Philippe2019	clancheck_fail	523
Philippe2019	clancheck_fail	77
Philippe2019	clancheck_fail	378
Philippe2019	clancheck_fail	323
Philippe2019	clancheck_fail	326
Philippe2019	clancheck_fail	102
Philippe2019	clancheck_fail	309
Philippe2019	clancheck_fail	123
Philippe2019	clancheck_fail	134
Philippe2019	clancheck_fail	373
Philippe2019	clancheck_fail	168
Philippe2019	clancheck_fail	249
Philippe2019	clancheck_fail	257
Philippe2019	clancheck_fail	140
Philippe2019	clancheck_fail	172
Philippe2019	clancheck_fail	200
Philippe2019	clancheck_fail	228
Philippe2019	clancheck_fail	249
Philippe2019	clancheck_fail	282
Philippe2019	clancheck_fail	134
Philippe2019	clancheck_fail	563
Philippe2019	clancheck_fail	109
Philippe2019	clancheck_fail	109
Philippe2019	clancheck_fail	152
Philippe2019	clancheck_fail	250
Philippe2019	clancheck_fail	248
Philippe2019	clancheck_fail	328
Philippe2019	clancheck_fail	239
Philippe2019	clancheck_fail	222
Philippe2019	clancheck_fail	167
Philippe2019	clancheck_fail	130
Philippe2019	clancheck_fail	245
Philippe2019	clancheck_fail	135
Philippe2019	clancheck_fail	220
Philippe2019	clancheck_fail	263
Philippe2019	clancheck_fail	377
Philippe2019	clancheck_fail	269
Philippe2019	clancheck_fail	101
Philippe2019	clancheck_fail	58
Philippe2019	clancheck_fail	306
Philippe2019	clancheck_fail	182
Philippe2019	clancheck_fail	272
Philippe2019	clancheck_fail	311
Philippe2019	clancheck_fail	265
Philippe2019	clancheck_fail	274
Philippe2019	clancheck_fail	109
Philippe2019	clancheck_fail	361
Philippe2019	clancheck_fail	275
Philippe2019	clancheck_fail	697
Philippe2019	clancheck_fail	222
Philippe2019	clancheck_fail	288
Philippe2019	clancheck_fail	186
Philippe2019	clancheck_fail	465
Philippe2019	clancheck_fail	187
Philippe2019	clancheck_fail	199
Philippe2019	clancheck_fail	106
Philippe2019	clancheck_fail	109
Philippe2019	clancheck_fail	476
Philippe2019	clancheck_fail	338
Philippe2019	clancheck_fail	281
Philippe2019	clancheck_fail	104
Philippe2019	clancheck_fail	285
Philippe2019	clancheck_fail	274
Philippe2019	clancheck_fail	182
Philippe2019	clancheck_fail	229
Philippe2019	clancheck_fail	258
Philippe2019	clancheck_fail	131
Philippe2019	clancheck_fail	429
Philippe2019	clancheck_fail	252
Philippe2019	clancheck_fail	312
Philippe2019	clancheck_fail	120
Philippe2019	clancheck_fail	219
Philippe2019	clancheck_fail	230
Philippe2019	clancheck_fail	565
Philippe2019	clancheck_fail	241
Philippe2019	clancheck_fail	98
Philippe2019	clancheck_fail	120
Philippe2019	clancheck_fail	397
Philippe2019	clancheck_fail	278
Philippe2019	clancheck_fail	514
Philippe2019	clancheck_fail	289
Philippe2019	clancheck_fail	85
Philippe2019	clancheck_fail	134
Philippe2019	clancheck_fail	223
Philippe2019	clancheck_fail	179
Philippe2019	clancheck_fail	450
Philippe2019	clancheck_fail	131
Philippe2019	clancheck_fail	255
Philippe2019	clancheck_fail	243
Philippe2019	clancheck_fail	256
Philippe2019	clancheck_fail	89
Philippe2019	clancheck_fail	236
Philippe2019	clancheck_fail	210
Philippe2019	clancheck_fail	652
Philippe2019	clancheck_fail	456
Philippe2019	clancheck_fail	309
Philippe2019	clancheck_fail	376
Philippe2019	clancheck_fail	69
Philippe2019	clancheck_fail	147
Philippe2019	clancheck_fail	270
Philippe2019	clancheck_fail	150
Philippe2019	clancheck_fail	519
Philippe2019	clancheck_fail	399
Philippe2019	clancheck_fail	520
Philippe2019	clancheck_fail	352
Philippe2019	clancheck_fail	388
Philippe2019	clancheck_fail	423
Philippe2019	clancheck_fail	308
Philippe2019	clancheck_fail	458
Philippe2019	clancheck_fail	380
Philippe2019	clancheck_fail	135
Philippe2019	clancheck_fail	477
Philippe2019	clancheck_fail	217
Philippe2019	clancheck_fail	152
Philippe2019	clancheck_fail	115
Philippe2019	clancheck_fail	175
Philippe2019	clancheck_fail	112
Philippe2019	clancheck_fail	80
Philippe2019	clancheck_fail	133
Philippe2019	clancheck_fail	299
Philippe2019	clancheck_fail	208
Philippe2019	clancheck_fail	453
Philippe2019	clancheck_fail	149
Philippe2019	clancheck_fail	493
Philippe2019	clancheck_fail	160
Philippe2019	clancheck_fail	156
Philippe2019	clancheck_fail	274
Philippe2019	clancheck_fail	346
Philippe2019	clancheck_fail	630
Philippe2019	clancheck_fail	380
Philippe2019	clancheck_fail	337
Philippe2019	clancheck_fail	500
Philippe2019	clancheck_fail	702
Philippe2019	clancheck_fail	195
Philippe2019	clancheck_fail	126
Philippe2019	clancheck_fail	102
Philippe2019	clancheck_fail	241
Philippe2019	clancheck_fail	164
Philippe2019	clancheck_fail	154
Philippe2019	clancheck_fail	320
Philippe2019	clancheck_fail	197
Philippe2019	clancheck_fail	131
Philippe2019	clancheck_fail	403
Philippe2019	clancheck_fail	306
Philippe2019	clancheck_fail	177
Philippe2019	clancheck_fail	532
Philippe2019	clancheck_fail	179
Philippe2019	clancheck_fail	73
Philippe2019	clancheck_fail	203
Philippe2019	clancheck_fail	103
Philippe2019	clancheck_fail	281
Philippe2019	clancheck_fail	493
Philippe2019	clancheck_fail	175
Philippe2019	clancheck_fail	158
Philippe2019	clancheck_fail	320
Philippe2019	clancheck_fail	321
Philippe2019	clancheck_fail	702
Philippe2019	clancheck_fail	479
Philippe2019	clancheck_fail	131
Philippe2019	clancheck_fail	298
Philippe2019	clancheck_fail	472
Philippe2019	clancheck_fail	352
Philippe2019	clancheck_fail	139
Philippe2019	clancheck_fail	298
Philippe2019	clancheck_fail	340
Philippe2019	clancheck_fail	255
Philippe2019	clancheck_fail	389
Philippe2019	clancheck_fail	352
Philippe2019	clancheck_fail	189
Philippe2019	clancheck_fail	120
Philippe2019	clancheck_fail	623
Philippe2019	clancheck_fail	254
Philippe2019	clancheck_fail	236
Philippe2019	clancheck_fail	186
Philippe2019	clancheck_fail	446
Philippe2019	clancheck_fail	282
Philippe2019	clancheck_fail	242
Philippe2019	clancheck_fail	513
Philippe2019	clancheck_fail	602
Philippe2019	clancheck_fail	215
Philippe2019	clancheck_fail	328
Philippe2019	clancheck_fail	200
Philippe2019	clancheck_fail	271
Philippe2019	clancheck_fail	135
Philippe2019	clancheck_fail	358
Philippe2019	clancheck_fail	193
Philippe2019	clancheck_fail	405
Philippe2019	clancheck_fail	120
Philippe2019	clancheck_fail	261
Philippe2019	clancheck_fail	236
Philippe2019	clancheck_fail	315
Philippe2019	clancheck_fail	476
Philippe2019	clancheck_fail	142
Philippe2019	clancheck_fail	422
Philippe2019	clancheck_fail	153
Philippe2019	clancheck_fail	59
Philippe2019	clancheck_fail	248
Philippe2019	clancheck_fail	235
Philippe2019	clancheck_fail	281
Philippe2019	clancheck_fail	240
Philippe2019	clancheck_fail	97
Philippe2019	clancheck_fail	790
Philippe2019	clancheck_fail	96
Philippe2019	clancheck_fail	443
Philippe2019	clancheck_fail	196
Philippe2019	clancheck_fail	735
Philippe2019	clancheck_fail	215
Philippe2019	clancheck_fail	99
Philippe2019	clancheck_fail	165
Philippe2019	clancheck_fail	115
Philippe2019	clancheck_fail	340
Philippe2019	clancheck_fail	235
Philippe2019	clancheck_fail	198
Philippe2019	clancheck_fail	161
Philippe2019	clancheck_fail	231
Philippe2019	clancheck_fail	268
Philippe2019	clancheck_fail	124
Philippe2019	clancheck_fail	841
Philippe2019	clancheck_fail	238
Philippe2019	clancheck_fail	143
Philippe2019	clancheck_fail	180
Philippe2019	clancheck_fail	114
Philippe2019	clancheck_fail	101
Philippe2019	clancheck_fail	298
Philippe2019	clancheck_fail	560
Philippe2019	clancheck_fail	119
Philippe2019	clancheck_fail	173
Philippe2019	clancheck_fail	152
Philippe2019	clancheck_fail	228
Philippe2019	clancheck_fail	295
Philippe2019	clancheck_fail	207
Philippe2019	clancheck_fail	486
Philippe2019	clancheck_fail	232
Philippe2019	clancheck_fail	86
Philippe2019	clancheck_fail	331
Philippe2019	clancheck_fail	334
Philippe2019	clancheck_fail	542
Philippe2019	clancheck_fail	108
Philippe2019	clancheck_fail	222
Philippe2019	clancheck_fail	212
Philippe2019	clancheck_fail	169
Philippe2019	clancheck_fail	355
Philippe2019	clancheck_fail	63
Philippe2019	clancheck_fail	199
Philippe2019	clancheck_fail	495
Philippe2019	clancheck_fail	73
Philippe2019	clancheck_fail	235
Philippe2019	clancheck_fail	251
Philippe2019	clancheck_fail	375
Philippe2019	clancheck_fail	161
Philippe2019	clancheck_fail	97
Philippe2019	clancheck_fail	144
Philippe2019	clancheck_fail	300
Philippe2019	clancheck_fail	117
Philippe2019	clancheck_fail	160
Philippe2019	clancheck_fail	77
Philippe2019	clancheck_fail	174
Philippe2019	clancheck_fail	350
Philippe2019	clancheck_fail	107
Philippe2019	clancheck_fail	257
Philippe2019	clancheck_fail	219
Philippe2019	clancheck_fail	109
Philippe2019	clancheck_fail	305
Philippe2019	clancheck_fail	165
Philippe2019	clancheck_fail	325
Philippe2019	clancheck_fail	278
Philippe2019	clancheck_fail	267
Philippe2019	clancheck_fail	653
Philippe2019	clancheck_fail	303
Philippe2019	clancheck_fail	324
Philippe2019	clancheck_fail	155
Philippe2019	clancheck_fail	105
Philippe2019	clancheck_fail	375
Philippe2019	clancheck_fail	403
Philippe2019	clancheck_fail	179
Philippe2019	clancheck_fail	203
Philippe2019	clancheck_fail	115
Philippe2019	clancheck_fail	245
Philippe2019	clancheck_fail	68
Philippe2019	clancheck_fail	252
Philippe2019	clancheck_fail	286
Philippe2019	clancheck_fail	182
Philippe2019	clancheck_fail	368
Philippe2019	clancheck_fail	118
Philippe2019	clancheck_fail	204
Philippe2019	clancheck_fail	214
Philippe2019	clancheck_fail	232
Philippe2019	clancheck_fail	230
Philippe2019	clancheck_fail	175
Philippe2019	clancheck_fail	370
Philippe2019	clancheck_fail	149
Philippe2019	clancheck_fail	222
Philippe2019	clancheck_fail	139
Philippe2019	clancheck_fail	99
Philippe2019	clancheck_fail	241
Philippe2019	clancheck_fail	388
Philippe2019	clancheck_fail	324
Philippe2019	clancheck_fail	472
Philippe2019	clancheck_fail	224
Philippe2019	clancheck_fail	138
Philippe2019	clancheck_fail	281
Philippe2019	clancheck_fail	208
Philippe2019	clancheck_fail	253
Philippe2019	clancheck_fail	265
Philippe2019	clancheck_fail	112
Philippe2019	clancheck_fail	565
Philippe2019	clancheck_fail	151
Philippe2019	clancheck_fail	431
Philippe2019	clancheck_fail	370
Philippe2019	clancheck_fail	247
Philippe2019	clancheck_fail	238
Philippe2019	clancheck_fail	253
Philippe2019	clancheck_fail	102
Philippe2019	clancheck_fail	131
Philippe2019	clancheck_fail	281
Philippe2019	clancheck_fail	291
Philippe2019	clancheck_fail	69
Philippe2019	clancheck_fail	274
Philippe2019	clancheck_fail	186
Philippe2019	clancheck_fail	321
Philippe2019	clancheck_fail	102
Philippe2019	clancheck_fail	296
Philippe2019	clancheck_fail	448
Philippe2019	clancheck_fail	249
Philippe2019	clancheck_fail	158
Philippe2019	clancheck_fail	551
Philippe2019	clancheck_fail	333
Philippe2019	clancheck_fail	550
Philippe2019	clancheck_fail	121
Philippe2019	clancheck_fail	467
Philippe2019	clancheck_fail	365
Philippe2019	clancheck_fail	123
Philippe2019	clancheck_fail	189
Philippe2019	clancheck_fail	359
Philippe2019	clancheck_fail	520
Philippe2019	clancheck_fail	278
Philippe2019	clancheck_fail	321
Philippe2019	clancheck_fail	424
Philippe2019	clancheck_fail	329
Philippe2019	clancheck_fail	135
Philippe2019	clancheck_fail	189
Philippe2019	clancheck_fail	96
Philippe2019	clancheck_fail	225
Philippe2019	clancheck_fail	141
Philippe2019	clancheck_fail	440
Philippe2019	clancheck_fail	220
Philippe2019	clancheck_fail	108
Philippe2019	clancheck_fail	182
Philippe2019	clancheck_fail	257
Philippe2019	clancheck_fail	174
Philippe2019	clancheck_fail	365
Philippe2019	clancheck_fail	332
Philippe2019	clancheck_fail	133
Philippe2019	clancheck_fail	310
Philippe2019	clancheck_fail	153
Philippe2019	clancheck_fail	347
Philippe2019	clancheck_fail	181
Philippe2019	clancheck_fail	411
Philippe2019	clancheck_fail	388
Philippe2019	clancheck_fail	166
Philippe2019	clancheck_fail	333
Philippe2019	clancheck_fail	136
Philippe2019	clancheck_fail	342
Philippe2019	clancheck_fail	85
Philippe2019	clancheck_fail	132
Philippe2019	clancheck_fail	194
Philippe2019	clancheck_fail	175
Philippe2019	clancheck_fail	282
Philippe2019	clancheck_fail	300
Philippe2019	clancheck_fail	135
Philippe2019	clancheck_fail	477
Philippe2019	clancheck_fail	241
Philippe2019	clancheck_fail	238
Philippe2019	clancheck_fail	469
Philippe2019	clancheck_fail	310
Philippe2019	clancheck_fail	194
Philippe2019	clancheck_fail	341
Philippe2019	clancheck_fail	216
Philippe2019	clancheck_fail	169
Philippe2019	clancheck_fail	164
Philippe2019	clancheck_fail	306
Philippe2019	clancheck_fail	148
Philippe2019	clancheck_fail	228
Philippe2019	clancheck_fail	334
Philippe2019	clancheck_fail	504
Philippe2019	clancheck_fail	152
Philippe2019	clancheck_fail	201
Philippe2019	clancheck_fail	320
Philippe2019	clancheck_fail	338
Philippe2019	clancheck_fail	246
Philippe2019	clancheck_fail	193
Philippe2019	clancheck_fail	257
Philippe2019	clancheck_fail	142
Philippe2019	clancheck_fail	296
Philippe2019	clancheck_fail	417
Philippe2019	clancheck_fail	170
Philippe2019	clancheck_fail	146
Philippe2019	clancheck_fail	242
Philippe2019	clancheck_fail	309
Philippe2019	clancheck_fail	190
Philippe2019	clancheck_fail	361
Philippe2019	clancheck_fail	364
Philippe2019	clancheck_fail	73
Philippe2019	clancheck_fail	508
Philippe2019	clancheck_fail	265
Philippe2019	clancheck_fail	250
Philippe2019	clancheck_fail	426
Philippe2019	clancheck_fail	298
Philippe2019	clancheck_fail	291
Philippe2019	clancheck_fail	651
Philippe2019	clancheck_fail	176
Philippe2019	clancheck_fail	191
Philippe2019	clancheck_fail	114
Philippe2019	clancheck_fail	152
Philippe2019	clancheck_fail	141
Philippe2019	clancheck_fail	162
Philippe2019	clancheck_fail	205
Philippe2019	clancheck_fail	137
Philippe2019	clancheck_fail	511
Philippe2019	clancheck_fail	249
Philippe2019	clancheck_fail	176
Philippe2019	clancheck_fail	251
Philippe2019	clancheck_fail	604
Philippe2019	clancheck_fail	450
Philippe2019	clancheck_fail	428
Philippe2019	clancheck_fail	198
Philippe2019	clancheck_fail	322
Philippe2019	clancheck_fail	315
Philippe2019	clancheck_fail	329
Philippe2019	clancheck_fail	355
Philippe2019	clancheck_fail	536
Philippe2019	clancheck_fail	227
Philippe2019	clancheck_fail	394
Philippe2019	clancheck_fail	243
Philippe2019	clancheck_fail	159
Philippe2019	clancheck_fail	75
Philippe2019	clancheck_fail	191
Philippe2019	clancheck_fail	311
Philippe2019	clancheck_fail	169
Philippe2019	clancheck_fail	227
Philippe2019	clancheck_fail	132
Philippe2019	clancheck_fail	318
Philippe2019	clancheck_fail	234
Philippe2019	clancheck_fail	183
Philippe2019	clancheck_fail	349
Philippe2019	clancheck_fail	264
Philippe2019	clancheck_fail	203
Philippe2019	clancheck_fail	127
Philippe2019	clancheck_fail	262
Philippe2019	clancheck_fail	90
Philippe2019	clancheck_fail	525
Philippe2019	clancheck_fail	252
Philippe2019	clancheck_fail	174
Philippe2019	clancheck_fail	510
Philippe2019	clancheck_fail	286
Philippe2019	clancheck_fail	373
Philippe2019	clancheck_fail	483
Philippe2019	clancheck_fail	137
Philippe2019	clancheck_fail	266
Philippe2019	clancheck_fail	498
Philippe2019	clancheck_fail	493
Philippe2019	clancheck_fail	194
Philippe2019	clancheck_fail	155
Philippe2019	clancheck_fail	357
Philippe2019	clancheck_fail	203
Philippe2019	clancheck_fail	334
Philippe2019	clancheck_fail	200
Philippe2019	clancheck_fail	137
Philippe2019	clancheck_fail	139
Philippe2019	clancheck_fail	142
Philippe2019	clancheck_fail	211
Philippe2019	clancheck_fail	355
Philippe2019	clancheck_fail	283
Philippe2019	clancheck_fail	464
Philippe2019	clancheck_fail	204
Philippe2019	clancheck_fail	240
Philippe2019	clancheck_fail	164
Philippe2019	clancheck_fail	211
Philippe2019	clancheck_fail	146
Philippe2019	clancheck_fail	205
Philippe2019	clancheck_fail	122
Philippe2019	clancheck_fail	593
Philippe2019	clancheck_fail	273
Philippe2019	clancheck_fail	83
Philippe2019	clancheck_fail	102
Philippe2019	clancheck_fail	76
Philippe2019	clancheck_fail	259
Philippe2019	clancheck_fail	371
Philippe2019	clancheck_fail	131
Philippe2019	clancheck_fail	216
Philippe2019	clancheck_fail	191
Philippe2019	clancheck_fail	276
Philippe2019	clancheck_fail	574
Philippe2019	clancheck_fail	248
Philippe2019	clancheck_fail	118
Philippe2019	clancheck_fail	103
Philippe2019	clancheck_fail	127
Philippe2019	clancheck_fail	200
Philippe2019	clancheck_fail	142
Philippe2019	clancheck_fail	196
Philippe2019	clancheck_fail	351
Philippe2019	clancheck_fail	220
Philippe2019	clancheck_fail	363
Philippe2019	clancheck_fail	120
Philippe2019	clancheck_fail	414
Philippe2019	clancheck_fail	242
Philippe2019	clancheck_fail	289
Philippe2019	clancheck_fail	511
Philippe2019	clancheck_fail	379
Philippe2019	clancheck_fail	264
Philippe2019	clancheck_fail	394
Philippe2019	clancheck_fail	306
Philippe2019	clancheck_fail	222
Philippe2019	clancheck_fail	224
Philippe2019	clancheck_fail	278
Philippe2019	clancheck_fail	198
Philippe2019	clancheck_fail	152
Philippe2019	clancheck_fail	611
Philippe2019	clancheck_fail	131
Philippe2019	clancheck_fail	479
Philippe2019	clancheck_fail	366
Philippe2019	clancheck_fail	235
Philippe2019	clancheck_fail	218
Philippe2019	clancheck_fail	339
Philippe2019	clancheck_fail	349
Philippe2019	clancheck_fail	243
Philippe2019	clancheck_fail	234
Philippe2019	clancheck_fail	197
Philippe2019	clancheck_fail	496
Philippe2019	clancheck_fail	244
Philippe2019	clancheck_fail	386
Philippe2019	clancheck_fail	192
Philippe2019	clancheck_fail	182
Philippe2019	clancheck_fail	434
Philippe2019	clancheck_fail	300
Philippe2019	clancheck_fail	95
Philippe2019	clancheck_fail	385
Philippe2019	clancheck_fail	251
Philippe2019	clancheck_fail	451
Philippe2019	clancheck_fail	92
Philippe2019	clancheck_fail	170
Philippe2019	clancheck_fail	283
Philippe2019	clancheck_fail	386
Philippe2019	clancheck_fail	82
Philippe2019	clancheck_fail	284
Philippe2019	clancheck_fail	314
Philippe2019	clancheck_fail	183
Philippe2019	clancheck_fail	358
Philippe2019	clancheck_fail	175
Philippe2019	clancheck_fail	128
Philippe2019	clancheck_fail	105
Philippe2019	clancheck_fail	327
Philippe2019	clancheck_fail	535
Philippe2019	clancheck_fail	556
Philippe2019	clancheck_fail	95
Philippe2019	clancheck_fail	149
Philippe2019	clancheck_fail	247
Philippe2019	clancheck_fail	222
Philippe2019	clancheck_fail	229
Philippe2019	clancheck_fail	181
Philippe2019	clancheck_fail	270
Philippe2019	clancheck_fail	476
Philippe2019	clancheck_fail	211
Philippe2019	clancheck_fail	220
Philippe2019	clancheck_fail	171
Philippe2019	clancheck_fail	124
Philippe2019	clancheck_fail	374
Philippe2019	clancheck_fail	97
Philippe2019	clancheck_fail	362
Philippe2019	clancheck_fail	124
Philippe2019	clancheck_fail	361
Philippe2019	clancheck_fail	225
Philippe2019	clancheck_fail	161
Philippe2019	clancheck_fail	107
Philippe2019	clancheck_fail	365
Philippe2019	clancheck_fail	189
Philippe2019	clancheck_fail	204
Philippe2019	clancheck_fail	284
Philippe2019	clancheck_fail	324
Philippe2019	clancheck_fail	481
Philippe2019	clancheck_fail	135
Philippe2019	clancheck_fail	205
Philippe2019	clancheck_fail	68
Philippe2019	clancheck_fail	21
Philippe2019	clancheck_fail	241
Philippe2019	clancheck_fail	280
Philippe2019	clancheck_fail	151
Philippe2019	clancheck_fail	107
Philippe2019	clancheck_fail	147
Philippe2019	clancheck_fail	328
Philippe2019	clancheck_fail	390
Philippe2019	clancheck_fail	303
Philippe2019	clancheck_fail	266
Philippe2019	clancheck_fail	174
Philippe2019	clancheck_fail	335
Philippe2019	clancheck_fail	130
Philippe2019	clancheck_fail	163
Philippe2019	clancheck_fail	133
Philippe2019	clancheck_fail	115
Philippe2019	clancheck_fail	468
Philippe2019	clancheck_fail	293
Philippe2019	clancheck_fail	211
Philippe2019	clancheck_fail	901
Philippe2019	clancheck_fail	389
Philippe2019	clancheck_fail	250
Philippe2019	clancheck_fail	167
Philippe2019	clancheck_fail	181
Philippe2019	clancheck_fail	191
Philippe2019	clancheck_fail	242
Philippe2019	clancheck_fail	134
Philippe2019	clancheck_fail	232
Philippe2019	clancheck_fail	199
Philippe2019	clancheck_fail	242
Philippe2019	clancheck_fail	155
Philippe2019	clancheck_fail	301
Philippe2019	clancheck_fail	666
Philippe2019	clancheck_fail	165
Philippe2019	clancheck_fail	317
Philippe2019	clancheck_fail	321
Philippe2019	clancheck_fail	217
Philippe2019	clancheck_fail	466
Philippe2019	clancheck_fail	143
Philippe2019	clancheck_fail	257
Philippe2019	clancheck_fail	259
Philippe2019	clancheck_fail	281
Philippe2019	clancheck_fail	103
Philippe2019	clancheck_fail	331
Philippe2019	clancheck_fail	350
Philippe2019	clancheck_fail	375
Philippe2019	clancheck_fail	409
Philippe2019	clancheck_fail	249
Philippe2019	clancheck_fail	290
Philippe2019	clancheck_fail	286
Philippe2019	clancheck_fail	214
Philippe2019	clancheck_fail	304
Philippe2019	clancheck_fail	162
Philippe2019	clancheck_fail	252
Philippe2019	clancheck_fail	119
Philippe2019	clancheck_fail	194
Philippe2019	clancheck_fail	364
Philippe2019	clancheck_fail	146
Philippe2019	clancheck_fail	198
Philippe2019	clancheck_fail	257
Philippe2019	clancheck_fail	322
Philippe2019	clancheck_fail	176
Philippe2019	clancheck_fail	191
Philippe2019	clancheck_fail	313
Philippe2019	clancheck_fail	474
Philippe2019	clancheck_fail	259
Philippe2019	clancheck_fail	290
Philippe2019	clancheck_fail	214
Philippe2019	clancheck_fail	454
Philippe2019	clancheck_fail	87
Philippe2019	clancheck_fail	229
Philippe2019	clancheck_fail	377
Philippe2019	clancheck_fail	279
Philippe2019	clancheck_fail	393
Philippe2019	clancheck_fail	167
Philippe2019	clancheck_fail	175
Philippe2019	clancheck_fail	231
Philippe2019	clancheck_fail	134
Philippe2019	clancheck_fail	419
Philippe2019	clancheck_fail	230
Philippe2019	clancheck_fail	133
Philippe2019	clancheck_fail	382
Philippe2019	clancheck_fail	314
Philippe2019	clancheck_fail	252
Philippe2019	clancheck_fail	402
Philippe2019	clancheck_fail	205
Philippe2019	clancheck_fail	258
Philippe2019	clancheck_fail	100
Philippe2019	clancheck_fail	355
Philippe2019	clancheck_fail	130
Philippe2019	clancheck_fail	293
Philippe2019	clancheck_fail	144
Philippe2019	clancheck_fail	105
Philippe2019	clancheck_fail	443
Philippe2019	clancheck_fail	116
Philippe2019	clancheck_fail	400
Philippe2019	clancheck_fail	224
Philippe2019	clancheck_fail	649
Philippe2019	clancheck_fail	322
Philippe2019	clancheck_fail	254
Philippe2019	clancheck_fail	121
Philippe2019	clancheck_fail	94
Philippe2019	clancheck_fail	208
Philippe2019	clancheck_fail	177
Philippe2019	clancheck_fail	270
Philippe2019	clancheck_fail	312
Philippe2019	clancheck_fail	306
Philippe2019	clancheck_fail	615
Philippe2019	clancheck_fail	110
Philippe2019	clancheck_fail	369
Philippe2019	clancheck_fail	72
Philippe2019	clancheck_fail	146
Philippe2019	clancheck_fail	335
Philippe2019	clancheck_fail	418
Philippe2019	clancheck_fail	165
Philippe2019	clancheck_fail	143
Philippe2019	clancheck_fail	192
Philippe2019	clancheck_fail	214
Philippe2019	clancheck_fail	167
Philippe2019	clancheck_fail	299
Philippe2019	clancheck_fail	345
Philippe2019	clancheck_fail	262
Philippe2019	clancheck_fail	186
Philippe2019	clancheck_fail	309
Philippe2019	clancheck_fail	166
Philippe2019	clancheck_fail	129
Philippe2019	clancheck_fail	120
Philippe2019	clancheck_fail	327
Philippe2019	clancheck_fail	157
Philippe2019	clancheck_fail	115
Philippe2019	clancheck_fail	133
Philippe2019	clancheck_fail	174
Philippe2019	clancheck_fail	147
Philippe2019	clancheck_fail	134
Philippe2019	clancheck_fail	747
Philippe2019	clancheck_fail	398
Philippe2019	clancheck_fail	228
Philippe2019	clancheck_fail	327
Philippe2019	clancheck_fail	291
Philippe2019	clancheck_fail	262
Philippe2019	clancheck_fail	431
Philippe2019	clancheck_fail	241
Philippe2019	clancheck_fail	225
Philippe2019	clancheck_fail	172
Philippe2019	clancheck_fail	394
Philippe2019	clancheck_fail	144
Philippe2019	clancheck_fail	327
Philippe2019	clancheck_fail	216
Philippe2019	clancheck_fail	60
Philippe2019	clancheck_fail	267
Philippe2019	clancheck_fail	377
Philippe2019	clancheck_fail	265
Philippe2019	clancheck_fail	165
Philippe2019	clancheck_fail	782
Philippe2019	clancheck_fail	115
Philippe2019	clancheck_fail	100
Philippe2019	clancheck_fail	126
Philippe2019	clancheck_fail	140
Philippe2019	clancheck_fail	216
Philippe2019	clancheck_fail	84
Philippe2019	clancheck_fail	204
Philippe2019	clancheck_fail	144
Philippe2019	clancheck_fail	269
Philippe2019	clancheck_fail	166
Philippe2019	clancheck_fail	288
Philippe2019	clancheck_fail	125
Philippe2019	clancheck_fail	140
Philippe2019	clancheck_fail	195
Philippe2019	clancheck_fail	467
Philippe2019	clancheck_fail	146
Philippe2019	clancheck_fail	390
Philippe2019	clancheck_fail	222
Philippe2019	clancheck_fail	193
Philippe2019	clancheck_fail	238
Philippe2019	clancheck_fail	429
Philippe2019	clancheck_fail	218
Philippe2019	clancheck_fail	168
Philippe2019	clancheck_fail	331
Philippe2019	clancheck_fail	555
Philippe2019	clancheck_fail	354
Philippe2019	clancheck_fail	211
Philippe2019	clancheck_fail	442
Philippe2019	clancheck_fail	146
Philippe2019	clancheck_fail	121
Philippe2019	clancheck_fail	149
Philippe2019	clancheck_fail	132
Philippe2019	clancheck_fail	102
Philippe2019	clancheck_fail	357
Philippe2019	clancheck_fail	391
Philippe2019	clancheck_fail	167
Philippe2019	clancheck_fail	840
Philippe2019	clancheck_fail	344
Philippe2019	clancheck_fail	266
Philippe2019	clancheck_fail	588
Philippe2019	clancheck_fail	345
Philippe2019	clancheck_fail	256
Philippe2019	clancheck_fail	85
Philippe2019	clancheck_fail	406
Philippe2019	clancheck_fail	108
Philippe2019	clancheck_fail	557
Philippe2019	clancheck_fail	84
Philippe2019	clancheck_fail	88
Philippe2019	clancheck_fail	203
Philippe2019	clancheck_fail	221
Philippe2019	clancheck_fail	244
Philippe2019	clancheck_fail	274
Philippe2019	clancheck_fail	184
Philippe2019	clancheck_fail	329
Philippe2019	clancheck_fail	280
Philippe2019	clancheck_fail	241
Philippe2019	clancheck_fail	145
Philippe2019	clancheck_fail	513
Philippe2019	clancheck_fail	109
Philippe2019	clancheck_fail	104
Philippe2019	clancheck_fail	344
Philippe2019	clancheck_fail	234
Philippe2019	clancheck_fail	73
Philippe2019	clancheck_fail	230
Philippe2019	clancheck_fail	312
Philippe2019	clancheck_fail	159
Philippe2019	clancheck_fail	295
Philippe2019	clancheck_fail	661
Philippe2019	clancheck_fail	299
Philippe2019	clancheck_fail	411
Philippe2019	clancheck_fail	309
Philippe2019	clancheck_fail	121
Philippe2019	clancheck_fail	221
Philippe2019	clancheck_fail	310
Philippe2019	clancheck_fail	238
Philippe2019	clancheck_fail	211
Philippe2019	clancheck_fail	180
Philippe2019	clancheck_fail	416
Philippe2019	clancheck_fail	205
Philippe2019	clancheck_fail	173
Philippe2019	clancheck_fail	279
Philippe2019	clancheck_fail	434
Philippe2019	clancheck_fail	153
Philippe2019	clancheck_fail	158
Philippe2019	clancheck_fail	534
Philippe2019	clancheck_fail	153
Philippe2019	clancheck_fail	157
Philippe2019	clancheck_fail	275
Philippe2019	clancheck_fail	229
Philippe2019	clancheck_fail	129
Philippe2019	clancheck_fail	301
Philippe2019	clancheck_fail	209
Philippe2019	clancheck_fail	159
Philippe2019	clancheck_fail	325
Philippe2019	clancheck_fail	199
Philippe2019	clancheck_fail	408
Philippe2019	clancheck_fail	302
Philippe2019	clancheck_fail	182
Philippe2019	clancheck_fail	131
Philippe2019	clancheck_fail	283
Philippe2019	clancheck_fail	248
Philippe2019	clancheck_fail	393
Philippe2019	clancheck_fail	263
Philippe2019	clancheck_fail	281
Philippe2019	clancheck_fail	627
Philippe2019	clancheck_fail	152
Philippe2019	clancheck_fail	347
Philippe2019	clancheck_fail	220
Philippe2019	clancheck_fail	178
Philippe2019	clancheck_fail	229
Philippe2019	clancheck_fail	198
Philippe2019	clancheck_fail	138
Philippe2019	clancheck_fail	89
Philippe2019	clancheck_fail	170
Philippe2019	clancheck_fail	174
Philippe2019	clancheck_fail	160
Philippe2019	clancheck_fail	349
Philippe2019	clancheck_fail	220
Philippe2019	clancheck_fail	277
Philippe2019	clancheck_fail	377
Philippe2019	clancheck_fail	105
Philippe2019	clancheck_fail	426
Philippe2019	clancheck_fail	375
Philippe2019	clancheck_fail	224
Philippe2019	clancheck_fail	292
Philippe2019	clancheck_fail	229
Philippe2019	clancheck_fail	163
Philippe2019	clancheck_fail	342
